,qmof_id,pld,density,volume,ddec_charge_i,atom_i,U
0,qmof-0091bbc,3.81269,1.592058499852952,1170.8964439673534,0.23439,Cu,13.2713
24,qmof-0091bbc,3.81269,1.592058499852952,1170.8964439673534,0.234423,Cu,13.2714
48,qmof-0091bbc,3.81269,1.592058499852952,1170.8964439673534,0.234366,Cu,13.2713
72,qmof-0091bbc,3.81269,1.592058499852952,1170.8964439673534,-0.297503,Cu,13.2712
96,qmof-0091bbc,3.81269,1.592058499852952,1170.8964439673534,-0.297568,S,3.8321
120,qmof-0091bbc,3.81269,1.592058499852952,1170.8964439673534,-0.297412,S,3.8321
144,qmof-0091bbc,3.81269,1.592058499852952,1170.8964439673534,-0.297531,S,3.8319
168,qmof-0091bbc,3.81269,1.592058499852952,1170.8964439673534,-0.38991,S,3.8321
192,qmof-0091bbc,3.81269,1.592058499852952,1170.8964439673534,-0.389836,Br,4.9638
216,qmof-0091bbc,3.81269,1.592058499852952,1170.8964439673534,-0.389914,Br,4.9639
240,qmof-0091bbc,3.81269,1.592058499852952,1170.8964439673534,-0.389887,Br,4.964
264,qmof-0091bbc,3.81269,1.592058499852952,1170.8964439673534,0.095005,Br,4.9638
516,qmof-00c8700,5.15664,0.7456257879349211,4534.52048486268,-0.585156,O,8.1821
554,qmof-00c8700,5.15664,0.7456257879349211,4534.52048486268,-0.586816,O,8.151
592,qmof-00c8700,5.15664,0.7456257879349211,4534.52048486268,-0.587728,O,8.1515
630,qmof-00c8700,5.15664,0.7456257879349211,4534.52048486268,-0.604843,O,8.1769
668,qmof-00c8700,5.15664,0.7456257879349211,4534.52048486268,-0.60623,O,8.0939
706,qmof-00c8700,5.15664,0.7456257879349211,4534.52048486268,-0.606574,O,8.018
744,qmof-00c8700,5.15664,0.7456257879349211,4534.52048486268,-0.60306,O,8.0173
782,qmof-00c8700,5.15664,0.7456257879349211,4534.52048486268,-1.158375,O,8.1036
820,qmof-00c8700,5.15664,0.7456257879349211,4534.52048486268,-1.156988,O,8.233
858,qmof-00c8700,5.15664,0.7456257879349211,4534.52048486268,-1.077455,O,8.2335
896,qmof-00c8700,5.15664,0.7456257879349211,4534.52048486268,-1.082258,O,7.6909
934,qmof-00c8700,5.15664,0.7456257879349211,4534.52048486268,-0.587705,O,7.6906
972,qmof-00c8700,5.15664,0.7456257879349211,4534.52048486268,-0.588444,O,8.177
1010,qmof-00c8700,5.15664,0.7456257879349211,4534.52048486268,-0.586283,O,8.1456
1048,qmof-00c8700,5.15664,0.7456257879349211,4534.52048486268,-0.586536,O,8.1502
1086,qmof-00c8700,5.15664,0.7456257879349211,4534.52048486268,-0.586739,O,8.1817
1124,qmof-00c8700,5.15664,0.7456257879349211,4534.52048486268,-0.588005,O,8.1448
1162,qmof-00c8700,5.15664,0.7456257879349211,4534.52048486268,-0.586473,O,8.1768
1200,qmof-00c8700,5.15664,0.7456257879349211,4534.52048486268,-0.587054,O,8.1815
1238,qmof-00c8700,5.15664,0.7456257879349211,4534.52048486268,-0.604259,O,8.1449
1276,qmof-00c8700,5.15664,0.7456257879349211,4534.52048486268,-0.607945,O,8.103
1314,qmof-00c8700,5.15664,0.7456257879349211,4534.52048486268,-0.606707,O,8.02
1352,qmof-00c8700,5.15664,0.7456257879349211,4534.52048486268,-0.604931,O,8.0185
1390,qmof-00c8700,5.15664,0.7456257879349211,4534.52048486268,-0.606925,O,8.0943
1428,qmof-00c8700,5.15664,0.7456257879349211,4534.52048486268,-0.603336,O,8.0204
1466,qmof-00c8700,5.15664,0.7456257879349211,4534.52048486268,-0.604495,O,8.1028
1504,qmof-00c8700,5.15664,0.7456257879349211,4534.52048486268,-0.607545,O,8.0944
1542,qmof-00c8700,5.15664,0.7456257879349211,4534.52048486268,-1.157339,O,8.0193
1580,qmof-00c8700,5.15664,0.7456257879349211,4534.52048486268,-1.157664,O,8.231
1618,qmof-00c8700,5.15664,0.7456257879349211,4534.52048486268,-1.083033,O,8.2334
1656,qmof-00c8700,5.15664,0.7456257879349211,4534.52048486268,-1.081749,O,7.6904
1694,qmof-00c8700,5.15664,0.7456257879349211,4534.52048486268,0.423759,O,7.6907
1884,qmof-0147aef,15.96155,0.4891602455280695,5812.031552061671,2.361107,Zr,3.2584
1922,qmof-0147aef,15.96155,0.4891602455280695,5812.031552061671,-0.617204,Zr,3.2614
1960,qmof-0147aef,15.96155,0.4891602455280695,5812.031552061671,-0.610573,O,8.0755
1998,qmof-0147aef,15.96155,0.4891602455280695,5812.031552061671,-0.60727,O,8.0539
2036,qmof-0147aef,15.96155,0.4891602455280695,5812.031552061671,-0.606594,O,8.143
2074,qmof-0147aef,15.96155,0.4891602455280695,5812.031552061671,-0.634868,O,8.0856
2112,qmof-0147aef,15.96155,0.4891602455280695,5812.031552061671,-0.603225,O,8.1873
2150,qmof-0147aef,15.96155,0.4891602455280695,5812.031552061671,-0.602787,O,8.1001
2188,qmof-0147aef,15.96155,0.4891602455280695,5812.031552061671,-0.616705,O,8.2075
2226,qmof-0147aef,15.96155,0.4891602455280695,5812.031552061671,-0.948208,O,8.0479
2264,qmof-0147aef,15.96155,0.4891602455280695,5812.031552061671,-0.812676,O,7.4561
2302,qmof-0147aef,15.96155,0.4891602455280695,5812.031552061671,-0.772382,O,7.3
2378,qmof-0147aef,15.96155,0.4891602455280695,5812.031552061671,-1.178397,O,7.4846
2416,qmof-0147aef,15.96155,0.4891602455280695,5812.031552061671,-1.053645,O,8.3381
2454,qmof-0147aef,15.96155,0.4891602455280695,5812.031552061671,-0.657983,O,7.805
2492,qmof-0147aef,15.96155,0.4891602455280695,5812.031552061671,-0.592118,O,8.1447
2530,qmof-0147aef,15.96155,0.4891602455280695,5812.031552061671,-0.657153,O,8.1142
2568,qmof-0147aef,15.96155,0.4891602455280695,5812.031552061671,-0.585356,O,8.1597
2606,qmof-0147aef,15.96155,0.4891602455280695,5812.031552061671,-0.638456,O,8.1368
2644,qmof-0147aef,15.96155,0.4891602455280695,5812.031552061671,-0.591204,O,8.2162
2682,qmof-0147aef,15.96155,0.4891602455280695,5812.031552061671,-0.598861,O,8.1236
2720,qmof-0147aef,15.96155,0.4891602455280695,5812.031552061671,-0.614929,O,8.1008
2758,qmof-0147aef,15.96155,0.4891602455280695,5812.031552061671,-0.807994,O,8.0416
2796,qmof-0147aef,15.96155,0.4891602455280695,5812.031552061671,-0.929162,O,7.3759
2834,qmof-0147aef,15.96155,0.4891602455280695,5812.031552061671,-0.937255,O,7.7388
2872,qmof-0147aef,15.96155,0.4891602455280695,5812.031552061671,-0.779003,O,7.8108
2948,qmof-0147aef,15.96155,0.4891602455280695,5812.031552061671,-1.16532,O,7.6964
2986,qmof-0147aef,15.96155,0.4891602455280695,5812.031552061671,-1.180813,O,8.2917
3024,qmof-0147aef,15.96155,0.4891602455280695,5812.031552061671,-1.065849,O,8.2488
3062,qmof-0147aef,15.96155,0.4891602455280695,5812.031552061671,-1.037585,O,7.8076
3100,qmof-0147aef,15.96155,0.4891602455280695,5812.031552061671,-1.164296,O,7.7558
3138,qmof-0147aef,15.96155,0.4891602455280695,5812.031552061671,0.125849,O,8.3887
3176,qmof-02883dc,3.63943,0.8843266513232578,4861.814364642944,2.37235,Zr,3.2425
3220,qmof-02883dc,3.63943,0.8843266513232578,4861.814364642944,2.371743,Zr,3.2424
3264,qmof-02883dc,3.63943,0.8843266513232578,4861.814364642944,2.372426,Zr,3.2403
3308,qmof-02883dc,3.63943,0.8843266513232578,4861.814364642944,2.372535,Zr,3.2408
3352,qmof-02883dc,3.63943,0.8843266513232578,4861.814364642944,2.372876,Zr,3.2501
3396,qmof-02883dc,3.63943,0.8843266513232578,4861.814364642944,-0.623551,Zr,3.249
3440,qmof-02883dc,3.63943,0.8843266513232578,4861.814364642944,-0.623021,O,8.1461
3484,qmof-02883dc,3.63943,0.8843266513232578,4861.814364642944,-0.624758,O,8.1454
3528,qmof-02883dc,3.63943,0.8843266513232578,4861.814364642944,-0.62518,O,8.1423
3572,qmof-02883dc,3.63943,0.8843266513232578,4861.814364642944,-0.610459,O,8.1331
3616,qmof-02883dc,3.63943,0.8843266513232578,4861.814364642944,-0.621379,O,8.25
3660,qmof-02883dc,3.63943,0.8843266513232578,4861.814364642944,-0.611499,O,8.1355
3704,qmof-02883dc,3.63943,0.8843266513232578,4861.814364642944,-0.622879,O,8.2513
3748,qmof-02883dc,3.63943,0.8843266513232578,4861.814364642944,-0.621657,O,8.1342
3792,qmof-02883dc,3.63943,0.8843266513232578,4861.814364642944,-0.621544,O,8.1453
3836,qmof-02883dc,3.63943,0.8843266513232578,4861.814364642944,-0.621993,O,8.1279
3880,qmof-02883dc,3.63943,0.8843266513232578,4861.814364642944,-0.619661,O,8.1366
3924,qmof-02883dc,3.63943,0.8843266513232578,4861.814364642944,-0.623933,O,8.1453
3968,qmof-02883dc,3.63943,0.8843266513232578,4861.814364642944,-0.624231,O,8.1245
4012,qmof-02883dc,3.63943,0.8843266513232578,4861.814364642944,-0.627896,O,8.1242
4056,qmof-02883dc,3.63943,0.8843266513232578,4861.814364642944,-0.628594,O,8.1546
4100,qmof-02883dc,3.63943,0.8843266513232578,4861.814364642944,-0.609727,O,8.1551
4144,qmof-02883dc,3.63943,0.8843266513232578,4861.814364642944,-0.623237,O,8.2424
4188,qmof-02883dc,3.63943,0.8843266513232578,4861.814364642944,-0.610683,O,8.1313
4232,qmof-02883dc,3.63943,0.8843266513232578,4861.814364642944,-0.622679,O,8.2437
4276,qmof-02883dc,3.63943,0.8843266513232578,4861.814364642944,-0.620867,O,8.1292
4320,qmof-02883dc,3.63943,0.8843266513232578,4861.814364642944,-0.622125,O,8.1437
4364,qmof-02883dc,3.63943,0.8843266513232578,4861.814364642944,-0.622036,O,8.1436
4408,qmof-02883dc,3.63943,0.8843266513232578,4861.814364642944,-0.620072,O,8.1433
4452,qmof-02883dc,3.63943,0.8843266513232578,4861.814364642944,-1.066574,O,8.1428
4496,qmof-02883dc,3.63943,0.8843266513232578,4861.814364642944,-1.068002,O,7.7221
4540,qmof-02883dc,3.63943,0.8843266513232578,4861.814364642944,-1.067328,O,7.722
4584,qmof-02883dc,3.63943,0.8843266513232578,4861.814364642944,-1.068339,O,7.7282
4628,qmof-02883dc,3.63943,0.8843266513232578,4861.814364642944,-1.146525,O,7.7279
4672,qmof-02883dc,3.63943,0.8843266513232578,4861.814364642944,-1.146875,O,8.2727
4716,qmof-02883dc,3.63943,0.8843266513232578,4861.814364642944,-1.149168,O,8.2806
4760,qmof-02883dc,3.63943,0.8843266513232578,4861.814364642944,-1.149336,O,8.2914
4804,qmof-02883dc,3.63943,0.8843266513232578,4861.814364642944,-0.53822,O,8.2837
4848,qmof-02883dc,3.63943,0.8843266513232578,4861.814364642944,-0.511609,O,7.2283
4892,qmof-02883dc,3.63943,0.8843266513232578,4861.814364642944,-0.536711,O,8.7736
4980,qmof-02883dc,3.63943,0.8843266513232578,4861.814364642944,-0.511745,O,7.2305
5024,qmof-02883dc,3.63943,0.8843266513232578,4861.814364642944,-0.536482,O,8.7761
5112,qmof-031e1d8,4.23275,0.8883499686508648,4861.679626302229,2.371752,Zr,3.241
5162,qmof-031e1d8,4.23275,0.8883499686508648,4861.679626302229,2.371735,Zr,3.241
5212,qmof-031e1d8,4.23275,0.8883499686508648,4861.679626302229,2.371718,Zr,3.241
5262,qmof-031e1d8,4.23275,0.8883499686508648,4861.679626302229,2.37172,Zr,3.241
5312,qmof-031e1d8,4.23275,0.8883499686508648,4861.679626302229,2.371709,Zr,3.241
5362,qmof-031e1d8,4.23275,0.8883499686508648,4861.679626302229,-0.621059,Zr,3.241
5412,qmof-031e1d8,4.23275,0.8883499686508648,4861.679626302229,-0.621118,O,8.1725
5462,qmof-031e1d8,4.23275,0.8883499686508648,4861.679626302229,-0.621082,O,8.1725
5512,qmof-031e1d8,4.23275,0.8883499686508648,4861.679626302229,-0.621094,O,8.1726
5562,qmof-031e1d8,4.23275,0.8883499686508648,4861.679626302229,-0.621171,O,8.1726
5612,qmof-031e1d8,4.23275,0.8883499686508648,4861.679626302229,-0.621131,O,8.1726
5662,qmof-031e1d8,4.23275,0.8883499686508648,4861.679626302229,-0.621044,O,8.1725
5712,qmof-031e1d8,4.23275,0.8883499686508648,4861.679626302229,-0.621113,O,8.1726
5762,qmof-031e1d8,4.23275,0.8883499686508648,4861.679626302229,-0.621118,O,8.1726
5812,qmof-031e1d8,4.23275,0.8883499686508648,4861.679626302229,-0.621054,O,8.1725
5862,qmof-031e1d8,4.23275,0.8883499686508648,4861.679626302229,-0.621113,O,8.1726
5912,qmof-031e1d8,4.23275,0.8883499686508648,4861.679626302229,-0.621064,O,8.1725
5962,qmof-031e1d8,4.23275,0.8883499686508648,4861.679626302229,-0.625355,O,8.1726
6012,qmof-031e1d8,4.23275,0.8883499686508648,4861.679626302229,-0.625339,O,8.1473
6062,qmof-031e1d8,4.23275,0.8883499686508648,4861.679626302229,-0.625338,O,8.1472
6112,qmof-031e1d8,4.23275,0.8883499686508648,4861.679626302229,-0.625352,O,8.1472
6162,qmof-031e1d8,4.23275,0.8883499686508648,4861.679626302229,-0.62536,O,8.1473
6212,qmof-031e1d8,4.23275,0.8883499686508648,4861.679626302229,-0.625359,O,8.1472
6262,qmof-031e1d8,4.23275,0.8883499686508648,4861.679626302229,-0.625379,O,8.1473
6312,qmof-031e1d8,4.23275,0.8883499686508648,4861.679626302229,-0.625379,O,8.1472
6362,qmof-031e1d8,4.23275,0.8883499686508648,4861.679626302229,-0.625375,O,8.1472
6412,qmof-031e1d8,4.23275,0.8883499686508648,4861.679626302229,-0.625339,O,8.1472
6462,qmof-031e1d8,4.23275,0.8883499686508648,4861.679626302229,-0.625391,O,8.1472
6512,qmof-031e1d8,4.23275,0.8883499686508648,4861.679626302229,-0.625377,O,8.1472
6562,qmof-031e1d8,4.23275,0.8883499686508648,4861.679626302229,-1.065624,O,8.1472
6612,qmof-031e1d8,4.23275,0.8883499686508648,4861.679626302229,-1.065676,O,7.7247
6662,qmof-031e1d8,4.23275,0.8883499686508648,4861.679626302229,-1.065626,O,7.7247
6712,qmof-031e1d8,4.23275,0.8883499686508648,4861.679626302229,-1.065618,O,7.7247
6762,qmof-031e1d8,4.23275,0.8883499686508648,4861.679626302229,-1.147333,O,7.7247
6812,qmof-031e1d8,4.23275,0.8883499686508648,4861.679626302229,-1.147318,O,8.2743
6862,qmof-031e1d8,4.23275,0.8883499686508648,4861.679626302229,-1.147295,O,8.2743
6912,qmof-031e1d8,4.23275,0.8883499686508648,4861.679626302229,-1.14725,O,8.2743
6962,qmof-031e1d8,4.23275,0.8883499686508648,4861.679626302229,-0.431858,O,8.2743
8012,qmof-03a39a4,3.53537,1.831896423408166,746.008825285682,-0.314879,S,2.8155
8092,qmof-03a39a4,3.53537,1.831896423408166,746.008825285682,-0.318014,S,1.7466
8172,qmof-03a39a4,3.53537,1.831896423408166,746.008825285682,-0.232607,S,2.6472
8252,qmof-03a39a4,3.53537,1.831896423408166,746.008825285682,-0.232616,S,1.8022
8332,qmof-03a39a4,3.53537,1.831896423408166,746.008825285682,-0.232771,S,1.8027
8492,qmof-03a39a4,3.53537,1.831896423408166,746.008825285682,-0.257426,S,1.7271
8572,qmof-03a39a4,3.53537,1.831896423408166,746.008825285682,-0.232808,N,5.332
8652,qmof-03a39a4,3.53537,1.831896423408166,746.008825285682,-0.257542,N,5.4735
8732,qmof-03a39a4,3.53537,1.831896423408166,746.008825285682,-0.231699,N,5.3344
8812,qmof-03a39a4,3.53537,1.831896423408166,746.008825285682,-0.204184,N,5.4718
8892,qmof-03a39a4,3.53537,1.831896423408166,746.008825285682,-0.204204,N,5.2713
8972,qmof-03a39a4,3.53537,1.831896423408166,746.008825285682,-0.204666,N,5.2717
9052,qmof-03a39a4,3.53537,1.831896423408166,746.008825285682,-0.204504,N,5.2523
9132,qmof-03a39a4,3.53537,1.831896423408166,746.008825285682,0.086276,N,5.2591
9262,qmof-05d6902,4.63412,1.663280255542633,1410.0404498069763,1.843675,Y,2.4246
9342,qmof-05d6902,4.63412,1.663280255542633,1410.0404498069763,1.842506,Y,2.4003
9422,qmof-05d6902,4.63412,1.663280255542633,1410.0404498069763,1.843653,Y,2.4246
9502,qmof-05d6902,4.63412,1.663280255542633,1410.0404498069763,-0.584842,Y,2.4003
9902,qmof-05d6902,4.63412,1.663280255542633,1410.0404498069763,-0.596975,O,8.3891
9982,qmof-05d6902,4.63412,1.663280255542633,1410.0404498069763,-0.596037,O,8.3895
10062,qmof-05d6902,4.63412,1.663280255542633,1410.0404498069763,-0.596989,O,8.3892
10142,qmof-05d6902,4.63412,1.663280255542633,1410.0404498069763,-0.63015,O,8.3893
10222,qmof-05d6902,4.63412,1.663280255542633,1410.0404498069763,-0.630598,O,8.4271
10302,qmof-05d6902,4.63412,1.663280255542633,1410.0404498069763,-0.630197,O,8.4268
10382,qmof-05d6902,4.63412,1.663280255542633,1410.0404498069763,-0.630658,O,8.4269
10462,qmof-05d6902,4.63412,1.663280255542633,1410.0404498069763,-0.618002,O,8.4269
10542,qmof-05d6902,4.63412,1.663280255542633,1410.0404498069763,-0.617058,O,8.3952
10622,qmof-05d6902,4.63412,1.663280255542633,1410.0404498069763,-0.618,O,8.3931
10702,qmof-05d6902,4.63412,1.663280255542633,1410.0404498069763,-0.617112,O,8.3951
10782,qmof-05d6902,4.63412,1.663280255542633,1410.0404498069763,-0.619767,O,8.3932
10862,qmof-05d6902,4.63412,1.663280255542633,1410.0404498069763,-0.622143,O,8.3131
10942,qmof-05d6902,4.63412,1.663280255542633,1410.0404498069763,-0.619562,O,8.3289
11022,qmof-05d6902,4.63412,1.663280255542633,1410.0404498069763,-0.622217,O,8.3129
11102,qmof-05d6902,4.63412,1.663280255542633,1410.0404498069763,-0.601293,O,8.329
11182,qmof-05d6902,4.63412,1.663280255542633,1410.0404498069763,-0.602477,O,8.2329
11262,qmof-05d6902,4.63412,1.663280255542633,1410.0404498069763,-0.601283,O,8.2352
11342,qmof-05d6902,4.63412,1.663280255542633,1410.0404498069763,-0.602366,O,8.2328
11422,qmof-05d6902,4.63412,1.663280255542633,1410.0404498069763,-0.840757,O,8.2353
11502,qmof-05d6902,4.63412,1.663280255542633,1410.0404498069763,-0.840605,O,8.0029
11582,qmof-05d6902,4.63412,1.663280255542633,1410.0404498069763,-0.840659,O,7.9764
11662,qmof-05d6902,4.63412,1.663280255542633,1410.0404498069763,-0.840639,O,8.0028
11742,qmof-05d6902,4.63412,1.663280255542633,1410.0404498069763,-0.790488,O,7.9767
11822,qmof-05d6902,4.63412,1.663280255542633,1410.0404498069763,-0.790316,O,7.5884
11902,qmof-05d6902,4.63412,1.663280255542633,1410.0404498069763,-0.790365,O,7.5895
11982,qmof-05d6902,4.63412,1.663280255542633,1410.0404498069763,-0.790464,O,7.5883
12062,qmof-05d6902,4.63412,1.663280255542633,1410.0404498069763,-0.800666,O,7.5897
12142,qmof-05d6902,4.63412,1.663280255542633,1410.0404498069763,-0.801635,O,7.6807
12222,qmof-05d6902,4.63412,1.663280255542633,1410.0404498069763,-0.800875,O,7.6814
12302,qmof-05d6902,4.63412,1.663280255542633,1410.0404498069763,-0.801604,O,7.6805
12382,qmof-05d6902,4.63412,1.663280255542633,1410.0404498069763,0.124597,O,7.6816
12462,qmof-06447b5,4.65805,1.7236334498966066,3750.438319118178,1.810341,Y,2.4552
12536,qmof-06447b5,4.65805,1.7236334498966066,3750.438319118178,1.839582,Y,2.4248
12610,qmof-06447b5,4.65805,1.7236334498966066,3750.438319118178,1.84285,Y,2.4415
12684,qmof-06447b5,4.65805,1.7236334498966066,3750.438319118178,1.824158,Y,2.4684
12758,qmof-06447b5,4.65805,1.7236334498966066,3750.438319118178,1.810262,Y,2.4552
12832,qmof-06447b5,4.65805,1.7236334498966066,3750.438319118178,1.83962,Y,2.4248
12906,qmof-06447b5,4.65805,1.7236334498966066,3750.438319118178,1.843005,Y,2.4415
12980,qmof-06447b5,4.65805,1.7236334498966066,3750.438319118178,-0.585942,Y,2.4684
13054,qmof-06447b5,4.65805,1.7236334498966066,3750.438319118178,-0.63431,O,8.2702
13128,qmof-06447b5,4.65805,1.7236334498966066,3750.438319118178,-0.642619,O,8.5654
13202,qmof-06447b5,4.65805,1.7236334498966066,3750.438319118178,-0.565208,O,8.4492
13276,qmof-06447b5,4.65805,1.7236334498966066,3750.438319118178,-0.686707,O,8.1713
13350,qmof-06447b5,4.65805,1.7236334498966066,3750.438319118178,-0.549154,O,8.505
13424,qmof-06447b5,4.65805,1.7236334498966066,3750.438319118178,-0.636159,O,8.1311
13498,qmof-06447b5,4.65805,1.7236334498966066,3750.438319118178,-0.538087,O,8.3219
13572,qmof-06447b5,4.65805,1.7236334498966066,3750.438319118178,-0.622964,O,8.5891
13646,qmof-06447b5,4.65805,1.7236334498966066,3750.438319118178,-0.607019,O,8.4109
13720,qmof-06447b5,4.65805,1.7236334498966066,3750.438319118178,-0.602047,O,8.6224
13794,qmof-06447b5,4.65805,1.7236334498966066,3750.438319118178,-0.589241,O,8.3569
13942,qmof-06447b5,4.65805,1.7236334498966066,3750.438319118178,-0.586974,O,8.4853
14016,qmof-06447b5,4.65805,1.7236334498966066,3750.438319118178,-0.574648,O,8.4592
14090,qmof-06447b5,4.65805,1.7236334498966066,3750.438319118178,-0.585513,O,8.2146
14164,qmof-06447b5,4.65805,1.7236334498966066,3750.438319118178,-0.615948,O,8.444
14238,qmof-06447b5,4.65805,1.7236334498966066,3750.438319118178,-0.605558,O,8.5204
14312,qmof-06447b5,4.65805,1.7236334498966066,3750.438319118178,-0.587892,O,8.3715
14386,qmof-06447b5,4.65805,1.7236334498966066,3750.438319118178,-0.590204,O,8.5659
14460,qmof-06447b5,4.65805,1.7236334498966066,3750.438319118178,-0.624295,O,8.5065
14534,qmof-06447b5,4.65805,1.7236334498966066,3750.438319118178,-0.619363,O,8.3586
14608,qmof-06447b5,4.65805,1.7236334498966066,3750.438319118178,-0.604471,O,8.4442
14682,qmof-06447b5,4.65805,1.7236334498966066,3750.438319118178,-0.585978,O,8.3807
14830,qmof-06447b5,4.65805,1.7236334498966066,3750.438319118178,-0.796368,O,7.4123
14904,qmof-06447b5,4.65805,1.7236334498966066,3750.438319118178,-0.807151,O,7.5676
14978,qmof-06447b5,4.65805,1.7236334498966066,3750.438319118178,-0.808642,O,7.6256
15052,qmof-06447b5,4.65805,1.7236334498966066,3750.438319118178,-0.834771,O,7.6812
15126,qmof-06447b5,4.65805,1.7236334498966066,3750.438319118178,-0.783049,O,8.0579
15200,qmof-06447b5,4.65805,1.7236334498966066,3750.438319118178,-0.767752,O,7.6116
15274,qmof-06447b5,4.65805,1.7236334498966066,3750.438319118178,-0.807609,O,7.297
15348,qmof-06447b5,4.65805,1.7236334498966066,3750.438319118178,-0.787248,O,7.6161
15422,qmof-06447b5,4.65805,1.7236334498966066,3750.438319118178,-0.585934,O,7.5309
15496,qmof-06447b5,4.65805,1.7236334498966066,3750.438319118178,-0.634205,O,8.2702
15570,qmof-06447b5,4.65805,1.7236334498966066,3750.438319118178,-0.642624,O,8.5655
15644,qmof-06447b5,4.65805,1.7236334498966066,3750.438319118178,-0.565291,O,8.4492
15718,qmof-06447b5,4.65805,1.7236334498966066,3750.438319118178,-0.686699,O,8.1713
15792,qmof-06447b5,4.65805,1.7236334498966066,3750.438319118178,-0.549251,O,8.505
15866,qmof-06447b5,4.65805,1.7236334498966066,3750.438319118178,-0.636134,O,8.131
15940,qmof-06447b5,4.65805,1.7236334498966066,3750.438319118178,-0.538053,O,8.3217
16014,qmof-06447b5,4.65805,1.7236334498966066,3750.438319118178,-0.622957,O,8.5891
16088,qmof-06447b5,4.65805,1.7236334498966066,3750.438319118178,-0.607198,O,8.4109
16162,qmof-06447b5,4.65805,1.7236334498966066,3750.438319118178,-0.602026,O,8.6223
16236,qmof-06447b5,4.65805,1.7236334498966066,3750.438319118178,-0.589207,O,8.3568
16384,qmof-06447b5,4.65805,1.7236334498966066,3750.438319118178,-0.586963,O,8.4852
16458,qmof-06447b5,4.65805,1.7236334498966066,3750.438319118178,-0.57458,O,8.4592
16532,qmof-06447b5,4.65805,1.7236334498966066,3750.438319118178,-0.585538,O,8.2146
16606,qmof-06447b5,4.65805,1.7236334498966066,3750.438319118178,-0.616,O,8.444
16680,qmof-06447b5,4.65805,1.7236334498966066,3750.438319118178,-0.605591,O,8.5203
16754,qmof-06447b5,4.65805,1.7236334498966066,3750.438319118178,-0.587992,O,8.3715
16828,qmof-06447b5,4.65805,1.7236334498966066,3750.438319118178,-0.590034,O,8.5659
16902,qmof-06447b5,4.65805,1.7236334498966066,3750.438319118178,-0.624231,O,8.5064
16976,qmof-06447b5,4.65805,1.7236334498966066,3750.438319118178,-0.619369,O,8.3586
17050,qmof-06447b5,4.65805,1.7236334498966066,3750.438319118178,-0.604455,O,8.4443
17124,qmof-06447b5,4.65805,1.7236334498966066,3750.438319118178,-0.586084,O,8.3807
17272,qmof-06447b5,4.65805,1.7236334498966066,3750.438319118178,-0.796278,O,7.4123
17346,qmof-06447b5,4.65805,1.7236334498966066,3750.438319118178,-0.807215,O,7.5676
17420,qmof-06447b5,4.65805,1.7236334498966066,3750.438319118178,-0.808585,O,7.6255
17494,qmof-06447b5,4.65805,1.7236334498966066,3750.438319118178,-0.834667,O,7.6812
17568,qmof-06447b5,4.65805,1.7236334498966066,3750.438319118178,-0.783087,O,8.0579
17642,qmof-06447b5,4.65805,1.7236334498966066,3750.438319118178,-0.767811,O,7.6115
17716,qmof-06447b5,4.65805,1.7236334498966066,3750.438319118178,-0.807682,O,7.2969
17790,qmof-06447b5,4.65805,1.7236334498966066,3750.438319118178,-0.787255,O,7.6162
17864,qmof-06447b5,4.65805,1.7236334498966066,3750.438319118178,0.39401,O,7.5309
21686,qmof-09bc32a,3.79384,1.0796081858069908,1808.0521640354093,0.578622,Ag,9.7829
21692,qmof-09bc32a,3.79384,1.0796081858069908,1808.0521640354093,-0.366971,Ag,9.7832
21722,qmof-0b45f96,3.71918,1.278537596922794,2292.5690600666803,2.360674,Zr,3.2444
21760,qmof-0b45f96,3.71918,1.278537596922794,2292.5690600666803,2.368795,Zr,3.2188
21798,qmof-0b45f96,3.71918,1.278537596922794,2292.5690600666803,2.372181,Zr,3.2377
21836,qmof-0b45f96,3.71918,1.278537596922794,2292.5690600666803,2.366806,Zr,3.245
21874,qmof-0b45f96,3.71918,1.278537596922794,2292.5690600666803,2.367675,Zr,3.2338
21912,qmof-0b45f96,3.71918,1.278537596922794,2292.5690600666803,-0.616859,Zr,3.2337
21950,qmof-0b45f96,3.71918,1.278537596922794,2292.5690600666803,-0.630042,O,8.1533
21988,qmof-0b45f96,3.71918,1.278537596922794,2292.5690600666803,-0.629396,O,8.1617
22026,qmof-0b45f96,3.71918,1.278537596922794,2292.5690600666803,-0.616016,O,8.1601
22064,qmof-0b45f96,3.71918,1.278537596922794,2292.5690600666803,-0.624603,O,8.1552
22102,qmof-0b45f96,3.71918,1.278537596922794,2292.5690600666803,-0.617705,O,8.1446
22140,qmof-0b45f96,3.71918,1.278537596922794,2292.5690600666803,-0.611147,O,8.1558
22178,qmof-0b45f96,3.71918,1.278537596922794,2292.5690600666803,-0.627977,O,8.1204
22216,qmof-0b45f96,3.71918,1.278537596922794,2292.5690600666803,-0.628617,O,8.1489
22254,qmof-0b45f96,3.71918,1.278537596922794,2292.5690600666803,-0.629365,O,8.1564
22292,qmof-0b45f96,3.71918,1.278537596922794,2292.5690600666803,-0.619425,O,8.1535
22330,qmof-0b45f96,3.71918,1.278537596922794,2292.5690600666803,-0.618164,O,8.1601
22368,qmof-0b45f96,3.71918,1.278537596922794,2292.5690600666803,-0.625738,O,8.158
22406,qmof-0b45f96,3.71918,1.278537596922794,2292.5690600666803,-0.622899,O,8.1241
22444,qmof-0b45f96,3.71918,1.278537596922794,2292.5690600666803,-0.624127,O,8.1467
22482,qmof-0b45f96,3.71918,1.278537596922794,2292.5690600666803,-0.626675,O,8.1493
22520,qmof-0b45f96,3.71918,1.278537596922794,2292.5690600666803,-0.609783,O,8.126
22558,qmof-0b45f96,3.71918,1.278537596922794,2292.5690600666803,-0.632114,O,8.1228
22596,qmof-0b45f96,3.71918,1.278537596922794,2292.5690600666803,-0.626496,O,8.1184
22634,qmof-0b45f96,3.71918,1.278537596922794,2292.5690600666803,-0.622521,O,8.1536
22672,qmof-0b45f96,3.71918,1.278537596922794,2292.5690600666803,-0.626131,O,8.148
22710,qmof-0b45f96,3.71918,1.278537596922794,2292.5690600666803,-0.625403,O,8.1519
22748,qmof-0b45f96,3.71918,1.278537596922794,2292.5690600666803,-0.626313,O,8.1408
22786,qmof-0b45f96,3.71918,1.278537596922794,2292.5690600666803,-0.626588,O,8.1332
22824,qmof-0b45f96,3.71918,1.278537596922794,2292.5690600666803,-1.066973,O,8.121
22862,qmof-0b45f96,3.71918,1.278537596922794,2292.5690600666803,-1.068057,O,7.7369
22900,qmof-0b45f96,3.71918,1.278537596922794,2292.5690600666803,-1.069148,O,7.7378
22938,qmof-0b45f96,3.71918,1.278537596922794,2292.5690600666803,-1.06669,O,7.7413
22976,qmof-0b45f96,3.71918,1.278537596922794,2292.5690600666803,-1.143839,O,7.7297
23014,qmof-0b45f96,3.71918,1.278537596922794,2292.5690600666803,-1.145938,O,8.3038
23052,qmof-0b45f96,3.71918,1.278537596922794,2292.5690600666803,-1.14651,O,8.287
23090,qmof-0b45f96,3.71918,1.278537596922794,2292.5690600666803,-1.14552,O,8.3005
23128,qmof-0b45f96,3.71918,1.278537596922794,2292.5690600666803,0.422404,O,8.287
23166,qmof-0bbe221,4.97713,0.9983830544691492,5443.797395071556,2.378223,Zr,3.2637
23204,qmof-0bbe221,4.97713,0.9983830544691492,5443.797395071556,2.376461,Zr,3.2742
23242,qmof-0bbe221,4.97713,0.9983830544691492,5443.797395071556,2.375661,Zr,3.2547
23280,qmof-0bbe221,4.97713,0.9983830544691492,5443.797395071556,2.376122,Zr,3.2602
23318,qmof-0bbe221,4.97713,0.9983830544691492,5443.797395071556,2.375921,Zr,3.2495
23356,qmof-0bbe221,4.97713,0.9983830544691492,5443.797395071556,-0.595439,Zr,3.241
23394,qmof-0bbe221,4.97713,0.9983830544691492,5443.797395071556,-0.588554,O,8.098
23432,qmof-0bbe221,4.97713,0.9983830544691492,5443.797395071556,-0.58521,O,8.1364
23470,qmof-0bbe221,4.97713,0.9983830544691492,5443.797395071556,-0.606946,O,8.1776
23508,qmof-0bbe221,4.97713,0.9983830544691492,5443.797395071556,-0.634408,O,8.0974
23546,qmof-0bbe221,4.97713,0.9983830544691492,5443.797395071556,-0.633528,O,8.0161
23584,qmof-0bbe221,4.97713,0.9983830544691492,5443.797395071556,-0.632955,O,8.0276
23622,qmof-0bbe221,4.97713,0.9983830544691492,5443.797395071556,-0.634133,O,8.0217
23660,qmof-0bbe221,4.97713,0.9983830544691492,5443.797395071556,-1.151872,O,8.0115
23698,qmof-0bbe221,4.97713,0.9983830544691492,5443.797395071556,-1.150879,O,8.2607
23736,qmof-0bbe221,4.97713,0.9983830544691492,5443.797395071556,-1.068469,O,8.2671
23774,qmof-0bbe221,4.97713,0.9983830544691492,5443.797395071556,-1.075296,O,7.7513
23812,qmof-0bbe221,4.97713,0.9983830544691492,5443.797395071556,-0.603382,O,7.7311
23850,qmof-0bbe221,4.97713,0.9983830544691492,5443.797395071556,-0.592932,O,8.0603
23888,qmof-0bbe221,4.97713,0.9983830544691492,5443.797395071556,-0.592366,O,8.1196
23926,qmof-0bbe221,4.97713,0.9983830544691492,5443.797395071556,-0.597236,O,8.2739
23964,qmof-0bbe221,4.97713,0.9983830544691492,5443.797395071556,-0.589113,O,8.1096
24002,qmof-0bbe221,4.97713,0.9983830544691492,5443.797395071556,-0.607798,O,8.2524
24040,qmof-0bbe221,4.97713,0.9983830544691492,5443.797395071556,-0.606732,O,8.1137
24078,qmof-0bbe221,4.97713,0.9983830544691492,5443.797395071556,-0.588376,O,8.0533
24116,qmof-0bbe221,4.97713,0.9983830544691492,5443.797395071556,-0.632508,O,8.2241
24154,qmof-0bbe221,4.97713,0.9983830544691492,5443.797395071556,-0.635938,O,8.1324
24192,qmof-0bbe221,4.97713,0.9983830544691492,5443.797395071556,-0.611594,O,8.0769
24230,qmof-0bbe221,4.97713,0.9983830544691492,5443.797395071556,-0.628555,O,8.0451
24268,qmof-0bbe221,4.97713,0.9983830544691492,5443.797395071556,-0.628463,O,8.0365
24306,qmof-0bbe221,4.97713,0.9983830544691492,5443.797395071556,-0.627908,O,8.0372
24344,qmof-0bbe221,4.97713,0.9983830544691492,5443.797395071556,-0.636341,O,8.0315
24382,qmof-0bbe221,4.97713,0.9983830544691492,5443.797395071556,-0.637082,O,8.1337
24420,qmof-0bbe221,4.97713,0.9983830544691492,5443.797395071556,-1.154055,O,7.9906
24458,qmof-0bbe221,4.97713,0.9983830544691492,5443.797395071556,-1.152649,O,8.2894
24496,qmof-0bbe221,4.97713,0.9983830544691492,5443.797395071556,-1.073649,O,8.2726
24534,qmof-0bbe221,4.97713,0.9983830544691492,5443.797395071556,-1.078034,O,7.72
24572,qmof-0bbe221,4.97713,0.9983830544691492,5443.797395071556,0.139842,O,7.7262
25522,qmof-0bbf75f,8.69717,0.8530184984362673,5551.191520959629,-0.590739,O,7.7663
25598,qmof-0bbf75f,8.69717,0.8530184984362673,5551.191520959629,-0.609936,O,8.2099
25674,qmof-0bbf75f,8.69717,0.8530184984362673,5551.191520959629,-0.675893,O,8.183
25750,qmof-0bbf75f,8.69717,0.8530184984362673,5551.191520959629,-0.639719,O,8.1276
25826,qmof-0bbf75f,8.69717,0.8530184984362673,5551.191520959629,-0.567989,O,8.1383
25902,qmof-0bbf75f,8.69717,0.8530184984362673,5551.191520959629,-0.651731,O,8.1198
25978,qmof-0bbf75f,8.69717,0.8530184984362673,5551.191520959629,-1.193698,O,8.185
26054,qmof-0bbf75f,8.69717,0.8530184984362673,5551.191520959629,-1.089199,O,8.419
26130,qmof-0bbf75f,8.69717,0.8530184984362673,5551.191520959629,-1.049574,O,7.7198
26206,qmof-0bbf75f,8.69717,0.8530184984362673,5551.191520959629,-1.153426,O,7.7743
26282,qmof-0bbf75f,8.69717,0.8530184984362673,5551.191520959629,-0.825926,O,8.2784
26358,qmof-0bbf75f,8.69717,0.8530184984362673,5551.191520959629,-0.769006,O,7.3876
26510,qmof-0bbf75f,8.69717,0.8530184984362673,5551.191520959629,-1.029804,O,8.3233
26586,qmof-0bbf75f,8.69717,0.8530184984362673,5551.191520959629,-1.165696,O,7.9745
26662,qmof-0bbf75f,8.69717,0.8530184984362673,5551.191520959629,-1.062872,O,8.3731
26738,qmof-0bbf75f,8.69717,0.8530184984362673,5551.191520959629,-0.963521,O,7.7533
26814,qmof-0bbf75f,8.69717,0.8530184984362673,5551.191520959629,-0.49864,O,7.3435
26890,qmof-0bbf75f,8.69717,0.8530184984362673,5551.191520959629,-0.667063,O,7.9694
26966,qmof-0bbf75f,8.69717,0.8530184984362673,5551.191520959629,-0.813609,O,7.8155
27042,qmof-0bbf75f,8.69717,0.8530184984362673,5551.191520959629,-0.583153,O,7.2517
27118,qmof-0bbf75f,8.69717,0.8530184984362673,5551.191520959629,-0.838886,O,8.0861
27194,qmof-0bbf75f,8.69717,0.8530184984362673,5551.191520959629,-0.920022,O,7.4081
27270,qmof-0bbf75f,8.69717,0.8530184984362673,5551.191520959629,-0.94855,O,7.7359
27346,qmof-0bbf75f,8.69717,0.8530184984362673,5551.191520959629,-0.643372,O,7.9547
27422,qmof-0bbf75f,8.69717,0.8530184984362673,5551.191520959629,-0.814253,O,8.0719
27498,qmof-0bbf75f,8.69717,0.8530184984362673,5551.191520959629,-0.823728,O,7.231
27574,qmof-0bbf75f,8.69717,0.8530184984362673,5551.191520959629,-0.617962,O,7.4911
27650,qmof-0bbf75f,8.69717,0.8530184984362673,5551.191520959629,-0.611543,O,8.1376
27726,qmof-0bbf75f,8.69717,0.8530184984362673,5551.191520959629,-0.931194,O,8.0143
27802,qmof-0bbf75f,8.69717,0.8530184984362673,5551.191520959629,-0.92885,O,7.8714
27878,qmof-0bbf75f,8.69717,0.8530184984362673,5551.191520959629,-0.931262,O,7.83
27954,qmof-0bbf75f,8.69717,0.8530184984362673,5551.191520959629,-0.588051,O,7.789
28030,qmof-0bbf75f,8.69717,0.8530184984362673,5551.191520959629,-0.610974,O,8.1034
28106,qmof-0bbf75f,8.69717,0.8530184984362673,5551.191520959629,-0.645149,O,8.1323
28182,qmof-0bbf75f,8.69717,0.8530184984362673,5551.191520959629,-0.602613,O,8.0781
28258,qmof-0bbf75f,8.69717,0.8530184984362673,5551.191520959629,-0.583838,O,8.2025
28334,qmof-0bbf75f,8.69717,0.8530184984362673,5551.191520959629,-0.628094,O,8.0938
28410,qmof-0bbf75f,8.69717,0.8530184984362673,5551.191520959629,-1.175876,O,8.1121
28486,qmof-0bbf75f,8.69717,0.8530184984362673,5551.191520959629,-1.072556,O,8.3234
28562,qmof-0bbf75f,8.69717,0.8530184984362673,5551.191520959629,-1.062835,O,7.7595
28638,qmof-0bbf75f,8.69717,0.8530184984362673,5551.191520959629,-1.146409,O,7.8282
28714,qmof-0bbf75f,8.69717,0.8530184984362673,5551.191520959629,-0.919416,O,8.3477
28790,qmof-0bbf75f,8.69717,0.8530184984362673,5551.191520959629,-0.832522,O,7.792
28866,qmof-0bbf75f,8.69717,0.8530184984362673,5551.191520959629,-1.150098,O,7.2973
28942,qmof-0bbf75f,8.69717,0.8530184984362673,5551.191520959629,-1.053815,O,8.3615
29018,qmof-0bbf75f,8.69717,0.8530184984362673,5551.191520959629,-1.172346,O,7.817
29094,qmof-0bbf75f,8.69717,0.8530184984362673,5551.191520959629,-1.06823,O,8.3648
29170,qmof-0bbf75f,8.69717,0.8530184984362673,5551.191520959629,-0.938407,O,7.7546
29246,qmof-0bbf75f,8.69717,0.8530184984362673,5551.191520959629,-0.648459,O,7.8197
29322,qmof-0bbf75f,8.69717,0.8530184984362673,5551.191520959629,-0.608096,O,8.2348
29398,qmof-0bbf75f,8.69717,0.8530184984362673,5551.191520959629,-0.802114,O,8.2405
29474,qmof-0bbf75f,8.69717,0.8530184984362673,5551.191520959629,-0.622499,O,7.2143
29550,qmof-0bbf75f,8.69717,0.8530184984362673,5551.191520959629,-0.778614,O,8.1421
29702,qmof-0bbf75f,8.69717,0.8530184984362673,5551.191520959629,-0.822881,O,7.4867
29778,qmof-0bbf75f,8.69717,0.8530184984362673,5551.191520959629,-0.628353,O,7.4364
29854,qmof-0bbf75f,8.69717,0.8530184984362673,5551.191520959629,-0.783033,O,8.1483
30006,qmof-0bbf75f,8.69717,0.8530184984362673,5551.191520959629,-0.653601,O,7.8347
30082,qmof-0bbf75f,8.69717,0.8530184984362673,5551.191520959629,-0.564624,O,8.1181
30158,qmof-0bbf75f,8.69717,0.8530184984362673,5551.191520959629,-0.818927,O,8.1409
30234,qmof-0bbf75f,8.69717,0.8530184984362673,5551.191520959629,-0.976804,O,7.2729
30310,qmof-0bbf75f,8.69717,0.8530184984362673,5551.191520959629,0.150354,O,7.4548
34182,qmof-0fadd6f,4.01324,1.2941556035937771,2284.048502156557,2.37587,Zr,3.2402
34224,qmof-0fadd6f,4.01324,1.2941556035937771,2284.048502156557,2.376055,Zr,3.2422
34266,qmof-0fadd6f,4.01324,1.2941556035937771,2284.048502156557,2.37089,Zr,3.2421
34308,qmof-0fadd6f,4.01324,1.2941556035937771,2284.048502156557,2.373403,Zr,3.2405
34350,qmof-0fadd6f,4.01324,1.2941556035937771,2284.048502156557,2.37441,Zr,3.2506
34392,qmof-0fadd6f,4.01324,1.2941556035937771,2284.048502156557,-0.624289,Zr,3.2486
34434,qmof-0fadd6f,4.01324,1.2941556035937771,2284.048502156557,-0.614578,O,8.1479
34476,qmof-0fadd6f,4.01324,1.2941556035937771,2284.048502156557,-0.615179,O,8.1329
34518,qmof-0fadd6f,4.01324,1.2941556035937771,2284.048502156557,-0.625494,O,8.1276
34560,qmof-0fadd6f,4.01324,1.2941556035937771,2284.048502156557,-0.604955,O,8.1381
34602,qmof-0fadd6f,4.01324,1.2941556035937771,2284.048502156557,-0.619599,O,8.1268
34644,qmof-0fadd6f,4.01324,1.2941556035937771,2284.048502156557,-0.595306,O,8.1443
34686,qmof-0fadd6f,4.01324,1.2941556035937771,2284.048502156557,-0.616934,O,8.1937
34728,qmof-0fadd6f,4.01324,1.2941556035937771,2284.048502156557,-0.621547,O,8.1421
34770,qmof-0fadd6f,4.01324,1.2941556035937771,2284.048502156557,-0.621808,O,8.1486
34812,qmof-0fadd6f,4.01324,1.2941556035937771,2284.048502156557,-0.617362,O,8.1505
34854,qmof-0fadd6f,4.01324,1.2941556035937771,2284.048502156557,-0.618396,O,8.1552
34896,qmof-0fadd6f,4.01324,1.2941556035937771,2284.048502156557,-0.615924,O,8.1531
34938,qmof-0fadd6f,4.01324,1.2941556035937771,2284.048502156557,-0.625616,O,8.1301
34980,qmof-0fadd6f,4.01324,1.2941556035937771,2284.048502156557,-0.624799,O,8.1372
35022,qmof-0fadd6f,4.01324,1.2941556035937771,2284.048502156557,-0.613725,O,8.1507
35064,qmof-0fadd6f,4.01324,1.2941556035937771,2284.048502156557,-0.594974,O,8.129
35106,qmof-0fadd6f,4.01324,1.2941556035937771,2284.048502156557,-0.61731,O,8.1937
35148,qmof-0fadd6f,4.01324,1.2941556035937771,2284.048502156557,-0.605661,O,8.1418
35190,qmof-0fadd6f,4.01324,1.2941556035937771,2284.048502156557,-0.619151,O,8.1274
35232,qmof-0fadd6f,4.01324,1.2941556035937771,2284.048502156557,-0.616188,O,8.1437
35274,qmof-0fadd6f,4.01324,1.2941556035937771,2284.048502156557,-0.61819,O,8.1564
35316,qmof-0fadd6f,4.01324,1.2941556035937771,2284.048502156557,-0.621109,O,8.1519
35358,qmof-0fadd6f,4.01324,1.2941556035937771,2284.048502156557,-0.621276,O,8.1511
35400,qmof-0fadd6f,4.01324,1.2941556035937771,2284.048502156557,-1.068022,O,8.1479
35442,qmof-0fadd6f,4.01324,1.2941556035937771,2284.048502156557,-1.07137,O,7.7226
35484,qmof-0fadd6f,4.01324,1.2941556035937771,2284.048502156557,-1.070206,O,7.7284
35526,qmof-0fadd6f,4.01324,1.2941556035937771,2284.048502156557,-1.070717,O,7.736
35568,qmof-0fadd6f,4.01324,1.2941556035937771,2284.048502156557,-1.149943,O,7.7374
35610,qmof-0fadd6f,4.01324,1.2941556035937771,2284.048502156557,-1.146007,O,8.2841
35652,qmof-0fadd6f,4.01324,1.2941556035937771,2284.048502156557,-1.150182,O,8.2953
35694,qmof-0fadd6f,4.01324,1.2941556035937771,2284.048502156557,-1.149692,O,8.297
35736,qmof-0fadd6f,4.01324,1.2941556035937771,2284.048502156557,-0.298673,O,8.2965
40754,qmof-115de59,5.54931,1.0936380922674918,3111.9247549530264,0.365674,Cu,11.0653
40786,qmof-115de59,5.54931,1.0936380922674918,3111.9247549530264,0.36568,Cu,11.0654
40818,qmof-115de59,5.54931,1.0936380922674918,3111.9247549530264,0.365688,Cu,11.0653
40850,qmof-115de59,5.54931,1.0936380922674918,3111.9247549530264,0.365803,Cu,11.0653
40882,qmof-115de59,5.54931,1.0936380922674918,3111.9247549530264,0.365858,Cu,11.0656
40914,qmof-115de59,5.54931,1.0936380922674918,3111.9247549530264,0.365879,Cu,11.0656
40946,qmof-115de59,5.54931,1.0936380922674918,3111.9247549530264,0.365899,Cu,11.0656
40978,qmof-115de59,5.54931,1.0936380922674918,3111.9247549530264,-0.168229,Cu,11.0656
41010,qmof-115de59,5.54931,1.0936380922674918,3111.9247549530264,-0.16774,N,5.4507
41042,qmof-115de59,5.54931,1.0936380922674918,3111.9247549530264,-0.168121,N,5.451
41074,qmof-115de59,5.54931,1.0936380922674918,3111.9247549530264,-0.167699,N,5.4507
41106,qmof-115de59,5.54931,1.0936380922674918,3111.9247549530264,-0.168164,N,5.451
41138,qmof-115de59,5.54931,1.0936380922674918,3111.9247549530264,-0.167747,N,5.4507
41170,qmof-115de59,5.54931,1.0936380922674918,3111.9247549530264,-0.168169,N,5.451
41202,qmof-115de59,5.54931,1.0936380922674918,3111.9247549530264,-0.167657,N,5.4507
41234,qmof-115de59,5.54931,1.0936380922674918,3111.9247549530264,-0.168222,N,5.4511
41266,qmof-115de59,5.54931,1.0936380922674918,3111.9247549530264,-0.168175,N,5.4508
41298,qmof-115de59,5.54931,1.0936380922674918,3111.9247549530264,-0.16827,N,5.451
41330,qmof-115de59,5.54931,1.0936380922674918,3111.9247549530264,-0.168146,N,5.4508
41362,qmof-115de59,5.54931,1.0936380922674918,3111.9247549530264,-0.168306,N,5.451
41394,qmof-115de59,5.54931,1.0936380922674918,3111.9247549530264,-0.168151,N,5.4508
41426,qmof-115de59,5.54931,1.0936380922674918,3111.9247549530264,-0.168342,N,5.4511
41458,qmof-115de59,5.54931,1.0936380922674918,3111.9247549530264,-0.168097,N,5.4508
41490,qmof-115de59,5.54931,1.0936380922674918,3111.9247549530264,-0.496657,N,5.451
41522,qmof-115de59,5.54931,1.0936380922674918,3111.9247549530264,-0.496654,Cl,6.3645
41554,qmof-115de59,5.54931,1.0936380922674918,3111.9247549530264,-0.496655,Cl,6.3645
41586,qmof-115de59,5.54931,1.0936380922674918,3111.9247549530264,-0.496654,Cl,6.3645
41618,qmof-115de59,5.54931,1.0936380922674918,3111.9247549530264,-0.496679,Cl,6.3645
41650,qmof-115de59,5.54931,1.0936380922674918,3111.9247549530264,-0.496698,Cl,6.3649
41682,qmof-115de59,5.54931,1.0936380922674918,3111.9247549530264,-0.4967,Cl,6.3648
41714,qmof-115de59,5.54931,1.0936380922674918,3111.9247549530264,-0.496695,Cl,6.3648
41746,qmof-115de59,5.54931,1.0936380922674918,3111.9247549530264,0.112291,Cl,6.3648
41778,qmof-12fd885,4.69842,1.4956386881599906,1252.7906919146903,0.915251,Co,8.9489
41906,qmof-12fd885,4.69842,1.4956386881599906,1252.7906919146903,0.915932,Co,8.963
42034,qmof-12fd885,4.69842,1.4956386881599906,1252.7906919146903,0.915324,Co,8.9495
42162,qmof-12fd885,4.69842,1.4956386881599906,1252.7906919146903,-0.174529,Co,8.9552
42290,qmof-12fd885,4.69842,1.4956386881599906,1252.7906919146903,-0.134169,N,5.9123
42546,qmof-12fd885,4.69842,1.4956386881599906,1252.7906919146903,-0.134705,N,5.9137
42802,qmof-12fd885,4.69842,1.4956386881599906,1252.7906919146903,-0.13437,N,5.9148
43058,qmof-12fd885,4.69842,1.4956386881599906,1252.7906919146903,-0.134277,N,5.9248
43314,qmof-12fd885,4.69842,1.4956386881599906,1252.7906919146903,-0.473561,O,7.3518
43442,qmof-12fd885,4.69842,1.4956386881599906,1252.7906919146903,-0.471122,O,7.357
43570,qmof-12fd885,4.69842,1.4956386881599906,1252.7906919146903,-0.496245,O,7.5815
43698,qmof-12fd885,4.69842,1.4956386881599906,1252.7906919146903,-0.471675,O,7.6639
43826,qmof-12fd885,4.69842,1.4956386881599906,1252.7906919146903,-0.436222,O,7.6549
43954,qmof-12fd885,4.69842,1.4956386881599906,1252.7906919146903,-0.47249,O,7.356
44082,qmof-12fd885,4.69842,1.4956386881599906,1252.7906919146903,-0.471195,O,7.4102
44210,qmof-12fd885,4.69842,1.4956386881599906,1252.7906919146903,-0.49682,O,7.5696
44338,qmof-12fd885,4.69842,1.4956386881599906,1252.7906919146903,-0.472582,O,7.6684
44466,qmof-12fd885,4.69842,1.4956386881599906,1252.7906919146903,-0.435255,O,7.6518
44594,qmof-12fd885,4.69842,1.4956386881599906,1252.7906919146903,-0.473671,O,7.3521
44722,qmof-12fd885,4.69842,1.4956386881599906,1252.7906919146903,-0.470838,O,7.3657
44850,qmof-12fd885,4.69842,1.4956386881599906,1252.7906919146903,-0.495918,O,7.582
44978,qmof-12fd885,4.69842,1.4956386881599906,1252.7906919146903,-0.47156,O,7.6627
45106,qmof-12fd885,4.69842,1.4956386881599906,1252.7906919146903,-0.436046,O,7.654
45234,qmof-12fd885,4.69842,1.4956386881599906,1252.7906919146903,-0.47286,O,7.3556
45362,qmof-12fd885,4.69842,1.4956386881599906,1252.7906919146903,-0.471165,O,7.3786
45490,qmof-12fd885,4.69842,1.4956386881599906,1252.7906919146903,-0.49656,O,7.5696
45618,qmof-12fd885,4.69842,1.4956386881599906,1252.7906919146903,-0.472166,O,7.6666
45746,qmof-12fd885,4.69842,1.4956386881599906,1252.7906919146903,0.077989,O,7.6511
45874,qmof-14f024a,3.47835,1.5109511482953832,2328.5635901009705,2.384879,Zr,3.2493
45912,qmof-14f024a,3.47835,1.5109511482953832,2328.5635901009705,2.384594,Zr,3.2484
45950,qmof-14f024a,3.47835,1.5109511482953832,2328.5635901009705,2.378417,Zr,3.2493
45988,qmof-14f024a,3.47835,1.5109511482953832,2328.5635901009705,2.38377,Zr,3.249
46026,qmof-14f024a,3.47835,1.5109511482953832,2328.5635901009705,2.383183,Zr,3.2539
46064,qmof-14f024a,3.47835,1.5109511482953832,2328.5635901009705,-0.607515,Zr,3.254
46102,qmof-14f024a,3.47835,1.5109511482953832,2328.5635901009705,-0.604084,O,8.0731
46140,qmof-14f024a,3.47835,1.5109511482953832,2328.5635901009705,-0.600669,O,8.0607
46178,qmof-14f024a,3.47835,1.5109511482953832,2328.5635901009705,-0.609564,O,8.061
46216,qmof-14f024a,3.47835,1.5109511482953832,2328.5635901009705,-0.62253,O,8.0748
46254,qmof-14f024a,3.47835,1.5109511482953832,2328.5635901009705,-0.604503,O,7.9291
46292,qmof-14f024a,3.47835,1.5109511482953832,2328.5635901009705,-0.602085,O,8.0693
46330,qmof-14f024a,3.47835,1.5109511482953832,2328.5635901009705,-0.604667,O,8.074
46368,qmof-14f024a,3.47835,1.5109511482953832,2328.5635901009705,-0.604973,O,8.0846
46406,qmof-14f024a,3.47835,1.5109511482953832,2328.5635901009705,-0.606083,O,8.0696
46444,qmof-14f024a,3.47835,1.5109511482953832,2328.5635901009705,-0.604275,O,8.0704
46482,qmof-14f024a,3.47835,1.5109511482953832,2328.5635901009705,-0.604169,O,8.0693
46520,qmof-14f024a,3.47835,1.5109511482953832,2328.5635901009705,-0.600565,O,8.0695
46558,qmof-14f024a,3.47835,1.5109511482953832,2328.5635901009705,-0.608807,O,8.061
46596,qmof-14f024a,3.47835,1.5109511482953832,2328.5635901009705,-0.60684,O,8.0742
46634,qmof-14f024a,3.47835,1.5109511482953832,2328.5635901009705,-0.60389,O,8.0725
46672,qmof-14f024a,3.47835,1.5109511482953832,2328.5635901009705,-0.60182,O,8.0613
46710,qmof-14f024a,3.47835,1.5109511482953832,2328.5635901009705,-0.605018,O,8.0729
46748,qmof-14f024a,3.47835,1.5109511482953832,2328.5635901009705,-0.623274,O,8.084
46786,qmof-14f024a,3.47835,1.5109511482953832,2328.5635901009705,-0.604783,O,7.9277
46824,qmof-14f024a,3.47835,1.5109511482953832,2328.5635901009705,-0.604498,O,8.0719
46862,qmof-14f024a,3.47835,1.5109511482953832,2328.5635901009705,-0.60421,O,8.0706
46900,qmof-14f024a,3.47835,1.5109511482953832,2328.5635901009705,-0.604364,O,8.07
46938,qmof-14f024a,3.47835,1.5109511482953832,2328.5635901009705,-0.606771,O,8.0705
46976,qmof-14f024a,3.47835,1.5109511482953832,2328.5635901009705,-1.068033,O,8.0711
47014,qmof-14f024a,3.47835,1.5109511482953832,2328.5635901009705,-1.076802,O,7.7134
47052,qmof-14f024a,3.47835,1.5109511482953832,2328.5635901009705,-1.072163,O,7.7267
47090,qmof-14f024a,3.47835,1.5109511482953832,2328.5635901009705,-1.071535,O,7.7092
47128,qmof-14f024a,3.47835,1.5109511482953832,2328.5635901009705,-1.157413,O,7.7083
47166,qmof-14f024a,3.47835,1.5109511482953832,2328.5635901009705,-1.151559,O,8.2785
47204,qmof-14f024a,3.47835,1.5109511482953832,2328.5635901009705,-1.151859,O,8.2651
47242,qmof-14f024a,3.47835,1.5109511482953832,2328.5635901009705,-1.152033,O,8.257
47280,qmof-14f024a,3.47835,1.5109511482953832,2328.5635901009705,0.421818,O,8.2563
47318,qmof-1590fee,6.11258,1.2128678691099066,3159.3222310018223,-0.040936,Ir,2.5007
47402,qmof-1590fee,6.11258,1.2128678691099066,3159.3222310018223,-0.005965,Ir,2.5007
47486,qmof-1590fee,6.11258,1.2128678691099066,3159.3222310018223,-0.006015,Ir,2.5043
47570,qmof-1590fee,6.11258,1.2128678691099066,3159.3222310018223,0.101508,Ir,2.5044
47654,qmof-1590fee,6.11258,1.2128678691099066,3159.3222310018223,0.101572,C,3.8372
47738,qmof-1590fee,6.11258,1.2128678691099066,3159.3222310018223,-0.150972,C,3.8372
47822,qmof-1590fee,6.11258,1.2128678691099066,3159.3222310018223,-0.150937,C,3.5105
47906,qmof-1590fee,6.11258,1.2128678691099066,3159.3222310018223,0.59311,C,3.5105
47990,qmof-1590fee,6.11258,1.2128678691099066,3159.3222310018223,0.593176,C,4.1373
48074,qmof-1590fee,6.11258,1.2128678691099066,3159.3222310018223,0.592497,C,4.1374
48158,qmof-1590fee,6.11258,1.2128678691099066,3159.3222310018223,0.592542,C,4.1301
48242,qmof-1590fee,6.11258,1.2128678691099066,3159.3222310018223,0.116247,C,4.1301
48326,qmof-1590fee,6.11258,1.2128678691099066,3159.3222310018223,0.116153,C,3.4101
48410,qmof-1590fee,6.11258,1.2128678691099066,3159.3222310018223,0.579646,C,3.4101
48494,qmof-1590fee,6.11258,1.2128678691099066,3159.3222310018223,0.579592,C,4.1537
48578,qmof-1590fee,6.11258,1.2128678691099066,3159.3222310018223,0.104982,C,4.1538
48662,qmof-1590fee,6.11258,1.2128678691099066,3159.3222310018223,0.105042,C,3.3994
48746,qmof-1590fee,6.11258,1.2128678691099066,3159.3222310018223,-0.021509,C,3.3994
48830,qmof-1590fee,6.11258,1.2128678691099066,3159.3222310018223,-0.021637,C,3.9343
48914,qmof-1590fee,6.11258,1.2128678691099066,3159.3222310018223,0.006361,C,3.9343
48998,qmof-1590fee,6.11258,1.2128678691099066,3159.3222310018223,0.006348,C,3.9087
49082,qmof-1590fee,6.11258,1.2128678691099066,3159.3222310018223,0.004467,C,3.9087
49166,qmof-1590fee,6.11258,1.2128678691099066,3159.3222310018223,0.004489,C,4.2947
49250,qmof-1590fee,6.11258,1.2128678691099066,3159.3222310018223,-0.174655,C,4.2947
49334,qmof-1590fee,6.11258,1.2128678691099066,3159.3222310018223,-0.174569,C,3.4884
49418,qmof-1590fee,6.11258,1.2128678691099066,3159.3222310018223,-0.115347,C,3.4884
49502,qmof-1590fee,6.11258,1.2128678691099066,3159.3222310018223,-0.115397,C,4.2649
49586,qmof-1590fee,6.11258,1.2128678691099066,3159.3222310018223,-0.088331,C,4.2649
49670,qmof-1590fee,6.11258,1.2128678691099066,3159.3222310018223,-0.088229,C,3.519
49754,qmof-1590fee,6.11258,1.2128678691099066,3159.3222310018223,-0.092315,C,3.519
49838,qmof-1590fee,6.11258,1.2128678691099066,3159.3222310018223,-0.092165,C,3.4922
49922,qmof-1590fee,6.11258,1.2128678691099066,3159.3222310018223,-0.172679,C,3.4923
50006,qmof-1590fee,6.11258,1.2128678691099066,3159.3222310018223,-0.172694,C,3.8742
50090,qmof-1590fee,6.11258,1.2128678691099066,3159.3222310018223,0.600125,C,3.8742
50174,qmof-1590fee,6.11258,1.2128678691099066,3159.3222310018223,0.599911,C,4.1254
50258,qmof-1590fee,6.11258,1.2128678691099066,3159.3222310018223,-0.160228,C,4.1254
50342,qmof-1590fee,6.11258,1.2128678691099066,3159.3222310018223,-0.160306,C,3.8572
50426,qmof-1590fee,6.11258,1.2128678691099066,3159.3222310018223,-0.080775,C,3.8572
50510,qmof-1590fee,6.11258,1.2128678691099066,3159.3222310018223,-0.0808,C,4.177
50594,qmof-1590fee,6.11258,1.2128678691099066,3159.3222310018223,0.287201,C,4.177
50678,qmof-1590fee,6.11258,1.2128678691099066,3159.3222310018223,0.287162,C,3.9953
50762,qmof-1590fee,6.11258,1.2128678691099066,3159.3222310018223,0.03369,C,3.9953
50846,qmof-1590fee,6.11258,1.2128678691099066,3159.3222310018223,0.033644,C,3.8415
50930,qmof-1590fee,6.11258,1.2128678691099066,3159.3222310018223,0.038033,C,3.8415
51014,qmof-1590fee,6.11258,1.2128678691099066,3159.3222310018223,0.038183,C,3.8429
51098,qmof-1590fee,6.11258,1.2128678691099066,3159.3222310018223,0.110589,C,3.8429
51182,qmof-1590fee,6.11258,1.2128678691099066,3159.3222310018223,0.110617,C,3.8373
51266,qmof-1590fee,6.11258,1.2128678691099066,3159.3222310018223,0.096329,C,3.8373
51350,qmof-1590fee,6.11258,1.2128678691099066,3159.3222310018223,0.096529,C,3.4135
51434,qmof-1590fee,6.11258,1.2128678691099066,3159.3222310018223,-0.162383,C,3.4135
51518,qmof-1590fee,6.11258,1.2128678691099066,3159.3222310018223,-0.162589,C,3.5378
51602,qmof-1590fee,6.11258,1.2128678691099066,3159.3222310018223,-0.167305,C,3.5378
51686,qmof-1590fee,6.11258,1.2128678691099066,3159.3222310018223,-0.167233,C,3.4295
51770,qmof-1590fee,6.11258,1.2128678691099066,3159.3222310018223,0.104245,C,3.4295
51854,qmof-1590fee,6.11258,1.2128678691099066,3159.3222310018223,0.104093,C,3.3543
51938,qmof-1590fee,6.11258,1.2128678691099066,3159.3222310018223,-0.142198,C,3.3543
52022,qmof-1590fee,6.11258,1.2128678691099066,3159.3222310018223,-0.142263,C,3.8504
52106,qmof-1590fee,6.11258,1.2128678691099066,3159.3222310018223,0.118546,C,3.8504
52190,qmof-1590fee,6.11258,1.2128678691099066,3159.3222310018223,0.11863,C,3.2881
52274,qmof-1590fee,6.11258,1.2128678691099066,3159.3222310018223,0.121233,C,3.2881
52358,qmof-1590fee,6.11258,1.2128678691099066,3159.3222310018223,0.121283,C,3.3962
52442,qmof-1590fee,6.11258,1.2128678691099066,3159.3222310018223,0.329698,C,3.3961
52526,qmof-1590fee,6.11258,1.2128678691099066,3159.3222310018223,0.329754,C,3.5139
52610,qmof-1590fee,6.11258,1.2128678691099066,3159.3222310018223,-0.1072,C,3.5139
52694,qmof-1590fee,6.11258,1.2128678691099066,3159.3222310018223,-0.107275,C,3.5205
52778,qmof-1590fee,6.11258,1.2128678691099066,3159.3222310018223,-0.110961,C,3.5205
52862,qmof-1590fee,6.11258,1.2128678691099066,3159.3222310018223,-0.111028,C,3.5625
52946,qmof-1590fee,6.11258,1.2128678691099066,3159.3222310018223,-0.047027,C,3.5625
53030,qmof-1590fee,6.11258,1.2128678691099066,3159.3222310018223,-0.04698,C,4.2171
53114,qmof-1590fee,6.11258,1.2128678691099066,3159.3222310018223,-0.045395,C,4.2171
53198,qmof-1590fee,6.11258,1.2128678691099066,3159.3222310018223,-0.04536,C,4.2026
53282,qmof-1590fee,6.11258,1.2128678691099066,3159.3222310018223,-0.204969,C,4.2026
53366,qmof-1590fee,6.11258,1.2128678691099066,3159.3222310018223,-0.204937,N,5.4797
53450,qmof-1590fee,6.11258,1.2128678691099066,3159.3222310018223,-0.197387,N,5.4798
53534,qmof-1590fee,6.11258,1.2128678691099066,3159.3222310018223,-0.197441,N,5.46
53618,qmof-1590fee,6.11258,1.2128678691099066,3159.3222310018223,-0.099249,N,5.46
53702,qmof-1590fee,6.11258,1.2128678691099066,3159.3222310018223,-0.099265,N,5.5417
53786,qmof-1590fee,6.11258,1.2128678691099066,3159.3222310018223,-0.344025,N,5.5416
54038,qmof-1590fee,6.11258,1.2128678691099066,3159.3222310018223,-0.092081,N,5.5575
54122,qmof-1590fee,6.11258,1.2128678691099066,3159.3222310018223,-0.329934,N,5.5575
57667,qmof-17962ea,6.58024,0.7944240045648291,4942.7014618952,2.367329,Zr,3.2306
57715,qmof-17962ea,6.58024,0.7944240045648291,4942.7014618952,2.373514,Zr,3.2298
57763,qmof-17962ea,6.58024,0.7944240045648291,4942.7014618952,2.373235,Zr,3.2537
57811,qmof-17962ea,6.58024,0.7944240045648291,4942.7014618952,2.367985,Zr,3.2535
57859,qmof-17962ea,6.58024,0.7944240045648291,4942.7014618952,2.368929,Zr,3.2313
57907,qmof-17962ea,6.58024,0.7944240045648291,4942.7014618952,-0.637905,Zr,3.2322
57955,qmof-17962ea,6.58024,0.7944240045648291,4942.7014618952,-0.638946,O,8.2433
58003,qmof-17962ea,6.58024,0.7944240045648291,4942.7014618952,-0.637636,O,8.244
58051,qmof-17962ea,6.58024,0.7944240045648291,4942.7014618952,-0.638515,O,8.2429
58099,qmof-17962ea,6.58024,0.7944240045648291,4942.7014618952,-0.619346,O,8.2426
58147,qmof-17962ea,6.58024,0.7944240045648291,4942.7014618952,-0.638782,O,8.1139
58195,qmof-17962ea,6.58024,0.7944240045648291,4942.7014618952,-0.619846,O,8.2465
58243,qmof-17962ea,6.58024,0.7944240045648291,4942.7014618952,-0.638864,O,8.1128
58291,qmof-17962ea,6.58024,0.7944240045648291,4942.7014618952,-0.63839,O,8.247
58339,qmof-17962ea,6.58024,0.7944240045648291,4942.7014618952,-0.638592,O,8.2395
58387,qmof-17962ea,6.58024,0.7944240045648291,4942.7014618952,-0.639505,O,8.2386
58435,qmof-17962ea,6.58024,0.7944240045648291,4942.7014618952,-0.638574,O,8.2393
58483,qmof-17962ea,6.58024,0.7944240045648291,4942.7014618952,-0.616059,O,8.2402
58531,qmof-17962ea,6.58024,0.7944240045648291,4942.7014618952,-0.61648,O,8.0986
58579,qmof-17962ea,6.58024,0.7944240045648291,4942.7014618952,-0.617162,O,8.098
58627,qmof-17962ea,6.58024,0.7944240045648291,4942.7014618952,-0.616968,O,8.0945
58675,qmof-17962ea,6.58024,0.7944240045648291,4942.7014618952,-0.627961,O,8.0935
58723,qmof-17962ea,6.58024,0.7944240045648291,4942.7014618952,-0.621214,O,8.1281
58771,qmof-17962ea,6.58024,0.7944240045648291,4942.7014618952,-0.626928,O,8.0927
58819,qmof-17962ea,6.58024,0.7944240045648291,4942.7014618952,-0.621568,O,8.1274
58867,qmof-17962ea,6.58024,0.7944240045648291,4942.7014618952,-0.618822,O,8.0928
58915,qmof-17962ea,6.58024,0.7944240045648291,4942.7014618952,-0.618645,O,8.0906
58963,qmof-17962ea,6.58024,0.7944240045648291,4942.7014618952,-0.618797,O,8.0919
59011,qmof-17962ea,6.58024,0.7944240045648291,4942.7014618952,-0.618601,O,8.0922
59059,qmof-17962ea,6.58024,0.7944240045648291,4942.7014618952,-1.067028,O,8.0908
59107,qmof-17962ea,6.58024,0.7944240045648291,4942.7014618952,-1.068204,O,7.7462
59155,qmof-17962ea,6.58024,0.7944240045648291,4942.7014618952,-1.068592,O,7.7462
59203,qmof-17962ea,6.58024,0.7944240045648291,4942.7014618952,-1.067327,O,7.7439
59251,qmof-17962ea,6.58024,0.7944240045648291,4942.7014618952,-1.144164,O,7.7435
59299,qmof-17962ea,6.58024,0.7944240045648291,4942.7014618952,-1.144589,O,8.3203
59347,qmof-17962ea,6.58024,0.7944240045648291,4942.7014618952,-1.14544,O,8.3203
59395,qmof-17962ea,6.58024,0.7944240045648291,4942.7014618952,-1.145064,O,8.3105
59443,qmof-17962ea,6.58024,0.7944240045648291,4942.7014618952,-0.447383,O,8.3102
59971,qmof-1847c21,3.91275,1.350178147145931,2285.19395907606,2.361754,Zr,3.2465
60009,qmof-1847c21,3.91275,1.350178147145931,2285.19395907606,2.371701,Zr,3.2202
60047,qmof-1847c21,3.91275,1.350178147145931,2285.19395907606,2.373656,Zr,3.2418
60085,qmof-1847c21,3.91275,1.350178147145931,2285.19395907606,2.365742,Zr,3.249
60123,qmof-1847c21,3.91275,1.350178147145931,2285.19395907606,2.368018,Zr,3.2349
60161,qmof-1847c21,3.91275,1.350178147145931,2285.19395907606,-0.618611,Zr,3.2344
60199,qmof-1847c21,3.91275,1.350178147145931,2285.19395907606,-0.628215,O,8.1801
60237,qmof-1847c21,3.91275,1.350178147145931,2285.19395907606,-0.634436,O,8.1531
60275,qmof-1847c21,3.91275,1.350178147145931,2285.19395907606,-0.612816,O,8.1443
60313,qmof-1847c21,3.91275,1.350178147145931,2285.19395907606,-0.61559,O,8.1465
60351,qmof-1847c21,3.91275,1.350178147145931,2285.19395907606,-0.617802,O,8.1647
60389,qmof-1847c21,3.91275,1.350178147145931,2285.19395907606,-0.612599,O,8.1477
60427,qmof-1847c21,3.91275,1.350178147145931,2285.19395907606,-0.628128,O,8.1957
60465,qmof-1847c21,3.91275,1.350178147145931,2285.19395907606,-0.628448,O,8.1426
60503,qmof-1847c21,3.91275,1.350178147145931,2285.19395907606,-0.627584,O,8.1471
60541,qmof-1847c21,3.91275,1.350178147145931,2285.19395907606,-0.622456,O,8.1612
60579,qmof-1847c21,3.91275,1.350178147145931,2285.19395907606,-0.615345,O,8.1447
60617,qmof-1847c21,3.91275,1.350178147145931,2285.19395907606,-0.628945,O,8.1571
60655,qmof-1847c21,3.91275,1.350178147145931,2285.19395907606,-0.618047,O,8.0944
60693,qmof-1847c21,3.91275,1.350178147145931,2285.19395907606,-0.62485,O,8.1478
60731,qmof-1847c21,3.91275,1.350178147145931,2285.19395907606,-0.626106,O,8.1686
60769,qmof-1847c21,3.91275,1.350178147145931,2285.19395907606,-0.608669,O,8.1177
60807,qmof-1847c21,3.91275,1.350178147145931,2285.19395907606,-0.630409,O,8.2102
60845,qmof-1847c21,3.91275,1.350178147145931,2285.19395907606,-0.62017,O,8.0856
60883,qmof-1847c21,3.91275,1.350178147145931,2285.19395907606,-0.623077,O,8.2032
60921,qmof-1847c21,3.91275,1.350178147145931,2285.19395907606,-0.627414,O,8.1315
60959,qmof-1847c21,3.91275,1.350178147145931,2285.19395907606,-0.622033,O,8.1313
60997,qmof-1847c21,3.91275,1.350178147145931,2285.19395907606,-0.628646,O,8.1404
61035,qmof-1847c21,3.91275,1.350178147145931,2285.19395907606,-0.625348,O,8.1248
61073,qmof-1847c21,3.91275,1.350178147145931,2285.19395907606,-1.070006,O,8.1276
61111,qmof-1847c21,3.91275,1.350178147145931,2285.19395907606,-1.066293,O,7.7471
61149,qmof-1847c21,3.91275,1.350178147145931,2285.19395907606,-1.069119,O,7.7129
61187,qmof-1847c21,3.91275,1.350178147145931,2285.19395907606,-1.06702,O,7.7465
61225,qmof-1847c21,3.91275,1.350178147145931,2285.19395907606,-1.144764,O,7.7368
61263,qmof-1847c21,3.91275,1.350178147145931,2285.19395907606,-1.147539,O,8.3081
61301,qmof-1847c21,3.91275,1.350178147145931,2285.19395907606,-1.142534,O,8.2849
61339,qmof-1847c21,3.91275,1.350178147145931,2285.19395907606,-1.143807,O,8.3108
61377,qmof-1847c21,3.91275,1.350178147145931,2285.19395907606,0.419194,O,8.2976
61415,qmof-18e2d2f,4.84075,1.1091858698256152,3207.7847748677787,2.375728,Zr,3.2437
61453,qmof-18e2d2f,4.84075,1.1091858698256152,3207.7847748677787,2.378927,Zr,3.2505
61491,qmof-18e2d2f,4.84075,1.1091858698256152,3207.7847748677787,2.37487,Zr,3.2627
61529,qmof-18e2d2f,4.84075,1.1091858698256152,3207.7847748677787,2.379288,Zr,3.2497
61567,qmof-18e2d2f,4.84075,1.1091858698256152,3207.7847748677787,2.378721,Zr,3.2549
61605,qmof-18e2d2f,4.84075,1.1091858698256152,3207.7847748677787,-0.617061,Zr,3.2538
61643,qmof-18e2d2f,4.84075,1.1091858698256152,3207.7847748677787,-0.61434,O,8.1424
61681,qmof-18e2d2f,4.84075,1.1091858698256152,3207.7847748677787,-0.613764,O,8.1208
61719,qmof-18e2d2f,4.84075,1.1091858698256152,3207.7847748677787,-0.616541,O,8.1238
61757,qmof-18e2d2f,4.84075,1.1091858698256152,3207.7847748677787,-0.616183,O,8.1451
61795,qmof-18e2d2f,4.84075,1.1091858698256152,3207.7847748677787,-0.617734,O,8.1047
61833,qmof-18e2d2f,4.84075,1.1091858698256152,3207.7847748677787,-0.624073,O,8.1188
61871,qmof-18e2d2f,4.84075,1.1091858698256152,3207.7847748677787,-0.611332,O,8.1149
61909,qmof-18e2d2f,4.84075,1.1091858698256152,3207.7847748677787,-0.617316,O,8.1287
61947,qmof-18e2d2f,4.84075,1.1091858698256152,3207.7847748677787,-0.618033,O,8.1272
61985,qmof-18e2d2f,4.84075,1.1091858698256152,3207.7847748677787,-0.614113,O,8.0893
62023,qmof-18e2d2f,4.84075,1.1091858698256152,3207.7847748677787,-0.615334,O,8.1442
62061,qmof-18e2d2f,4.84075,1.1091858698256152,3207.7847748677787,-0.61433,O,8.1444
62099,qmof-18e2d2f,4.84075,1.1091858698256152,3207.7847748677787,-0.614435,O,8.0419
62137,qmof-18e2d2f,4.84075,1.1091858698256152,3207.7847748677787,-0.615215,O,8.1048
62175,qmof-18e2d2f,4.84075,1.1091858698256152,3207.7847748677787,-0.615437,O,8.1029
62213,qmof-18e2d2f,4.84075,1.1091858698256152,3207.7847748677787,-0.624265,O,8.0412
62251,qmof-18e2d2f,4.84075,1.1091858698256152,3207.7847748677787,-0.615728,O,8.1087
62289,qmof-18e2d2f,4.84075,1.1091858698256152,3207.7847748677787,-0.619779,O,8.0264
62327,qmof-18e2d2f,4.84075,1.1091858698256152,3207.7847748677787,-0.613273,O,8.1135
62365,qmof-18e2d2f,4.84075,1.1091858698256152,3207.7847748677787,-0.610922,O,8.0964
62403,qmof-18e2d2f,4.84075,1.1091858698256152,3207.7847748677787,-0.608988,O,8.103
62441,qmof-18e2d2f,4.84075,1.1091858698256152,3207.7847748677787,-0.613205,O,8.0972
62479,qmof-18e2d2f,4.84075,1.1091858698256152,3207.7847748677787,-0.613689,O,8.0405
62517,qmof-18e2d2f,4.84075,1.1091858698256152,3207.7847748677787,-1.069722,O,8.0387
62555,qmof-18e2d2f,4.84075,1.1091858698256152,3207.7847748677787,-1.070278,O,7.7473
62593,qmof-18e2d2f,4.84075,1.1091858698256152,3207.7847748677787,-1.070321,O,7.7443
62631,qmof-18e2d2f,4.84075,1.1091858698256152,3207.7847748677787,-1.070708,O,7.7003
62669,qmof-18e2d2f,4.84075,1.1091858698256152,3207.7847748677787,-1.150104,O,7.7001
62707,qmof-18e2d2f,4.84075,1.1091858698256152,3207.7847748677787,-1.149134,O,8.2667
62745,qmof-18e2d2f,4.84075,1.1091858698256152,3207.7847748677787,-1.149025,O,8.2671
62783,qmof-18e2d2f,4.84075,1.1091858698256152,3207.7847748677787,-1.149489,O,8.2582
62821,qmof-18e2d2f,4.84075,1.1091858698256152,3207.7847748677787,0.425049,O,8.2558
62859,qmof-19945d1,3.54512,1.6420598486145577,2275.53395489078,2.381551,Zr,3.2507
62923,qmof-19945d1,3.54512,1.6420598486145577,2275.53395489078,2.376302,Zr,3.2461
62987,qmof-19945d1,3.54512,1.6420598486145577,2275.53395489078,2.37084,Zr,3.2444
63051,qmof-19945d1,3.54512,1.6420598486145577,2275.53395489078,2.374999,Zr,3.2359
63115,qmof-19945d1,3.54512,1.6420598486145577,2275.53395489078,2.382276,Zr,3.249
63179,qmof-19945d1,3.54512,1.6420598486145577,2275.53395489078,-0.628318,Zr,3.244
63243,qmof-19945d1,3.54512,1.6420598486145577,2275.53395489078,-0.620855,O,8.252
63307,qmof-19945d1,3.54512,1.6420598486145577,2275.53395489078,-0.613431,O,8.0749
63371,qmof-19945d1,3.54512,1.6420598486145577,2275.53395489078,-0.604317,O,8.1049
63435,qmof-19945d1,3.54512,1.6420598486145577,2275.53395489078,-0.639451,O,8.0534
63499,qmof-19945d1,3.54512,1.6420598486145577,2275.53395489078,-0.613786,O,8.2509
63563,qmof-19945d1,3.54512,1.6420598486145577,2275.53395489078,-0.617888,O,8.0722
63627,qmof-19945d1,3.54512,1.6420598486145577,2275.53395489078,-0.613893,O,8.3132
63691,qmof-19945d1,3.54512,1.6420598486145577,2275.53395489078,-0.608992,O,8.0529
63755,qmof-19945d1,3.54512,1.6420598486145577,2275.53395489078,-0.614033,O,8.1065
63819,qmof-19945d1,3.54512,1.6420598486145577,2275.53395489078,-0.615058,O,8.1677
63883,qmof-19945d1,3.54512,1.6420598486145577,2275.53395489078,-0.5938,O,8.126
63947,qmof-19945d1,3.54512,1.6420598486145577,2275.53395489078,-0.607519,O,8.1133
64011,qmof-19945d1,3.54512,1.6420598486145577,2275.53395489078,-0.597297,O,8.2203
64075,qmof-19945d1,3.54512,1.6420598486145577,2275.53395489078,-0.609244,O,8.1993
64139,qmof-19945d1,3.54512,1.6420598486145577,2275.53395489078,-0.590542,O,8.1746
64203,qmof-19945d1,3.54512,1.6420598486145577,2275.53395489078,-0.596471,O,8.1556
64267,qmof-19945d1,3.54512,1.6420598486145577,2275.53395489078,-0.597709,O,8.2192
64331,qmof-19945d1,3.54512,1.6420598486145577,2275.53395489078,-0.614035,O,8.0591
64395,qmof-19945d1,3.54512,1.6420598486145577,2275.53395489078,-0.604169,O,8.3205
64459,qmof-19945d1,3.54512,1.6420598486145577,2275.53395489078,-0.615453,O,8.0885
64523,qmof-19945d1,3.54512,1.6420598486145577,2275.53395489078,-0.592317,O,8.1125
64587,qmof-19945d1,3.54512,1.6420598486145577,2275.53395489078,-0.590511,O,8.1717
64651,qmof-19945d1,3.54512,1.6420598486145577,2275.53395489078,-0.602084,O,8.0914
64715,qmof-19945d1,3.54512,1.6420598486145577,2275.53395489078,-1.067564,O,8.2005
64779,qmof-19945d1,3.54512,1.6420598486145577,2275.53395489078,-1.075389,O,7.7385
64843,qmof-19945d1,3.54512,1.6420598486145577,2275.53395489078,-1.07352,O,7.7281
64907,qmof-19945d1,3.54512,1.6420598486145577,2275.53395489078,-1.076961,O,7.7992
64971,qmof-19945d1,3.54512,1.6420598486145577,2275.53395489078,-1.154246,O,7.8477
65035,qmof-19945d1,3.54512,1.6420598486145577,2275.53395489078,-1.142175,O,8.3326
65099,qmof-19945d1,3.54512,1.6420598486145577,2275.53395489078,-1.145631,O,8.2922
65163,qmof-19945d1,3.54512,1.6420598486145577,2275.53395489078,-1.143579,O,8.3356
65227,qmof-19945d1,3.54512,1.6420598486145577,2275.53395489078,-0.526846,O,8.3303
65291,qmof-19945d1,3.54512,1.6420598486145577,2275.53395489078,-0.392907,O,7.4107
65355,qmof-19945d1,3.54512,1.6420598486145577,2275.53395489078,-0.466073,O,8.4276
65483,qmof-19945d1,3.54512,1.6420598486145577,2275.53395489078,-0.454601,O,8.2282
65611,qmof-19945d1,3.54512,1.6420598486145577,2275.53395489078,-0.518314,O,8.3631
65675,qmof-19945d1,3.54512,1.6420598486145577,2275.53395489078,-0.40655,O,7.4537
65739,qmof-19945d1,3.54512,1.6420598486145577,2275.53395489078,-0.468325,O,8.4562
65867,qmof-19945d1,3.54512,1.6420598486145577,2275.53395489078,-0.50408,O,8.2367
65931,qmof-19945d1,3.54512,1.6420598486145577,2275.53395489078,-0.388611,O,7.4363
65995,qmof-19945d1,3.54512,1.6420598486145577,2275.53395489078,-0.456893,O,8.4118
66123,qmof-19945d1,3.54512,1.6420598486145577,2275.53395489078,-0.466081,O,8.3326
66251,qmof-19945d1,3.54512,1.6420598486145577,2275.53395489078,-0.478618,O,8.7701
66379,qmof-19945d1,3.54512,1.6420598486145577,2275.53395489078,-0.462287,O,8.5566
66699,qmof-19945d1,3.54512,1.6420598486145577,2275.53395489078,-0.456991,O,7.2593
66891,qmof-19945d1,3.54512,1.6420598486145577,2275.53395489078,0.406234,O,7.1739
68399,qmof-1dcac87,4.12941,1.5135730958167135,4378.210624484636,0.416041,Pd,6.8907
68459,qmof-1dcac87,4.12941,1.5135730958167135,4378.210624484636,0.415977,Pd,6.8907
68519,qmof-1dcac87,4.12941,1.5135730958167135,4378.210624484636,0.415953,Pd,6.8907
68579,qmof-1dcac87,4.12941,1.5135730958167135,4378.210624484636,0.415895,Pd,6.8907
68639,qmof-1dcac87,4.12941,1.5135730958167135,4378.210624484636,0.415969,Pd,6.8907
68699,qmof-1dcac87,4.12941,1.5135730958167135,4378.210624484636,0.416187,Pd,6.8907
68759,qmof-1dcac87,4.12941,1.5135730958167135,4378.210624484636,0.415874,Pd,6.8907
68819,qmof-1dcac87,4.12941,1.5135730958167135,4378.210624484636,0.415992,Pd,6.8907
68879,qmof-1dcac87,4.12941,1.5135730958167135,4378.210624484636,0.415887,Pd,6.8906
68939,qmof-1dcac87,4.12941,1.5135730958167135,4378.210624484636,0.416048,Pd,6.8907
68999,qmof-1dcac87,4.12941,1.5135730958167135,4378.210624484636,0.416059,Pd,6.8907
69059,qmof-1dcac87,4.12941,1.5135730958167135,4378.210624484636,-0.267638,Pd,6.8907
69119,qmof-1dcac87,4.12941,1.5135730958167135,4378.210624484636,-0.267766,N,5.4748
69179,qmof-1dcac87,4.12941,1.5135730958167135,4378.210624484636,-0.267991,N,5.4748
69239,qmof-1dcac87,4.12941,1.5135730958167135,4378.210624484636,-0.267645,N,5.4748
69299,qmof-1dcac87,4.12941,1.5135730958167135,4378.210624484636,-0.26759,N,5.4748
69359,qmof-1dcac87,4.12941,1.5135730958167135,4378.210624484636,-0.267666,N,5.4748
69419,qmof-1dcac87,4.12941,1.5135730958167135,4378.210624484636,-0.267797,N,5.4748
69479,qmof-1dcac87,4.12941,1.5135730958167135,4378.210624484636,-0.26773,N,5.4748
69539,qmof-1dcac87,4.12941,1.5135730958167135,4378.210624484636,-0.267625,N,5.4748
69599,qmof-1dcac87,4.12941,1.5135730958167135,4378.210624484636,-0.26776,N,5.4748
69659,qmof-1dcac87,4.12941,1.5135730958167135,4378.210624484636,-0.267728,N,5.4748
69719,qmof-1dcac87,4.12941,1.5135730958167135,4378.210624484636,-0.267745,N,5.4748
69779,qmof-1dcac87,4.12941,1.5135730958167135,4378.210624484636,-0.26812,N,5.4748
69839,qmof-1dcac87,4.12941,1.5135730958167135,4378.210624484636,-0.267579,N,5.4748
69899,qmof-1dcac87,4.12941,1.5135730958167135,4378.210624484636,-0.267809,N,5.4748
69959,qmof-1dcac87,4.12941,1.5135730958167135,4378.210624484636,-0.267704,N,5.4748
70019,qmof-1dcac87,4.12941,1.5135730958167135,4378.210624484636,-0.267793,N,5.4748
70079,qmof-1dcac87,4.12941,1.5135730958167135,4378.210624484636,-0.26773,N,5.4748
70139,qmof-1dcac87,4.12941,1.5135730958167135,4378.210624484636,-0.267766,N,5.4748
70199,qmof-1dcac87,4.12941,1.5135730958167135,4378.210624484636,-0.267632,N,5.4748
70259,qmof-1dcac87,4.12941,1.5135730958167135,4378.210624484636,-0.267789,N,5.4748
70319,qmof-1dcac87,4.12941,1.5135730958167135,4378.210624484636,-0.26777,N,5.4748
70379,qmof-1dcac87,4.12941,1.5135730958167135,4378.210624484636,-0.267939,N,5.4748
70439,qmof-1dcac87,4.12941,1.5135730958167135,4378.210624484636,-0.267679,N,5.4748
70499,qmof-1dcac87,4.12941,1.5135730958167135,4378.210624484636,-0.268037,N,5.4748
70559,qmof-1dcac87,4.12941,1.5135730958167135,4378.210624484636,-0.267718,N,5.4748
70619,qmof-1dcac87,4.12941,1.5135730958167135,4378.210624484636,-0.267697,N,5.4748
70679,qmof-1dcac87,4.12941,1.5135730958167135,4378.210624484636,-0.267661,N,5.4748
70739,qmof-1dcac87,4.12941,1.5135730958167135,4378.210624484636,-0.267812,N,5.4748
70799,qmof-1dcac87,4.12941,1.5135730958167135,4378.210624484636,-0.267773,N,5.4748
70859,qmof-1dcac87,4.12941,1.5135730958167135,4378.210624484636,-0.267705,N,5.4748
70919,qmof-1dcac87,4.12941,1.5135730958167135,4378.210624484636,-0.26779,N,5.4748
70979,qmof-1dcac87,4.12941,1.5135730958167135,4378.210624484636,-0.267927,N,5.4748
71039,qmof-1dcac87,4.12941,1.5135730958167135,4378.210624484636,-0.267802,N,5.4748
71099,qmof-1dcac87,4.12941,1.5135730958167135,4378.210624484636,-0.267612,N,5.4748
71159,qmof-1dcac87,4.12941,1.5135730958167135,4378.210624484636,-0.267907,N,5.4748
71219,qmof-1dcac87,4.12941,1.5135730958167135,4378.210624484636,-0.267666,N,5.4748
71279,qmof-1dcac87,4.12941,1.5135730958167135,4378.210624484636,-0.267995,N,5.4748
71339,qmof-1dcac87,4.12941,1.5135730958167135,4378.210624484636,-0.267623,N,5.4748
71399,qmof-1dcac87,4.12941,1.5135730958167135,4378.210624484636,-0.267741,N,5.4748
71459,qmof-1dcac87,4.12941,1.5135730958167135,4378.210624484636,-0.267902,N,5.4748
71519,qmof-1dcac87,4.12941,1.5135730958167135,4378.210624484636,-0.26768,N,5.4748
71579,qmof-1dcac87,4.12941,1.5135730958167135,4378.210624484636,-0.267872,N,5.4748
71639,qmof-1dcac87,4.12941,1.5135730958167135,4378.210624484636,-0.267807,N,5.4748
71699,qmof-1dcac87,4.12941,1.5135730958167135,4378.210624484636,-0.267646,N,5.4748
71759,qmof-1dcac87,4.12941,1.5135730958167135,4378.210624484636,-0.267667,N,5.4748
71819,qmof-1dcac87,4.12941,1.5135730958167135,4378.210624484636,-0.267674,N,5.4748
71879,qmof-1dcac87,4.12941,1.5135730958167135,4378.210624484636,-0.267723,N,5.4748
71939,qmof-1dcac87,4.12941,1.5135730958167135,4378.210624484636,0.141275,N,5.4748
71999,qmof-1e0b61c,3.32758,1.0295366684538318,3478.0652811644745,2.37463,Zr,3.2493
72049,qmof-1e0b61c,3.32758,1.0295366684538318,3478.0652811644745,2.364106,Zr,3.2492
72099,qmof-1e0b61c,3.32758,1.0295366684538318,3478.0652811644745,2.364108,Zr,3.2353
72149,qmof-1e0b61c,3.32758,1.0295366684538318,3478.0652811644745,2.372873,Zr,3.2354
72199,qmof-1e0b61c,3.32758,1.0295366684538318,3478.0652811644745,2.373967,Zr,3.2513
72249,qmof-1e0b61c,3.32758,1.0295366684538318,3478.0652811644745,-0.618354,Zr,3.2513
72299,qmof-1e0b61c,3.32758,1.0295366684538318,3478.0652811644745,-0.617611,O,8.1884
72349,qmof-1e0b61c,3.32758,1.0295366684538318,3478.0652811644745,-0.618343,O,8.1888
72399,qmof-1e0b61c,3.32758,1.0295366684538318,3478.0652811644745,-0.618545,O,8.1886
72449,qmof-1e0b61c,3.32758,1.0295366684538318,3478.0652811644745,-0.609571,O,8.189
72499,qmof-1e0b61c,3.32758,1.0295366684538318,3478.0652811644745,-0.609129,O,8.1596
72549,qmof-1e0b61c,3.32758,1.0295366684538318,3478.0652811644745,-0.608759,O,8.1597
72599,qmof-1e0b61c,3.32758,1.0295366684538318,3478.0652811644745,-0.609602,O,8.1596
72649,qmof-1e0b61c,3.32758,1.0295366684538318,3478.0652811644745,-0.616899,O,8.1596
72699,qmof-1e0b61c,3.32758,1.0295366684538318,3478.0652811644745,-0.617162,O,8.1484
72749,qmof-1e0b61c,3.32758,1.0295366684538318,3478.0652811644745,-0.616935,O,8.1486
72799,qmof-1e0b61c,3.32758,1.0295366684538318,3478.0652811644745,-0.616966,O,8.1487
72849,qmof-1e0b61c,3.32758,1.0295366684538318,3478.0652811644745,-0.617677,O,8.1484
72899,qmof-1e0b61c,3.32758,1.0295366684538318,3478.0652811644745,-0.617845,O,8.125
72949,qmof-1e0b61c,3.32758,1.0295366684538318,3478.0652811644745,-0.617784,O,8.1252
72999,qmof-1e0b61c,3.32758,1.0295366684538318,3478.0652811644745,-0.618419,O,8.1248
73049,qmof-1e0b61c,3.32758,1.0295366684538318,3478.0652811644745,-0.632182,O,8.125
73099,qmof-1e0b61c,3.32758,1.0295366684538318,3478.0652811644745,-0.63198,O,8.1485
73149,qmof-1e0b61c,3.32758,1.0295366684538318,3478.0652811644745,-0.631655,O,8.1484
73199,qmof-1e0b61c,3.32758,1.0295366684538318,3478.0652811644745,-0.632115,O,8.1484
73249,qmof-1e0b61c,3.32758,1.0295366684538318,3478.0652811644745,-0.625447,O,8.1482
73299,qmof-1e0b61c,3.32758,1.0295366684538318,3478.0652811644745,-0.625099,O,8.1477
73349,qmof-1e0b61c,3.32758,1.0295366684538318,3478.0652811644745,-0.624302,O,8.1473
73399,qmof-1e0b61c,3.32758,1.0295366684538318,3478.0652811644745,-0.624999,O,8.1473
73449,qmof-1e0b61c,3.32758,1.0295366684538318,3478.0652811644745,-1.069175,O,8.1474
73499,qmof-1e0b61c,3.32758,1.0295366684538318,3478.0652811644745,-1.067309,O,7.7197
73549,qmof-1e0b61c,3.32758,1.0295366684538318,3478.0652811644745,-1.067569,O,7.7194
73599,qmof-1e0b61c,3.32758,1.0295366684538318,3478.0652811644745,-1.067359,O,7.7196
73649,qmof-1e0b61c,3.32758,1.0295366684538318,3478.0652811644745,-1.147873,O,7.7194
73699,qmof-1e0b61c,3.32758,1.0295366684538318,3478.0652811644745,-1.147477,O,8.2832
73749,qmof-1e0b61c,3.32758,1.0295366684538318,3478.0652811644745,-1.147394,O,8.2831
73799,qmof-1e0b61c,3.32758,1.0295366684538318,3478.0652811644745,-1.147967,O,8.2832
73849,qmof-1e0b61c,3.32758,1.0295366684538318,3478.0652811644745,-0.43628,O,8.2832
75943,qmof-1ebeece,4.68841,1.1593807514447907,3209.402831453084,2.373266,Zr,3.2505
75991,qmof-1ebeece,4.68841,1.1593807514447907,3209.402831453084,2.371267,Zr,3.249
76039,qmof-1ebeece,4.68841,1.1593807514447907,3209.402831453084,2.370692,Zr,3.2558
76087,qmof-1ebeece,4.68841,1.1593807514447907,3209.402831453084,2.376577,Zr,3.2557
76135,qmof-1ebeece,4.68841,1.1593807514447907,3209.402831453084,2.376569,Zr,3.2601
76183,qmof-1ebeece,4.68841,1.1593807514447907,3209.402831453084,-0.615682,Zr,3.2598
76231,qmof-1ebeece,4.68841,1.1593807514447907,3209.402831453084,-0.615675,O,8.1286
76279,qmof-1ebeece,4.68841,1.1593807514447907,3209.402831453084,-0.620333,O,8.1315
76327,qmof-1ebeece,4.68841,1.1593807514447907,3209.402831453084,-0.620528,O,8.1374
76375,qmof-1ebeece,4.68841,1.1593807514447907,3209.402831453084,-0.604941,O,8.1391
76423,qmof-1ebeece,4.68841,1.1593807514447907,3209.402831453084,-0.615779,O,8.0757
76471,qmof-1ebeece,4.68841,1.1593807514447907,3209.402831453084,-0.60471,O,8.1536
76519,qmof-1ebeece,4.68841,1.1593807514447907,3209.402831453084,-0.615679,O,8.0746
76567,qmof-1ebeece,4.68841,1.1593807514447907,3209.402831453084,-0.615599,O,8.1544
76615,qmof-1ebeece,4.68841,1.1593807514447907,3209.402831453084,-0.616586,O,8.1446
76663,qmof-1ebeece,4.68841,1.1593807514447907,3209.402831453084,-0.616883,O,8.1418
76711,qmof-1ebeece,4.68841,1.1593807514447907,3209.402831453084,-0.61625,O,8.1426
76759,qmof-1ebeece,4.68841,1.1593807514447907,3209.402831453084,-0.602437,O,8.1441
76807,qmof-1ebeece,4.68841,1.1593807514447907,3209.402831453084,-0.602081,O,8.0913
76855,qmof-1ebeece,4.68841,1.1593807514447907,3209.402831453084,-0.604324,O,8.0891
76903,qmof-1ebeece,4.68841,1.1593807514447907,3209.402831453084,-0.60377,O,8.0899
76951,qmof-1ebeece,4.68841,1.1593807514447907,3209.402831453084,-0.625101,O,8.0861
76999,qmof-1ebeece,4.68841,1.1593807514447907,3209.402831453084,-0.601626,O,8.1184
77047,qmof-1ebeece,4.68841,1.1593807514447907,3209.402831453084,-0.624707,O,8.0699
77095,qmof-1ebeece,4.68841,1.1593807514447907,3209.402831453084,-0.602638,O,8.1191
77143,qmof-1ebeece,4.68841,1.1593807514447907,3209.402831453084,-0.602024,O,8.0701
77191,qmof-1ebeece,4.68841,1.1593807514447907,3209.402831453084,-0.601146,O,8.0839
77239,qmof-1ebeece,4.68841,1.1593807514447907,3209.402831453084,-0.601791,O,8.0846
77287,qmof-1ebeece,4.68841,1.1593807514447907,3209.402831453084,-0.600845,O,8.0826
77335,qmof-1ebeece,4.68841,1.1593807514447907,3209.402831453084,-1.073198,O,8.0854
77383,qmof-1ebeece,4.68841,1.1593807514447907,3209.402831453084,-1.072416,O,7.7225
77431,qmof-1ebeece,4.68841,1.1593807514447907,3209.402831453084,-1.072157,O,7.7215
77479,qmof-1ebeece,4.68841,1.1593807514447907,3209.402831453084,-1.073173,O,7.7033
77527,qmof-1ebeece,4.68841,1.1593807514447907,3209.402831453084,-1.149817,O,7.703
77575,qmof-1ebeece,4.68841,1.1593807514447907,3209.402831453084,-1.149066,O,8.2759
77623,qmof-1ebeece,4.68841,1.1593807514447907,3209.402831453084,-1.149653,O,8.2755
77671,qmof-1ebeece,4.68841,1.1593807514447907,3209.402831453084,-1.149662,O,8.2733
77719,qmof-1ebeece,4.68841,1.1593807514447907,3209.402831453084,-0.399351,O,8.2732
78247,qmof-1ed0c50,4.93401,1.1706678112764366,5385.342130013964,2.145951,Hf,2.8366
78285,qmof-1ed0c50,4.93401,1.1706678112764366,5385.342130013964,2.144896,Hf,2.8412
78323,qmof-1ed0c50,4.93401,1.1706678112764366,5385.342130013964,2.141999,Hf,2.8226
78361,qmof-1ed0c50,4.93401,1.1706678112764366,5385.342130013964,2.145373,Hf,2.8273
78399,qmof-1ed0c50,4.93401,1.1706678112764366,5385.342130013964,2.141895,Hf,2.817
78437,qmof-1ed0c50,4.93401,1.1706678112764366,5385.342130013964,-0.562135,Hf,2.8124
78475,qmof-1ed0c50,4.93401,1.1706678112764366,5385.342130013964,-0.552544,O,7.8891
78513,qmof-1ed0c50,4.93401,1.1706678112764366,5385.342130013964,-0.549655,O,7.908
78551,qmof-1ed0c50,4.93401,1.1706678112764366,5385.342130013964,-0.572937,O,7.9498
78589,qmof-1ed0c50,4.93401,1.1706678112764366,5385.342130013964,-0.595512,O,7.8858
78627,qmof-1ed0c50,4.93401,1.1706678112764366,5385.342130013964,-0.594059,O,7.8128
78665,qmof-1ed0c50,4.93401,1.1706678112764366,5385.342130013964,-0.592904,O,7.8681
78703,qmof-1ed0c50,4.93401,1.1706678112764366,5385.342130013964,-0.591668,O,7.8623
78741,qmof-1ed0c50,4.93401,1.1706678112764366,5385.342130013964,-1.059825,O,7.7915
78779,qmof-1ed0c50,4.93401,1.1706678112764366,5385.342130013964,-1.059062,O,7.5686
78817,qmof-1ed0c50,4.93401,1.1706678112764366,5385.342130013964,-0.990692,O,7.5652
78855,qmof-1ed0c50,4.93401,1.1706678112764366,5385.342130013964,-0.997981,O,7.3482
78893,qmof-1ed0c50,4.93401,1.1706678112764366,5385.342130013964,-0.568739,O,7.2739
78931,qmof-1ed0c50,4.93401,1.1706678112764366,5385.342130013964,-0.558939,O,7.8477
78969,qmof-1ed0c50,4.93401,1.1706678112764366,5385.342130013964,-0.557436,O,7.895
79007,qmof-1ed0c50,4.93401,1.1706678112764366,5385.342130013964,-0.564698,O,8.0639
79045,qmof-1ed0c50,4.93401,1.1706678112764366,5385.342130013964,-0.554704,O,7.9048
79083,qmof-1ed0c50,4.93401,1.1706678112764366,5385.342130013964,-0.574861,O,8.039
79121,qmof-1ed0c50,4.93401,1.1706678112764366,5385.342130013964,-0.570644,O,7.9022
79159,qmof-1ed0c50,4.93401,1.1706678112764366,5385.342130013964,-0.555088,O,7.8384
79197,qmof-1ed0c50,4.93401,1.1706678112764366,5385.342130013964,-0.590824,O,8.0102
79235,qmof-1ed0c50,4.93401,1.1706678112764366,5385.342130013964,-0.597496,O,7.9165
79273,qmof-1ed0c50,4.93401,1.1706678112764366,5385.342130013964,-0.572348,O,7.9369
79311,qmof-1ed0c50,4.93401,1.1706678112764366,5385.342130013964,-0.589197,O,7.8804
79349,qmof-1ed0c50,4.93401,1.1706678112764366,5385.342130013964,-0.58913,O,7.8354
79387,qmof-1ed0c50,4.93401,1.1706678112764366,5385.342130013964,-0.585437,O,7.8885
79425,qmof-1ed0c50,4.93401,1.1706678112764366,5385.342130013964,-0.595618,O,7.8129
79463,qmof-1ed0c50,4.93401,1.1706678112764366,5385.342130013964,-0.597743,O,7.9459
79501,qmof-1ed0c50,4.93401,1.1706678112764366,5385.342130013964,-1.064854,O,7.8503
79539,qmof-1ed0c50,4.93401,1.1706678112764366,5385.342130013964,-1.059376,O,7.635
79577,qmof-1ed0c50,4.93401,1.1706678112764366,5385.342130013964,-0.995476,O,7.5745
79615,qmof-1ed0c50,4.93401,1.1706678112764366,5385.342130013964,-0.998646,O,7.2616
79653,qmof-1ed0c50,4.93401,1.1706678112764366,5385.342130013964,0.139855,O,7.2755
79855,qmof-1f58054,6.52412,0.9001982212937363,3214.4552244709853,-0.152005,C,3.8284
79937,qmof-1f58054,6.52412,0.9001982212937363,3214.4552244709853,-0.021829,C,3.507
80019,qmof-1f58054,6.52412,0.9001982212937363,3214.4552244709853,0.105804,C,4.1003
80101,qmof-1f58054,6.52412,0.9001982212937363,3214.4552244709853,-0.090643,C,3.3942
80183,qmof-1f58054,6.52412,0.9001982212937363,3214.4552244709853,-0.02773,C,3.905
80265,qmof-1f58054,6.52412,0.9001982212937363,3214.4552244709853,-0.171427,C,3.927
80347,qmof-1f58054,6.52412,0.9001982212937363,3214.4552244709853,0.114033,C,3.4746
80429,qmof-1f58054,6.52412,0.9001982212937363,3214.4552244709853,0.590791,C,3.4145
80511,qmof-1f58054,6.52412,0.9001982212937363,3214.4552244709853,0.579589,C,4.1355
80593,qmof-1f58054,6.52412,0.9001982212937363,3214.4552244709853,-0.18394,C,4.1438
80675,qmof-1f58054,6.52412,0.9001982212937363,3214.4552244709853,0.596967,C,3.4543
80757,qmof-1f58054,6.52412,0.9001982212937363,3214.4552244709853,-0.049314,C,4.12
80839,qmof-1f58054,6.52412,0.9001982212937363,3214.4552244709853,0.087132,C,3.4988
80921,qmof-1f58054,6.52412,0.9001982212937363,3214.4552244709853,0.5949,C,3.4026
81003,qmof-1f58054,6.52412,0.9001982212937363,3214.4552244709853,0.113751,C,4.1284
81085,qmof-1f58054,6.52412,0.9001982212937363,3214.4552244709853,0.200595,C,3.8289
81167,qmof-1f58054,6.52412,0.9001982212937363,3214.4552244709853,0.037216,C,3.7416
81249,qmof-1f58054,6.52412,0.9001982212937363,3214.4552244709853,-0.089867,C,3.9154
81331,qmof-1f58054,6.52412,0.9001982212937363,3214.4552244709853,-0.074348,C,3.4828
81413,qmof-1f58054,6.52412,0.9001982212937363,3214.4552244709853,-0.132173,C,4.0785
81495,qmof-1f58054,6.52412,0.9001982212937363,3214.4552244709853,-0.118375,C,3.4792
81577,qmof-1f58054,6.52412,0.9001982212937363,3214.4552244709853,-0.087397,C,3.5455
81659,qmof-1f58054,6.52412,0.9001982212937363,3214.4552244709853,-0.13478,C,3.5214
81741,qmof-1f58054,6.52412,0.9001982212937363,3214.4552244709853,0.0361,C,3.608
81823,qmof-1f58054,6.52412,0.9001982212937363,3214.4552244709853,-0.123403,C,3.4658
81905,qmof-1f58054,6.52412,0.9001982212937363,3214.4552244709853,-0.124456,C,3.6641
81987,qmof-1f58054,6.52412,0.9001982212937363,3214.4552244709853,0.00378,C,3.6115
82069,qmof-1f58054,6.52412,0.9001982212937363,3214.4552244709853,0.189158,C,3.9689
82151,qmof-1f58054,6.52412,0.9001982212937363,3214.4552244709853,-0.101294,C,3.8876
82233,qmof-1f58054,6.52412,0.9001982212937363,3214.4552244709853,-0.061294,C,3.6158
82315,qmof-1f58054,6.52412,0.9001982212937363,3214.4552244709853,-0.16073,C,3.7584
82397,qmof-1f58054,6.52412,0.9001982212937363,3214.4552244709853,0.104361,C,3.621
82479,qmof-1f58054,6.52412,0.9001982212937363,3214.4552244709853,0.09826,C,3.3458
82561,qmof-1f58054,6.52412,0.9001982212937363,3214.4552244709853,-0.166048,C,3.3952
82643,qmof-1f58054,6.52412,0.9001982212937363,3214.4552244709853,-0.174575,C,3.5208
82725,qmof-1f58054,6.52412,0.9001982212937363,3214.4552244709853,0.097812,C,3.4141
82807,qmof-1f58054,6.52412,0.9001982212937363,3214.4552244709853,-0.151656,C,3.8284
82889,qmof-1f58054,6.52412,0.9001982212937363,3214.4552244709853,-0.021646,C,3.507
82971,qmof-1f58054,6.52412,0.9001982212937363,3214.4552244709853,0.105816,C,4.1002
83053,qmof-1f58054,6.52412,0.9001982212937363,3214.4552244709853,-0.090616,C,3.3942
83135,qmof-1f58054,6.52412,0.9001982212937363,3214.4552244709853,-0.027929,C,3.9051
83217,qmof-1f58054,6.52412,0.9001982212937363,3214.4552244709853,-0.171503,C,3.927
83299,qmof-1f58054,6.52412,0.9001982212937363,3214.4552244709853,0.113851,C,3.4745
83381,qmof-1f58054,6.52412,0.9001982212937363,3214.4552244709853,0.590978,C,3.4145
83463,qmof-1f58054,6.52412,0.9001982212937363,3214.4552244709853,0.579235,C,4.1355
83545,qmof-1f58054,6.52412,0.9001982212937363,3214.4552244709853,-0.183813,C,4.1438
83627,qmof-1f58054,6.52412,0.9001982212937363,3214.4552244709853,0.597136,C,3.4544
83709,qmof-1f58054,6.52412,0.9001982212937363,3214.4552244709853,-0.049482,C,4.1201
83791,qmof-1f58054,6.52412,0.9001982212937363,3214.4552244709853,0.087121,C,3.4988
83873,qmof-1f58054,6.52412,0.9001982212937363,3214.4552244709853,0.594894,C,3.4026
83955,qmof-1f58054,6.52412,0.9001982212937363,3214.4552244709853,0.113802,C,4.1284
84037,qmof-1f58054,6.52412,0.9001982212937363,3214.4552244709853,0.200352,C,3.8288
84119,qmof-1f58054,6.52412,0.9001982212937363,3214.4552244709853,0.037169,C,3.7416
84201,qmof-1f58054,6.52412,0.9001982212937363,3214.4552244709853,-0.089634,C,3.9155
84283,qmof-1f58054,6.52412,0.9001982212937363,3214.4552244709853,-0.074392,C,3.4828
84365,qmof-1f58054,6.52412,0.9001982212937363,3214.4552244709853,-0.132107,C,4.0786
84447,qmof-1f58054,6.52412,0.9001982212937363,3214.4552244709853,-0.118337,C,3.4792
84529,qmof-1f58054,6.52412,0.9001982212937363,3214.4552244709853,-0.087313,C,3.5455
84611,qmof-1f58054,6.52412,0.9001982212937363,3214.4552244709853,-0.134883,C,3.5214
84693,qmof-1f58054,6.52412,0.9001982212937363,3214.4552244709853,0.036014,C,3.608
84775,qmof-1f58054,6.52412,0.9001982212937363,3214.4552244709853,-0.123435,C,3.4657
84857,qmof-1f58054,6.52412,0.9001982212937363,3214.4552244709853,-0.124303,C,3.6642
84939,qmof-1f58054,6.52412,0.9001982212937363,3214.4552244709853,0.003732,C,3.6115
85021,qmof-1f58054,6.52412,0.9001982212937363,3214.4552244709853,0.189246,C,3.9689
85103,qmof-1f58054,6.52412,0.9001982212937363,3214.4552244709853,-0.101343,C,3.8876
85185,qmof-1f58054,6.52412,0.9001982212937363,3214.4552244709853,-0.0609,C,3.6158
85267,qmof-1f58054,6.52412,0.9001982212937363,3214.4552244709853,-0.160858,C,3.7585
85349,qmof-1f58054,6.52412,0.9001982212937363,3214.4552244709853,0.104141,C,3.6211
85431,qmof-1f58054,6.52412,0.9001982212937363,3214.4552244709853,0.098141,C,3.3458
85513,qmof-1f58054,6.52412,0.9001982212937363,3214.4552244709853,-0.165992,C,3.3952
85595,qmof-1f58054,6.52412,0.9001982212937363,3214.4552244709853,-0.174579,C,3.5208
85677,qmof-1f58054,6.52412,0.9001982212937363,3214.4552244709853,-0.205854,C,3.4141
85759,qmof-1f58054,6.52412,0.9001982212937363,3214.4552244709853,-0.193699,N,5.482
85841,qmof-1f58054,6.52412,0.9001982212937363,3214.4552244709853,-0.300612,N,5.4462
86087,qmof-1f58054,6.52412,0.9001982212937363,3214.4552244709853,-0.193339,N,5.482
86169,qmof-1f58054,6.52412,0.9001982212937363,3214.4552244709853,-0.300531,N,5.4462
86415,qmof-201af6e,12.31878,0.721481948016194,7774.130658964652,2.121075,Hf,2.7595
86453,qmof-201af6e,12.31878,0.721481948016194,7774.130658964652,2.174117,Hf,2.7521
86491,qmof-201af6e,12.31878,0.721481948016194,7774.130658964652,2.141374,Hf,2.6804
86529,qmof-201af6e,12.31878,0.721481948016194,7774.130658964652,2.16247,Hf,2.6673
86567,qmof-201af6e,12.31878,0.721481948016194,7774.130658964652,2.138322,Hf,2.6366
86605,qmof-201af6e,12.31878,0.721481948016194,7774.130658964652,-0.769523,Hf,2.6057
86643,qmof-201af6e,12.31878,0.721481948016194,7774.130658964652,-0.587595,O,7.3315
86681,qmof-201af6e,12.31878,0.721481948016194,7774.130658964652,-0.618662,O,7.8983
86719,qmof-201af6e,12.31878,0.721481948016194,7774.130658964652,-0.616712,O,8.0817
86757,qmof-201af6e,12.31878,0.721481948016194,7774.130658964652,-0.547503,O,8.0891
86795,qmof-201af6e,12.31878,0.721481948016194,7774.130658964652,-0.569401,O,7.9623
86833,qmof-201af6e,12.31878,0.721481948016194,7774.130658964652,-0.555194,O,7.9989
86871,qmof-201af6e,12.31878,0.721481948016194,7774.130658964652,-1.053782,O,7.9282
86909,qmof-201af6e,12.31878,0.721481948016194,7774.130658964652,-0.980039,O,7.7074
86947,qmof-201af6e,12.31878,0.721481948016194,7774.130658964652,-0.963695,O,7.3655
86985,qmof-201af6e,12.31878,0.721481948016194,7774.130658964652,-1.046881,O,7.3781
87023,qmof-201af6e,12.31878,0.721481948016194,7774.130658964652,-0.903454,O,7.6814
87061,qmof-201af6e,12.31878,0.721481948016194,7774.130658964652,-0.770972,O,7.7124
87137,qmof-201af6e,12.31878,0.721481948016194,7774.130658964652,-0.970901,O,7.7018
87175,qmof-201af6e,12.31878,0.721481948016194,7774.130658964652,-1.076126,O,7.3648
87213,qmof-201af6e,12.31878,0.721481948016194,7774.130658964652,-0.96599,O,7.6941
87251,qmof-201af6e,12.31878,0.721481948016194,7774.130658964652,-0.908584,O,7.3347
87289,qmof-201af6e,12.31878,0.721481948016194,7774.130658964652,-0.587681,O,7.6686
87327,qmof-201af6e,12.31878,0.721481948016194,7774.130658964652,-0.599107,O,8.0872
87365,qmof-201af6e,12.31878,0.721481948016194,7774.130658964652,-0.91152,O,8.0591
87403,qmof-201af6e,12.31878,0.721481948016194,7774.130658964652,-0.567539,O,7.8501
87441,qmof-201af6e,12.31878,0.721481948016194,7774.130658964652,-0.910027,O,7.9233
87479,qmof-201af6e,12.31878,0.721481948016194,7774.130658964652,-0.809272,O,7.9453
87517,qmof-201af6e,12.31878,0.721481948016194,7774.130658964652,-0.79099,O,7.2896
87593,qmof-201af6e,12.31878,0.721481948016194,7774.130658964652,-0.774258,O,8.0667
87669,qmof-201af6e,12.31878,0.721481948016194,7774.130658964652,-0.586212,O,7.2434
87707,qmof-201af6e,12.31878,0.721481948016194,7774.130658964652,-0.56453,O,7.9203
87745,qmof-201af6e,12.31878,0.721481948016194,7774.130658964652,-0.890169,O,7.9445
87783,qmof-201af6e,12.31878,0.721481948016194,7774.130658964652,-0.941501,O,7.667
87821,qmof-201af6e,12.31878,0.721481948016194,7774.130658964652,0.419844,O,8.022
89303,qmof-20874c7,8.74715,0.6152631429084177,7227.962579162955,2.380553,Zr,3.2414
89341,qmof-20874c7,8.74715,0.6152631429084177,7227.962579162955,2.380528,Zr,3.2414
89378,qmof-20874c7,8.74715,0.6152631429084177,7227.962579162955,2.380419,Zr,3.2413
89416,qmof-20874c7,8.74715,0.6152631429084177,7227.962579162955,2.38035,Zr,3.2414
89454,qmof-20874c7,8.74715,0.6152631429084177,7227.962579162955,2.380364,Zr,3.2414
89492,qmof-20874c7,8.74715,0.6152631429084177,7227.962579162955,-0.611613,Zr,3.2414
89530,qmof-20874c7,8.74715,0.6152631429084177,7227.962579162955,-0.611411,O,8.1432
89568,qmof-20874c7,8.74715,0.6152631429084177,7227.962579162955,-0.611405,O,8.1433
89606,qmof-20874c7,8.74715,0.6152631429084177,7227.962579162955,-0.611697,O,8.1432
89644,qmof-20874c7,8.74715,0.6152631429084177,7227.962579162955,-0.611579,O,8.1431
89682,qmof-20874c7,8.74715,0.6152631429084177,7227.962579162955,-0.611652,O,8.1431
89720,qmof-20874c7,8.74715,0.6152631429084177,7227.962579162955,-0.611569,O,8.1433
89758,qmof-20874c7,8.74715,0.6152631429084177,7227.962579162955,-0.611568,O,8.1431
89796,qmof-20874c7,8.74715,0.6152631429084177,7227.962579162955,-0.611622,O,8.1429
89834,qmof-20874c7,8.74715,0.6152631429084177,7227.962579162955,-0.611551,O,8.1432
89872,qmof-20874c7,8.74715,0.6152631429084177,7227.962579162955,-0.611528,O,8.1431
89910,qmof-20874c7,8.74715,0.6152631429084177,7227.962579162955,-0.611464,O,8.1432
89948,qmof-20874c7,8.74715,0.6152631429084177,7227.962579162955,-0.62565,O,8.1432
89986,qmof-20874c7,8.74715,0.6152631429084177,7227.962579162955,-0.625657,O,8.0066
90024,qmof-20874c7,8.74715,0.6152631429084177,7227.962579162955,-0.625582,O,8.0067
90062,qmof-20874c7,8.74715,0.6152631429084177,7227.962579162955,-0.625631,O,8.0066
90100,qmof-20874c7,8.74715,0.6152631429084177,7227.962579162955,-0.625621,O,8.0067
90138,qmof-20874c7,8.74715,0.6152631429084177,7227.962579162955,-0.625832,O,8.0067
90176,qmof-20874c7,8.74715,0.6152631429084177,7227.962579162955,-0.62543,O,8.0067
90214,qmof-20874c7,8.74715,0.6152631429084177,7227.962579162955,-0.625823,O,8.0067
90252,qmof-20874c7,8.74715,0.6152631429084177,7227.962579162955,-0.625767,O,8.0064
90290,qmof-20874c7,8.74715,0.6152631429084177,7227.962579162955,-0.625868,O,8.0067
90328,qmof-20874c7,8.74715,0.6152631429084177,7227.962579162955,-0.625471,O,8.0065
90366,qmof-20874c7,8.74715,0.6152631429084177,7227.962579162955,-0.625451,O,8.0064
90404,qmof-20874c7,8.74715,0.6152631429084177,7227.962579162955,-1.066213,O,8.0064
90442,qmof-20874c7,8.74715,0.6152631429084177,7227.962579162955,-1.066445,O,7.7302
90480,qmof-20874c7,8.74715,0.6152631429084177,7227.962579162955,-1.066408,O,7.7303
90518,qmof-20874c7,8.74715,0.6152631429084177,7227.962579162955,-1.066269,O,7.7302
90556,qmof-20874c7,8.74715,0.6152631429084177,7227.962579162955,-1.148162,O,7.7301
90594,qmof-20874c7,8.74715,0.6152631429084177,7227.962579162955,-1.148006,O,8.294
90632,qmof-20874c7,8.74715,0.6152631429084177,7227.962579162955,-1.148253,O,8.2941
90670,qmof-20874c7,8.74715,0.6152631429084177,7227.962579162955,-1.148092,O,8.2941
90708,qmof-20874c7,8.74715,0.6152631429084177,7227.962579162955,0.423466,O,8.2941
90746,qmof-2239292,4.9031,1.1862462219725425,3209.2616440331512,2.375546,Zr,3.2448
90788,qmof-2239292,4.9031,1.1862462219725425,3209.2616440331512,2.378795,Zr,3.2462
90830,qmof-2239292,4.9031,1.1862462219725425,3209.2616440331512,2.379395,Zr,3.2569
90872,qmof-2239292,4.9031,1.1862462219725425,3209.2616440331512,2.380168,Zr,3.255
90914,qmof-2239292,4.9031,1.1862462219725425,3209.2616440331512,2.380278,Zr,3.2596
90956,qmof-2239292,4.9031,1.1862462219725425,3209.2616440331512,-0.612529,Zr,3.2581
90998,qmof-2239292,4.9031,1.1862462219725425,3209.2616440331512,-0.612887,O,8.1201
91040,qmof-2239292,4.9031,1.1862462219725425,3209.2616440331512,-0.615199,O,8.1207
91082,qmof-2239292,4.9031,1.1862462219725425,3209.2616440331512,-0.615869,O,8.1288
91124,qmof-2239292,4.9031,1.1862462219725425,3209.2616440331512,-0.606899,O,8.1133
91166,qmof-2239292,4.9031,1.1862462219725425,3209.2616440331512,-0.609617,O,8.1678
91208,qmof-2239292,4.9031,1.1862462219725425,3209.2616440331512,-0.607084,O,8.0912
91250,qmof-2239292,4.9031,1.1862462219725425,3209.2616440331512,-0.61062,O,8.1679
91292,qmof-2239292,4.9031,1.1862462219725425,3209.2616440331512,-0.611765,O,8.1305
91334,qmof-2239292,4.9031,1.1862462219725425,3209.2616440331512,-0.60964,O,8.1292
91376,qmof-2239292,4.9031,1.1862462219725425,3209.2616440331512,-0.609067,O,8.1291
91418,qmof-2239292,4.9031,1.1862462219725425,3209.2616440331512,-0.612115,O,8.1298
91460,qmof-2239292,4.9031,1.1862462219725425,3209.2616440331512,-0.616095,O,8.1305
91502,qmof-2239292,4.9031,1.1862462219725425,3209.2616440331512,-0.616097,O,8.0474
91544,qmof-2239292,4.9031,1.1862462219725425,3209.2616440331512,-0.615261,O,8.0453
91586,qmof-2239292,4.9031,1.1862462219725425,3209.2616440331512,-0.614101,O,8.0372
91628,qmof-2239292,4.9031,1.1862462219725425,3209.2616440331512,-0.611528,O,8.0388
91670,qmof-2239292,4.9031,1.1862462219725425,3209.2616440331512,-0.614606,O,8.1638
91712,qmof-2239292,4.9031,1.1862462219725425,3209.2616440331512,-0.61196,O,8.0205
91754,qmof-2239292,4.9031,1.1862462219725425,3209.2616440331512,-0.615535,O,8.1696
91796,qmof-2239292,4.9031,1.1862462219725425,3209.2616440331512,-0.609954,O,8.0206
91838,qmof-2239292,4.9031,1.1862462219725425,3209.2616440331512,-0.610345,O,8.04
91880,qmof-2239292,4.9031,1.1862462219725425,3209.2616440331512,-0.610808,O,8.0433
91922,qmof-2239292,4.9031,1.1862462219725425,3209.2616440331512,-0.609622,O,8.0432
91964,qmof-2239292,4.9031,1.1862462219725425,3209.2616440331512,-1.070466,O,8.0405
92006,qmof-2239292,4.9031,1.1862462219725425,3209.2616440331512,-1.071433,O,7.7059
92048,qmof-2239292,4.9031,1.1862462219725425,3209.2616440331512,-1.071907,O,7.7064
92090,qmof-2239292,4.9031,1.1862462219725425,3209.2616440331512,-1.07159,O,7.7382
92132,qmof-2239292,4.9031,1.1862462219725425,3209.2616440331512,-1.150295,O,7.7087
92174,qmof-2239292,4.9031,1.1862462219725425,3209.2616440331512,-1.150692,O,8.2543
92216,qmof-2239292,4.9031,1.1862462219725425,3209.2616440331512,-1.1527,O,8.2557
92258,qmof-2239292,4.9031,1.1862462219725425,3209.2616440331512,-1.152268,O,8.2621
92300,qmof-2239292,4.9031,1.1862462219725425,3209.2616440331512,-0.47103,O,8.2592
92384,qmof-2239292,4.9031,1.1862462219725425,3209.2616440331512,-0.470414,O,8.3039
92468,qmof-2239292,4.9031,1.1862462219725425,3209.2616440331512,0.423787,O,8.3045
92510,qmof-235f291,7.99766,0.8708013722848938,1017.9543044266646,0.289471,Ni,10.4587
92530,qmof-235f291,7.99766,0.8708013722848938,1017.9543044266646,-0.097987,Ni,10.4579
92550,qmof-235f291,7.99766,0.8708013722848938,1017.9543044266646,-0.099462,N,5.8164
92570,qmof-235f291,7.99766,0.8708013722848938,1017.9543044266646,-0.098246,N,5.8223
92590,qmof-235f291,7.99766,0.8708013722848938,1017.9543044266646,-0.09768,N,5.8225
92610,qmof-235f291,7.99766,0.8708013722848938,1017.9543044266646,-0.097943,N,5.8162
92630,qmof-235f291,7.99766,0.8708013722848938,1017.9543044266646,-0.09929,N,5.8165
92650,qmof-235f291,7.99766,0.8708013722848938,1017.9543044266646,-0.098366,N,5.8162
92670,qmof-235f291,7.99766,0.8708013722848938,1017.9543044266646,-0.097724,N,5.8161
92690,qmof-235f291,7.99766,0.8708013722848938,1017.9543044266646,0.092398,N,5.8166
92710,qmof-238182d,3.39189,1.3411876030597194,2273.6811252313514,2.367729,Zr,3.2343
92748,qmof-238182d,3.39189,1.3411876030597194,2273.6811252313514,2.373488,Zr,3.233
92786,qmof-238182d,3.39189,1.3411876030597194,2273.6811252313514,2.373143,Zr,3.2419
92824,qmof-238182d,3.39189,1.3411876030597194,2273.6811252313514,2.367443,Zr,3.2432
92862,qmof-238182d,3.39189,1.3411876030597194,2273.6811252313514,2.367484,Zr,3.2302
92900,qmof-238182d,3.39189,1.3411876030597194,2273.6811252313514,-0.610016,Zr,3.2313
92938,qmof-238182d,3.39189,1.3411876030597194,2273.6811252313514,-0.609803,O,8.1236
92976,qmof-238182d,3.39189,1.3411876030597194,2273.6811252313514,-0.610394,O,8.1206
93014,qmof-238182d,3.39189,1.3411876030597194,2273.6811252313514,-0.608526,O,8.1201
93052,qmof-238182d,3.39189,1.3411876030597194,2273.6811252313514,-0.628955,O,8.1225
93090,qmof-238182d,3.39189,1.3411876030597194,2273.6811252313514,-0.611231,O,8.2331
93128,qmof-238182d,3.39189,1.3411876030597194,2273.6811252313514,-0.624745,O,8.1247
93166,qmof-238182d,3.39189,1.3411876030597194,2273.6811252313514,-0.610554,O,8.2363
93204,qmof-238182d,3.39189,1.3411876030597194,2273.6811252313514,-0.610542,O,8.1204
93242,qmof-238182d,3.39189,1.3411876030597194,2273.6811252313514,-0.610848,O,8.1166
93280,qmof-238182d,3.39189,1.3411876030597194,2273.6811252313514,-0.611107,O,8.1186
93318,qmof-238182d,3.39189,1.3411876030597194,2273.6811252313514,-0.610474,O,8.1168
93356,qmof-238182d,3.39189,1.3411876030597194,2273.6811252313514,-0.621516,O,8.1162
93394,qmof-238182d,3.39189,1.3411876030597194,2273.6811252313514,-0.619895,O,8.1588
93432,qmof-238182d,3.39189,1.3411876030597194,2273.6811252313514,-0.62247,O,8.1641
93470,qmof-238182d,3.39189,1.3411876030597194,2273.6811252313514,-0.623236,O,8.1664
93508,qmof-238182d,3.39189,1.3411876030597194,2273.6811252313514,-0.619971,O,8.1664
93546,qmof-238182d,3.39189,1.3411876030597194,2273.6811252313514,-0.62253,O,8.2704
93584,qmof-238182d,3.39189,1.3411876030597194,2273.6811252313514,-0.624927,O,8.1614
93622,qmof-238182d,3.39189,1.3411876030597194,2273.6811252313514,-0.623035,O,8.2642
93660,qmof-238182d,3.39189,1.3411876030597194,2273.6811252313514,-0.622073,O,8.165
93698,qmof-238182d,3.39189,1.3411876030597194,2273.6811252313514,-0.622709,O,8.1648
93736,qmof-238182d,3.39189,1.3411876030597194,2273.6811252313514,-0.620694,O,8.1633
93774,qmof-238182d,3.39189,1.3411876030597194,2273.6811252313514,-0.621616,O,8.1601
93812,qmof-238182d,3.39189,1.3411876030597194,2273.6811252313514,-1.07306,O,8.1633
93850,qmof-238182d,3.39189,1.3411876030597194,2273.6811252313514,-1.070689,O,7.7544
93888,qmof-238182d,3.39189,1.3411876030597194,2273.6811252313514,-1.070465,O,7.7513
93926,qmof-238182d,3.39189,1.3411876030597194,2273.6811252313514,-1.071196,O,7.7516
93964,qmof-238182d,3.39189,1.3411876030597194,2273.6811252313514,-1.148414,O,7.7541
94002,qmof-238182d,3.39189,1.3411876030597194,2273.6811252313514,-1.148845,O,8.3385
94040,qmof-238182d,3.39189,1.3411876030597194,2273.6811252313514,-1.147895,O,8.3444
94078,qmof-238182d,3.39189,1.3411876030597194,2273.6811252313514,-1.147752,O,8.345
94116,qmof-238182d,3.39189,1.3411876030597194,2273.6811252313514,0.422846,O,8.345
94154,qmof-244f5c8,4.55004,0.834185425807945,5044.164048296905,2.372894,Zr,3.247
94192,qmof-244f5c8,4.55004,0.834185425807945,5044.164048296905,2.372887,Zr,3.247
94230,qmof-244f5c8,4.55004,0.834185425807945,5044.164048296905,2.372921,Zr,3.247
94268,qmof-244f5c8,4.55004,0.834185425807945,5044.164048296905,2.372988,Zr,3.247
94306,qmof-244f5c8,4.55004,0.834185425807945,5044.164048296905,2.372994,Zr,3.2469
94344,qmof-244f5c8,4.55004,0.834185425807945,5044.164048296905,-0.616081,Zr,3.2469
94382,qmof-244f5c8,4.55004,0.834185425807945,5044.164048296905,-0.616139,O,8.1586
94420,qmof-244f5c8,4.55004,0.834185425807945,5044.164048296905,-0.616081,O,8.1586
94458,qmof-244f5c8,4.55004,0.834185425807945,5044.164048296905,-0.616144,O,8.1586
94496,qmof-244f5c8,4.55004,0.834185425807945,5044.164048296905,-0.616159,O,8.1586
94534,qmof-244f5c8,4.55004,0.834185425807945,5044.164048296905,-0.616184,O,8.1585
94572,qmof-244f5c8,4.55004,0.834185425807945,5044.164048296905,-0.616048,O,8.1585
94610,qmof-244f5c8,4.55004,0.834185425807945,5044.164048296905,-0.616055,O,8.1585
94648,qmof-244f5c8,4.55004,0.834185425807945,5044.164048296905,-0.616107,O,8.1586
94686,qmof-244f5c8,4.55004,0.834185425807945,5044.164048296905,-0.616127,O,8.1586
94724,qmof-244f5c8,4.55004,0.834185425807945,5044.164048296905,-0.61615,O,8.1587
94762,qmof-244f5c8,4.55004,0.834185425807945,5044.164048296905,-0.61616,O,8.1587
94800,qmof-244f5c8,4.55004,0.834185425807945,5044.164048296905,-0.618454,O,8.1587
94838,qmof-244f5c8,4.55004,0.834185425807945,5044.164048296905,-0.618444,O,8.1613
94876,qmof-244f5c8,4.55004,0.834185425807945,5044.164048296905,-0.618425,O,8.1613
94914,qmof-244f5c8,4.55004,0.834185425807945,5044.164048296905,-0.618356,O,8.1613
94952,qmof-244f5c8,4.55004,0.834185425807945,5044.164048296905,-0.618428,O,8.1613
94990,qmof-244f5c8,4.55004,0.834185425807945,5044.164048296905,-0.618431,O,8.1614
95028,qmof-244f5c8,4.55004,0.834185425807945,5044.164048296905,-0.618424,O,8.1613
95066,qmof-244f5c8,4.55004,0.834185425807945,5044.164048296905,-0.618427,O,8.1613
95104,qmof-244f5c8,4.55004,0.834185425807945,5044.164048296905,-0.618412,O,8.1614
95142,qmof-244f5c8,4.55004,0.834185425807945,5044.164048296905,-0.618405,O,8.1614
95180,qmof-244f5c8,4.55004,0.834185425807945,5044.164048296905,-0.618291,O,8.1614
95218,qmof-244f5c8,4.55004,0.834185425807945,5044.164048296905,-0.618267,O,8.1614
95256,qmof-244f5c8,4.55004,0.834185425807945,5044.164048296905,-1.070654,O,8.1614
95294,qmof-244f5c8,4.55004,0.834185425807945,5044.164048296905,-1.07071,O,7.7259
95332,qmof-244f5c8,4.55004,0.834185425807945,5044.164048296905,-1.070711,O,7.7259
95370,qmof-244f5c8,4.55004,0.834185425807945,5044.164048296905,-1.07067,O,7.7259
95408,qmof-244f5c8,4.55004,0.834185425807945,5044.164048296905,-1.149094,O,7.7259
95446,qmof-244f5c8,4.55004,0.834185425807945,5044.164048296905,-1.149091,O,8.2765
95484,qmof-244f5c8,4.55004,0.834185425807945,5044.164048296905,-1.149185,O,8.2765
95522,qmof-244f5c8,4.55004,0.834185425807945,5044.164048296905,-1.149011,O,8.2765
95560,qmof-244f5c8,4.55004,0.834185425807945,5044.164048296905,0.422763,O,8.2765
95598,qmof-248a9de,4.5717,0.8557157919577031,5010.477919232393,2.372945,Zr,3.2453
95636,qmof-248a9de,4.5717,0.8557157919577031,5010.477919232393,2.372886,Zr,3.2454
95674,qmof-248a9de,4.5717,0.8557157919577031,5010.477919232393,2.373178,Zr,3.2475
95712,qmof-248a9de,4.5717,0.8557157919577031,5010.477919232393,2.372964,Zr,3.2471
95750,qmof-248a9de,4.5717,0.8557157919577031,5010.477919232393,2.373394,Zr,3.2453
95788,qmof-248a9de,4.5717,0.8557157919577031,5010.477919232393,-0.616336,Zr,3.2458
95826,qmof-248a9de,4.5717,0.8557157919577031,5010.477919232393,-0.616477,O,8.1638
95864,qmof-248a9de,4.5717,0.8557157919577031,5010.477919232393,-0.616837,O,8.1633
95902,qmof-248a9de,4.5717,0.8557157919577031,5010.477919232393,-0.616428,O,8.1637
95940,qmof-248a9de,4.5717,0.8557157919577031,5010.477919232393,-0.614284,O,8.1642
95978,qmof-248a9de,4.5717,0.8557157919577031,5010.477919232393,-0.615712,O,8.1568
96016,qmof-248a9de,4.5717,0.8557157919577031,5010.477919232393,-0.614051,O,8.1635
96054,qmof-248a9de,4.5717,0.8557157919577031,5010.477919232393,-0.616162,O,8.1561
96092,qmof-248a9de,4.5717,0.8557157919577031,5010.477919232393,-0.617504,O,8.1631
96130,qmof-248a9de,4.5717,0.8557157919577031,5010.477919232393,-0.616686,O,8.1598
96168,qmof-248a9de,4.5717,0.8557157919577031,5010.477919232393,-0.616512,O,8.1591
96206,qmof-248a9de,4.5717,0.8557157919577031,5010.477919232393,-0.617525,O,8.1594
96244,qmof-248a9de,4.5717,0.8557157919577031,5010.477919232393,-0.618932,O,8.1603
96282,qmof-248a9de,4.5717,0.8557157919577031,5010.477919232393,-0.618926,O,8.1568
96320,qmof-248a9de,4.5717,0.8557157919577031,5010.477919232393,-0.617605,O,8.1565
96358,qmof-248a9de,4.5717,0.8557157919577031,5010.477919232393,-0.618432,O,8.1562
96396,qmof-248a9de,4.5717,0.8557157919577031,5010.477919232393,-0.619629,O,8.1563
96434,qmof-248a9de,4.5717,0.8557157919577031,5010.477919232393,-0.620015,O,8.1652
96472,qmof-248a9de,4.5717,0.8557157919577031,5010.477919232393,-0.61947,O,8.1609
96510,qmof-248a9de,4.5717,0.8557157919577031,5010.477919232393,-0.619253,O,8.1661
96548,qmof-248a9de,4.5717,0.8557157919577031,5010.477919232393,-0.618552,O,8.1605
96586,qmof-248a9de,4.5717,0.8557157919577031,5010.477919232393,-0.61858,O,8.1584
96624,qmof-248a9de,4.5717,0.8557157919577031,5010.477919232393,-0.618527,O,8.1586
96662,qmof-248a9de,4.5717,0.8557157919577031,5010.477919232393,-0.618615,O,8.1588
96700,qmof-248a9de,4.5717,0.8557157919577031,5010.477919232393,-1.06999,O,8.1582
96738,qmof-248a9de,4.5717,0.8557157919577031,5010.477919232393,-1.070291,O,7.7272
96776,qmof-248a9de,4.5717,0.8557157919577031,5010.477919232393,-1.068231,O,7.7268
96814,qmof-248a9de,4.5717,0.8557157919577031,5010.477919232393,-1.067579,O,7.7233
96852,qmof-248a9de,4.5717,0.8557157919577031,5010.477919232393,-1.149579,O,7.7229
96890,qmof-248a9de,4.5717,0.8557157919577031,5010.477919232393,-1.148958,O,8.2767
96928,qmof-248a9de,4.5717,0.8557157919577031,5010.477919232393,-1.149839,O,8.2771
96966,qmof-248a9de,4.5717,0.8557157919577031,5010.477919232393,-1.149023,O,8.2742
97004,qmof-248a9de,4.5717,0.8557157919577031,5010.477919232393,0.421753,O,8.2744
98485,qmof-27b7e03,3.90003,1.470186589485344,2823.670448360848,2.147047,Hf,2.8353
98523,qmof-27b7e03,3.90003,1.470186589485344,2823.670448360848,2.147375,Hf,2.8353
98561,qmof-27b7e03,3.90003,1.470186589485344,2823.670448360848,2.146962,Hf,2.8177
98599,qmof-27b7e03,3.90003,1.470186589485344,2823.670448360848,2.147855,Hf,2.8352
98637,qmof-27b7e03,3.90003,1.470186589485344,2823.670448360848,2.147312,Hf,2.8179
98675,qmof-27b7e03,3.90003,1.470186589485344,2823.670448360848,-0.591657,Hf,2.8181
98713,qmof-27b7e03,3.90003,1.470186589485344,2823.670448360848,-0.579653,O,7.909
98751,qmof-27b7e03,3.90003,1.470186589485344,2823.670448360848,-0.580479,O,7.9967
98789,qmof-27b7e03,3.90003,1.470186589485344,2823.670448360848,-0.604716,O,7.9981
98827,qmof-27b7e03,3.90003,1.470186589485344,2823.670448360848,-0.588505,O,7.8843
98865,qmof-27b7e03,3.90003,1.470186589485344,2823.670448360848,-0.590996,O,7.8673
98903,qmof-27b7e03,3.90003,1.470186589485344,2823.670448360848,-0.590477,O,7.8255
98941,qmof-27b7e03,3.90003,1.470186589485344,2823.670448360848,-0.581878,O,7.8246
98979,qmof-27b7e03,3.90003,1.470186589485344,2823.670448360848,-1.056209,O,7.8781
99017,qmof-27b7e03,3.90003,1.470186589485344,2823.670448360848,-1.056383,O,7.5516
99055,qmof-27b7e03,3.90003,1.470186589485344,2823.670448360848,-0.982426,O,7.5518
99093,qmof-27b7e03,3.90003,1.470186589485344,2823.670448360848,-0.995285,O,7.405
99131,qmof-27b7e03,3.90003,1.470186589485344,2823.670448360848,-0.604943,O,7.2415
99169,qmof-27b7e03,3.90003,1.470186589485344,2823.670448360848,-0.587468,O,7.8844
99207,qmof-27b7e03,3.90003,1.470186589485344,2823.670448360848,-0.581175,O,7.9982
99245,qmof-27b7e03,3.90003,1.470186589485344,2823.670448360848,-0.592463,O,7.9972
99283,qmof-27b7e03,3.90003,1.470186589485344,2823.670448360848,-0.587064,O,7.9081
99321,qmof-27b7e03,3.90003,1.470186589485344,2823.670448360848,-0.604872,O,7.9982
99359,qmof-27b7e03,3.90003,1.470186589485344,2823.670448360848,-0.593092,O,7.8845
99397,qmof-27b7e03,3.90003,1.470186589485344,2823.670448360848,-0.58702,O,7.9082
99435,qmof-27b7e03,3.90003,1.470186589485344,2823.670448360848,-0.582754,O,7.9979
99473,qmof-27b7e03,3.90003,1.470186589485344,2823.670448360848,-0.599214,O,7.8764
99511,qmof-27b7e03,3.90003,1.470186589485344,2823.670448360848,-0.591172,O,7.8456
99549,qmof-27b7e03,3.90003,1.470186589485344,2823.670448360848,-0.588575,O,7.8245
99587,qmof-27b7e03,3.90003,1.470186589485344,2823.670448360848,-0.599068,O,7.8665
99625,qmof-27b7e03,3.90003,1.470186589485344,2823.670448360848,-0.582619,O,7.8459
99663,qmof-27b7e03,3.90003,1.470186589485344,2823.670448360848,-0.588152,O,7.8776
99701,qmof-27b7e03,3.90003,1.470186589485344,2823.670448360848,-0.599323,O,7.8671
99739,qmof-27b7e03,3.90003,1.470186589485344,2823.670448360848,-1.062846,O,7.846
99777,qmof-27b7e03,3.90003,1.470186589485344,2823.670448360848,-1.054455,O,7.6058
99814,qmof-27b7e03,3.90003,1.470186589485344,2823.670448360848,-0.997449,O,7.5512
99852,qmof-27b7e03,3.90003,1.470186589485344,2823.670448360848,-0.996506,O,7.2431
99890,qmof-27b7e03,3.90003,1.470186589485344,2823.670448360848,0.135167,O,7.2416
99928,qmof-2b2e2fd,3.39057,1.3870759136445294,2292.544049018382,2.37999,Zr,3.2467
99968,qmof-2b2e2fd,3.39057,1.3870759136445294,2292.544049018382,2.374795,Zr,3.2499
100008,qmof-2b2e2fd,3.39057,1.3870759136445294,2292.544049018382,2.374388,Zr,3.2423
100048,qmof-2b2e2fd,3.39057,1.3870759136445294,2292.544049018382,2.379493,Zr,3.2397
100088,qmof-2b2e2fd,3.39057,1.3870759136445294,2292.544049018382,2.378399,Zr,3.2498
100128,qmof-2b2e2fd,3.39057,1.3870759136445294,2292.544049018382,-0.618609,Zr,3.2512
100168,qmof-2b2e2fd,3.39057,1.3870759136445294,2292.544049018382,-0.608214,O,8.0836
100208,qmof-2b2e2fd,3.39057,1.3870759136445294,2292.544049018382,-0.609747,O,8.0612
100248,qmof-2b2e2fd,3.39057,1.3870759136445294,2292.544049018382,-0.618645,O,8.0556
100288,qmof-2b2e2fd,3.39057,1.3870759136445294,2292.544049018382,-0.620997,O,8.0694
100328,qmof-2b2e2fd,3.39057,1.3870759136445294,2292.544049018382,-0.618036,O,8.1584
100368,qmof-2b2e2fd,3.39057,1.3870759136445294,2292.544049018382,-0.610742,O,8.0759
100408,qmof-2b2e2fd,3.39057,1.3870759136445294,2292.544049018382,-0.618434,O,8.1111
100448,qmof-2b2e2fd,3.39057,1.3870759136445294,2292.544049018382,-0.615746,O,8.0755
100488,qmof-2b2e2fd,3.39057,1.3870759136445294,2292.544049018382,-0.613671,O,8.0775
100528,qmof-2b2e2fd,3.39057,1.3870759136445294,2292.544049018382,-0.613456,O,8.0791
100568,qmof-2b2e2fd,3.39057,1.3870759136445294,2292.544049018382,-0.615823,O,8.0864
100608,qmof-2b2e2fd,3.39057,1.3870759136445294,2292.544049018382,-0.611064,O,8.0767
100648,qmof-2b2e2fd,3.39057,1.3870759136445294,2292.544049018382,-0.61192,O,8.1736
100688,qmof-2b2e2fd,3.39057,1.3870759136445294,2292.544049018382,-0.61212,O,8.1725
100728,qmof-2b2e2fd,3.39057,1.3870759136445294,2292.544049018382,-0.610172,O,8.1689
100768,qmof-2b2e2fd,3.39057,1.3870759136445294,2292.544049018382,-0.597309,O,8.1718
100808,qmof-2b2e2fd,3.39057,1.3870759136445294,2292.544049018382,-0.605015,O,8.1306
100848,qmof-2b2e2fd,3.39057,1.3870759136445294,2292.544049018382,-0.602315,O,8.1359
100888,qmof-2b2e2fd,3.39057,1.3870759136445294,2292.544049018382,-0.606592,O,8.0975
100928,qmof-2b2e2fd,3.39057,1.3870759136445294,2292.544049018382,-0.606863,O,8.1485
100968,qmof-2b2e2fd,3.39057,1.3870759136445294,2292.544049018382,-0.607857,O,8.1552
101008,qmof-2b2e2fd,3.39057,1.3870759136445294,2292.544049018382,-0.611006,O,8.1635
101048,qmof-2b2e2fd,3.39057,1.3870759136445294,2292.544049018382,-0.61017,O,8.1544
101088,qmof-2b2e2fd,3.39057,1.3870759136445294,2292.544049018382,-1.073698,O,8.1485
101128,qmof-2b2e2fd,3.39057,1.3870759136445294,2292.544049018382,-1.072248,O,7.7112
101168,qmof-2b2e2fd,3.39057,1.3870759136445294,2292.544049018382,-1.074831,O,7.7036
101208,qmof-2b2e2fd,3.39057,1.3870759136445294,2292.544049018382,-1.072448,O,7.7235
101248,qmof-2b2e2fd,3.39057,1.3870759136445294,2292.544049018382,-1.151551,O,7.7125
101288,qmof-2b2e2fd,3.39057,1.3870759136445294,2292.544049018382,-1.151322,O,8.2739
101328,qmof-2b2e2fd,3.39057,1.3870759136445294,2292.544049018382,-1.152355,O,8.2857
101368,qmof-2b2e2fd,3.39057,1.3870759136445294,2292.544049018382,-1.151776,O,8.2899
101408,qmof-2b2e2fd,3.39057,1.3870759136445294,2292.544049018382,-0.316317,O,8.2809
101528,qmof-2ba6a09,4.8694,0.8222451470402075,4864.803900769766,2.37285,Zr,3.2433
101566,qmof-2ba6a09,4.8694,0.8222451470402075,4864.803900769766,2.372814,Zr,3.2433
101603,qmof-2ba6a09,4.8694,0.8222451470402075,4864.803900769766,2.372895,Zr,3.2433
101641,qmof-2ba6a09,4.8694,0.8222451470402075,4864.803900769766,2.372851,Zr,3.2433
101679,qmof-2ba6a09,4.8694,0.8222451470402075,4864.803900769766,2.372864,Zr,3.2433
101717,qmof-2ba6a09,4.8694,0.8222451470402075,4864.803900769766,-0.620261,Zr,3.2433
101755,qmof-2ba6a09,4.8694,0.8222451470402075,4864.803900769766,-0.62022,O,8.16
101793,qmof-2ba6a09,4.8694,0.8222451470402075,4864.803900769766,-0.620147,O,8.16
101831,qmof-2ba6a09,4.8694,0.8222451470402075,4864.803900769766,-0.620221,O,8.1601
101869,qmof-2ba6a09,4.8694,0.8222451470402075,4864.803900769766,-0.620256,O,8.16
101907,qmof-2ba6a09,4.8694,0.8222451470402075,4864.803900769766,-0.620193,O,8.1601
101945,qmof-2ba6a09,4.8694,0.8222451470402075,4864.803900769766,-0.620218,O,8.1601
101983,qmof-2ba6a09,4.8694,0.8222451470402075,4864.803900769766,-0.620269,O,8.1601
102021,qmof-2ba6a09,4.8694,0.8222451470402075,4864.803900769766,-0.620213,O,8.16
102059,qmof-2ba6a09,4.8694,0.8222451470402075,4864.803900769766,-0.620255,O,8.16
102097,qmof-2ba6a09,4.8694,0.8222451470402075,4864.803900769766,-0.620246,O,8.1601
102135,qmof-2ba6a09,4.8694,0.8222451470402075,4864.803900769766,-0.620214,O,8.1601
102173,qmof-2ba6a09,4.8694,0.8222451470402075,4864.803900769766,-0.620214,O,8.16
102211,qmof-2ba6a09,4.8694,0.8222451470402075,4864.803900769766,-0.620244,O,8.16
102249,qmof-2ba6a09,4.8694,0.8222451470402075,4864.803900769766,-0.620223,O,8.1601
102287,qmof-2ba6a09,4.8694,0.8222451470402075,4864.803900769766,-0.620232,O,8.1601
102325,qmof-2ba6a09,4.8694,0.8222451470402075,4864.803900769766,-0.620242,O,8.16
102363,qmof-2ba6a09,4.8694,0.8222451470402075,4864.803900769766,-0.620267,O,8.16
102401,qmof-2ba6a09,4.8694,0.8222451470402075,4864.803900769766,-0.620229,O,8.16
102439,qmof-2ba6a09,4.8694,0.8222451470402075,4864.803900769766,-0.6202,O,8.1601
102477,qmof-2ba6a09,4.8694,0.8222451470402075,4864.803900769766,-0.62017,O,8.1601
102515,qmof-2ba6a09,4.8694,0.8222451470402075,4864.803900769766,-0.620234,O,8.16
102553,qmof-2ba6a09,4.8694,0.8222451470402075,4864.803900769766,-0.620182,O,8.16
102591,qmof-2ba6a09,4.8694,0.8222451470402075,4864.803900769766,-0.620174,O,8.16
102629,qmof-2ba6a09,4.8694,0.8222451470402075,4864.803900769766,-1.065928,O,8.1601
102667,qmof-2ba6a09,4.8694,0.8222451470402075,4864.803900769766,-1.06606,O,7.724
102705,qmof-2ba6a09,4.8694,0.8222451470402075,4864.803900769766,-1.066033,O,7.724
102743,qmof-2ba6a09,4.8694,0.8222451470402075,4864.803900769766,-1.066005,O,7.724
102781,qmof-2ba6a09,4.8694,0.8222451470402075,4864.803900769766,-1.149193,O,7.724
102819,qmof-2ba6a09,4.8694,0.8222451470402075,4864.803900769766,-1.149382,O,8.274
102857,qmof-2ba6a09,4.8694,0.8222451470402075,4864.803900769766,-1.149338,O,8.274
102895,qmof-2ba6a09,4.8694,0.8222451470402075,4864.803900769766,-1.149278,O,8.2741
102933,qmof-2ba6a09,4.8694,0.8222451470402075,4864.803900769766,0.422015,O,8.274
102971,qmof-2bae975,3.60991,1.3603189696566669,2295.2958320115995,2.38234,Zr,3.2399
103009,qmof-2bae975,3.60991,1.3603189696566669,2295.2958320115995,2.376476,Zr,3.2434
103047,qmof-2bae975,3.60991,1.3603189696566669,2295.2958320115995,2.371496,Zr,3.2422
103085,qmof-2bae975,3.60991,1.3603189696566669,2295.2958320115995,2.377245,Zr,3.2402
103123,qmof-2bae975,3.60991,1.3603189696566669,2295.2958320115995,2.377171,Zr,3.2408
103161,qmof-2bae975,3.60991,1.3603189696566669,2295.2958320115995,-0.615411,Zr,3.2413
103199,qmof-2bae975,3.60991,1.3603189696566669,2295.2958320115995,-0.62032,O,8.1696
103237,qmof-2bae975,3.60991,1.3603189696566669,2295.2958320115995,-0.617116,O,7.9942
103275,qmof-2bae975,3.60991,1.3603189696566669,2295.2958320115995,-0.617626,O,7.9979
103313,qmof-2bae975,3.60991,1.3603189696566669,2295.2958320115995,-0.620638,O,8.1666
103351,qmof-2bae975,3.60991,1.3603189696566669,2295.2958320115995,-0.613341,O,8.1441
103389,qmof-2bae975,3.60991,1.3603189696566669,2295.2958320115995,-0.615924,O,8.1848
103427,qmof-2bae975,3.60991,1.3603189696566669,2295.2958320115995,-0.625381,O,8.0871
103465,qmof-2bae975,3.60991,1.3603189696566669,2295.2958320115995,-0.624355,O,8.0015
103503,qmof-2bae975,3.60991,1.3603189696566669,2295.2958320115995,-0.62391,O,8.0004
103541,qmof-2bae975,3.60991,1.3603189696566669,2295.2958320115995,-0.615917,O,8.0015
103579,qmof-2bae975,3.60991,1.3603189696566669,2295.2958320115995,-0.614113,O,8.1841
103617,qmof-2bae975,3.60991,1.3603189696566669,2295.2958320115995,-0.613287,O,8.1836
103655,qmof-2bae975,3.60991,1.3603189696566669,2295.2958320115995,-0.61546,O,8.1616
103693,qmof-2bae975,3.60991,1.3603189696566669,2295.2958320115995,-0.616135,O,8.1754
103731,qmof-2bae975,3.60991,1.3603189696566669,2295.2958320115995,-0.611784,O,8.1719
103769,qmof-2bae975,3.60991,1.3603189696566669,2295.2958320115995,-0.606035,O,8.1613
103807,qmof-2bae975,3.60991,1.3603189696566669,2295.2958320115995,-0.608171,O,8.1298
103845,qmof-2bae975,3.60991,1.3603189696566669,2295.2958320115995,-0.609023,O,8.142
103883,qmof-2bae975,3.60991,1.3603189696566669,2295.2958320115995,-0.615397,O,8.036
103921,qmof-2bae975,3.60991,1.3603189696566669,2295.2958320115995,-0.611302,O,8.1669
103959,qmof-2bae975,3.60991,1.3603189696566669,2295.2958320115995,-0.612395,O,8.1497
103997,qmof-2bae975,3.60991,1.3603189696566669,2295.2958320115995,-0.61471,O,8.1511
104035,qmof-2bae975,3.60991,1.3603189696566669,2295.2958320115995,-0.616541,O,8.1532
104073,qmof-2bae975,3.60991,1.3603189696566669,2295.2958320115995,-1.070648,O,8.1529
104111,qmof-2bae975,3.60991,1.3603189696566669,2295.2958320115995,-1.067197,O,7.7309
104149,qmof-2bae975,3.60991,1.3603189696566669,2295.2958320115995,-1.071026,O,7.7205
104187,qmof-2bae975,3.60991,1.3603189696566669,2295.2958320115995,-1.06842,O,7.7271
104225,qmof-2bae975,3.60991,1.3603189696566669,2295.2958320115995,-1.147802,O,7.7202
104263,qmof-2bae975,3.60991,1.3603189696566669,2295.2958320115995,-1.148918,O,8.2844
104301,qmof-2bae975,3.60991,1.3603189696566669,2295.2958320115995,-1.151082,O,8.2923
104339,qmof-2bae975,3.60991,1.3603189696566669,2295.2958320115995,-1.147821,O,8.2914
104377,qmof-2bae975,3.60991,1.3603189696566669,2295.2958320115995,0.422243,O,8.2819
104869,qmof-2c7b82d,13.12347,0.8303894340135978,3339.654914439285,-0.591801,O,7.8008
104945,qmof-2c7b82d,13.12347,0.8303894340135978,3339.654914439285,-0.601891,O,8.0913
105021,qmof-2c7b82d,13.12347,0.8303894340135978,3339.654914439285,-0.612764,O,8.0843
105097,qmof-2c7b82d,13.12347,0.8303894340135978,3339.654914439285,-0.613696,O,8.2396
105173,qmof-2c7b82d,13.12347,0.8303894340135978,3339.654914439285,-0.581512,O,8.4648
105249,qmof-2c7b82d,13.12347,0.8303894340135978,3339.654914439285,-0.614543,O,8.1032
105325,qmof-2c7b82d,13.12347,0.8303894340135978,3339.654914439285,-1.188746,O,8.2534
105401,qmof-2c7b82d,13.12347,0.8303894340135978,3339.654914439285,-1.072502,O,8.4391
105477,qmof-2c7b82d,13.12347,0.8303894340135978,3339.654914439285,-1.060473,O,7.8672
105552,qmof-2c7b82d,13.12347,0.8303894340135978,3339.654914439285,-1.160482,O,7.872
105625,qmof-2c7b82d,13.12347,0.8303894340135978,3339.654914439285,-0.984814,O,8.4214
105701,qmof-2c7b82d,13.12347,0.8303894340135978,3339.654914439285,-0.738551,O,8.4335
105777,qmof-2c7b82d,13.12347,0.8303894340135978,3339.654914439285,-1.177692,O,7.1898
105853,qmof-2c7b82d,13.12347,0.8303894340135978,3339.654914439285,-1.015852,O,8.3912
105928,qmof-2c7b82d,13.12347,0.8303894340135978,3339.654914439285,-1.199741,O,7.8223
106004,qmof-2c7b82d,13.12347,0.8303894340135978,3339.654914439285,-1.053129,O,8.3979
106079,qmof-2c7b82d,13.12347,0.8303894340135978,3339.654914439285,-1.016538,O,7.8286
106155,qmof-2c7b82d,13.12347,0.8303894340135978,3339.654914439285,-0.607659,O,8.3203
106231,qmof-2c7b82d,13.12347,0.8303894340135978,3339.654914439285,-0.590092,O,8.1771
106307,qmof-2c7b82d,13.12347,0.8303894340135978,3339.654914439285,-0.835733,O,8.1147
106383,qmof-2c7b82d,13.12347,0.8303894340135978,3339.654914439285,-0.605988,O,7.6292
106459,qmof-2c7b82d,13.12347,0.8303894340135978,3339.654914439285,-0.83253,O,8.1129
106535,qmof-2c7b82d,13.12347,0.8303894340135978,3339.654914439285,-0.9305,O,7.4701
106611,qmof-2c7b82d,13.12347,0.8303894340135978,3339.654914439285,-0.729255,O,7.7782
106687,qmof-2c7b82d,13.12347,0.8303894340135978,3339.654914439285,-0.617381,O,7.1462
106763,qmof-2c7b82d,13.12347,0.8303894340135978,3339.654914439285,-0.911943,O,8.1822
106839,qmof-2c7b82d,13.12347,0.8303894340135978,3339.654914439285,-0.829334,O,7.8608
106915,qmof-2c7b82d,13.12347,0.8303894340135978,3339.654914439285,-0.611406,O,7.5234
106991,qmof-2c7b82d,13.12347,0.8303894340135978,3339.654914439285,-0.626643,O,8.1187
107067,qmof-2c7b82d,13.12347,0.8303894340135978,3339.654914439285,-0.969296,O,8.1922
107143,qmof-2c7b82d,13.12347,0.8303894340135978,3339.654914439285,-0.81371,O,8.0086
107219,qmof-2c7b82d,13.12347,0.8303894340135978,3339.654914439285,0.420447,O,7.3743
107827,qmof-2d90005,14.41908,0.5882220149758208,4776.803879044894,-0.596366,O,8.087
107903,qmof-2d90005,14.41908,0.5882220149758208,4776.803879044894,-0.54415,O,8.2917
107979,qmof-2d90005,14.41908,0.5882220149758208,4776.803879044894,-0.645855,O,8.1997
108055,qmof-2d90005,14.41908,0.5882220149758208,4776.803879044894,-0.666147,O,8.0875
108131,qmof-2d90005,14.41908,0.5882220149758208,4776.803879044894,-0.611191,O,8.0812
108207,qmof-2d90005,14.41908,0.5882220149758208,4776.803879044894,-1.173839,O,8.0666
108283,qmof-2d90005,14.41908,0.5882220149758208,4776.803879044894,-1.061215,O,8.063
108359,qmof-2d90005,14.41908,0.5882220149758208,4776.803879044894,-1.058971,O,7.6086
108435,qmof-2d90005,14.41908,0.5882220149758208,4776.803879044894,-1.134397,O,7.83
108511,qmof-2d90005,14.41908,0.5882220149758208,4776.803879044894,-0.956868,O,8.1148
108587,qmof-2d90005,14.41908,0.5882220149758208,4776.803879044894,-0.831044,O,8.0002
108663,qmof-2d90005,14.41908,0.5882220149758208,4776.803879044894,-1.168132,O,8.3067
108739,qmof-2d90005,14.41908,0.5882220149758208,4776.803879044894,-1.034071,O,8.1315
108815,qmof-2d90005,14.41908,0.5882220149758208,4776.803879044894,-1.159674,O,7.7272
108891,qmof-2d90005,14.41908,0.5882220149758208,4776.803879044894,-1.065548,O,7.9393
108967,qmof-2d90005,14.41908,0.5882220149758208,4776.803879044894,-0.955353,O,7.7531
109043,qmof-2d90005,14.41908,0.5882220149758208,4776.803879044894,-0.541153,O,7.5952
109119,qmof-2d90005,14.41908,0.5882220149758208,4776.803879044894,-0.665207,O,8.2947
109195,qmof-2d90005,14.41908,0.5882220149758208,4776.803879044894,-0.935861,O,8.2351
109271,qmof-2d90005,14.41908,0.5882220149758208,4776.803879044894,-0.636387,O,7.7552
109347,qmof-2d90005,14.41908,0.5882220149758208,4776.803879044894,-0.815092,O,8.0477
109423,qmof-2d90005,14.41908,0.5882220149758208,4776.803879044894,-0.968373,O,7.396
109499,qmof-2d90005,14.41908,0.5882220149758208,4776.803879044894,-0.822289,O,7.3959
109575,qmof-2d90005,14.41908,0.5882220149758208,4776.803879044894,-0.582985,O,7.6928
109651,qmof-2d90005,14.41908,0.5882220149758208,4776.803879044894,-0.772973,O,8.0899
109803,qmof-2d90005,14.41908,0.5882220149758208,4776.803879044894,-0.634938,O,7.6957
109879,qmof-2d90005,14.41908,0.5882220149758208,4776.803879044894,-0.601902,O,8.2122
109955,qmof-2d90005,14.41908,0.5882220149758208,4776.803879044894,-0.861144,O,8.1521
110031,qmof-2d90005,14.41908,0.5882220149758208,4776.803879044894,-0.928815,O,7.5245
110107,qmof-2d90005,14.41908,0.5882220149758208,4776.803879044894,0.423484,O,7.5968
110183,qmof-2f9c233,12.44327,1.1253759288371714,3236.843506224054,2.118729,Hf,2.656
110257,qmof-2f9c233,12.44327,1.1253759288371714,3236.843506224054,2.153714,Hf,2.7184
110333,qmof-2f9c233,12.44327,1.1253759288371714,3236.843506224054,2.131671,Hf,2.5683
110409,qmof-2f9c233,12.44327,1.1253759288371714,3236.843506224054,2.165861,Hf,2.6404
110485,qmof-2f9c233,12.44327,1.1253759288371714,3236.843506224054,2.179348,Hf,2.5396
110561,qmof-2f9c233,12.44327,1.1253759288371714,3236.843506224054,-0.877517,Hf,2.6246
110637,qmof-2f9c233,12.44327,1.1253759288371714,3236.843506224054,-0.554072,O,7.5506
110713,qmof-2f9c233,12.44327,1.1253759288371714,3236.843506224054,-0.567181,O,7.8911
110789,qmof-2f9c233,12.44327,1.1253759288371714,3236.843506224054,-0.58569,O,7.9245
110865,qmof-2f9c233,12.44327,1.1253759288371714,3236.843506224054,-0.582735,O,8.2258
110941,qmof-2f9c233,12.44327,1.1253759288371714,3236.843506224054,-0.541082,O,8.4031
111017,qmof-2f9c233,12.44327,1.1253759288371714,3236.843506224054,-0.585949,O,7.8727
111093,qmof-2f9c233,12.44327,1.1253759288371714,3236.843506224054,-1.088228,O,8.1928
111169,qmof-2f9c233,12.44327,1.1253759288371714,3236.843506224054,-0.9846,O,7.8261
111245,qmof-2f9c233,12.44327,1.1253759288371714,3236.843506224054,-0.969785,O,7.4064
111320,qmof-2f9c233,12.44327,1.1253759288371714,3236.843506224054,-1.061609,O,7.3662
111396,qmof-2f9c233,12.44327,1.1253759288371714,3236.843506224054,-0.91409,O,7.7646
111472,qmof-2f9c233,12.44327,1.1253759288371714,3236.843506224054,-0.740829,O,7.9302
111548,qmof-2f9c233,12.44327,1.1253759288371714,3236.843506224054,-1.072012,O,7.1842
111624,qmof-2f9c233,12.44327,1.1253759288371714,3236.843506224054,-0.93386,O,7.6876
111699,qmof-2f9c233,12.44327,1.1253759288371714,3236.843506224054,-1.098084,O,7.3593
111775,qmof-2f9c233,12.44327,1.1253759288371714,3236.843506224054,-0.971053,O,7.7681
111851,qmof-2f9c233,12.44327,1.1253759288371714,3236.843506224054,-0.944009,O,7.4798
111927,qmof-2f9c233,12.44327,1.1253759288371714,3236.843506224054,-0.572091,O,7.8186
112003,qmof-2f9c233,12.44327,1.1253759288371714,3236.843506224054,-0.552395,O,8.0296
112079,qmof-2f9c233,12.44327,1.1253759288371714,3236.843506224054,-0.807727,O,7.9128
112155,qmof-2f9c233,12.44327,1.1253759288371714,3236.843506224054,-0.56875,O,7.3836
112231,qmof-2f9c233,12.44327,1.1253759288371714,3236.843506224054,-0.797494,O,7.9234
112307,qmof-2f9c233,12.44327,1.1253759288371714,3236.843506224054,-0.902702,O,7.2198
112383,qmof-2f9c233,12.44327,1.1253759288371714,3236.843506224054,-0.729825,O,7.5053
112459,qmof-2f9c233,12.44327,1.1253759288371714,3236.843506224054,-0.581625,O,7.1443
112535,qmof-2f9c233,12.44327,1.1253759288371714,3236.843506224054,-0.884299,O,8.0264
112611,qmof-2f9c233,12.44327,1.1253759288371714,3236.843506224054,-0.797211,O,7.6502
112687,qmof-2f9c233,12.44327,1.1253759288371714,3236.843506224054,-0.575831,O,7.3412
112763,qmof-2f9c233,12.44327,1.1253759288371714,3236.843506224054,-0.59129,O,7.9662
112839,qmof-2f9c233,12.44327,1.1253759288371714,3236.843506224054,-0.935225,O,8.0612
112915,qmof-2f9c233,12.44327,1.1253759288371714,3236.843506224054,-0.786733,O,7.8624
113067,qmof-301845c,5.6638,0.8285846111405437,4903.401444430452,2.366956,Zr,3.2348
113105,qmof-301845c,5.6638,0.8285846111405437,4903.401444430452,2.372558,Zr,3.235
113143,qmof-301845c,5.6638,0.8285846111405437,4903.401444430452,2.373298,Zr,3.2455
113181,qmof-301845c,5.6638,0.8285846111405437,4903.401444430452,2.368138,Zr,3.2448
113219,qmof-301845c,5.6638,0.8285846111405437,4903.401444430452,2.368412,Zr,3.2425
113257,qmof-301845c,5.6638,0.8285846111405437,4903.401444430452,-0.61543,Zr,3.2366
113295,qmof-301845c,5.6638,0.8285846111405437,4903.401444430452,-0.615509,O,8.1117
113333,qmof-301845c,5.6638,0.8285846111405437,4903.401444430452,-0.61472,O,8.1127
113371,qmof-301845c,5.6638,0.8285846111405437,4903.401444430452,-0.614683,O,8.105
113409,qmof-301845c,5.6638,0.8285846111405437,4903.401444430452,-0.614779,O,8.1055
113447,qmof-301845c,5.6638,0.8285846111405437,4903.401444430452,-0.615192,O,8.1846
113485,qmof-301845c,5.6638,0.8285846111405437,4903.401444430452,-0.614993,O,8.1015
113523,qmof-301845c,5.6638,0.8285846111405437,4903.401444430452,-0.614956,O,8.194
113561,qmof-301845c,5.6638,0.8285846111405437,4903.401444430452,-0.615843,O,8.1016
113599,qmof-301845c,5.6638,0.8285846111405437,4903.401444430452,-0.61551,O,8.1068
113637,qmof-301845c,5.6638,0.8285846111405437,4903.401444430452,-0.614508,O,8.104
113675,qmof-301845c,5.6638,0.8285846111405437,4903.401444430452,-0.61599,O,8.1047
113713,qmof-301845c,5.6638,0.8285846111405437,4903.401444430452,-0.623288,O,8.1062
113751,qmof-301845c,5.6638,0.8285846111405437,4903.401444430452,-0.623815,O,8.159
113789,qmof-301845c,5.6638,0.8285846111405437,4903.401444430452,-0.625175,O,8.1588
113827,qmof-301845c,5.6638,0.8285846111405437,4903.401444430452,-0.625597,O,8.1498
113865,qmof-301845c,5.6638,0.8285846111405437,4903.401444430452,-0.607655,O,8.1489
113903,qmof-301845c,5.6638,0.8285846111405437,4903.401444430452,-0.624696,O,8.2334
113941,qmof-301845c,5.6638,0.8285846111405437,4903.401444430452,-0.608139,O,8.1555
113979,qmof-301845c,5.6638,0.8285846111405437,4903.401444430452,-0.62467,O,8.2337
114017,qmof-301845c,5.6638,0.8285846111405437,4903.401444430452,-0.625692,O,8.1556
114055,qmof-301845c,5.6638,0.8285846111405437,4903.401444430452,-0.623492,O,8.1674
114093,qmof-301845c,5.6638,0.8285846111405437,4903.401444430452,-0.62447,O,8.1677
114131,qmof-301845c,5.6638,0.8285846111405437,4903.401444430452,-0.625072,O,8.1687
114169,qmof-301845c,5.6638,0.8285846111405437,4903.401444430452,-1.071396,O,8.1672
114207,qmof-301845c,5.6638,0.8285846111405437,4903.401444430452,-1.071588,O,7.7734
114245,qmof-301845c,5.6638,0.8285846111405437,4903.401444430452,-1.069964,O,7.7728
114283,qmof-301845c,5.6638,0.8285846111405437,4903.401444430452,-1.069114,O,7.7773
114321,qmof-301845c,5.6638,0.8285846111405437,4903.401444430452,-1.147316,O,7.7775
114359,qmof-301845c,5.6638,0.8285846111405437,4903.401444430452,-1.147745,O,8.3324
114397,qmof-301845c,5.6638,0.8285846111405437,4903.401444430452,-1.148488,O,8.3245
114435,qmof-301845c,5.6638,0.8285846111405437,4903.401444430452,-1.148685,O,8.3359
114473,qmof-301845c,5.6638,0.8285846111405437,4903.401444430452,0.421623,O,8.3356
114511,qmof-305bca1,10.14198,0.816552465895551,4570.624787480592,2.164127,Hf,2.6604
114549,qmof-305bca1,10.14198,0.816552465895551,4570.624787480592,2.142464,Hf,2.7018
114587,qmof-305bca1,10.14198,0.816552465895551,4570.624787480592,2.145217,Hf,2.658
114625,qmof-305bca1,10.14198,0.816552465895551,4570.624787480592,2.123669,Hf,2.6634
114663,qmof-305bca1,10.14198,0.816552465895551,4570.624787480592,2.123311,Hf,2.8293
114701,qmof-305bca1,10.14198,0.816552465895551,4570.624787480592,-0.583059,Hf,2.8288
114739,qmof-305bca1,10.14198,0.816552465895551,4570.624787480592,-0.555862,O,8.0322
114777,qmof-305bca1,10.14198,0.816552465895551,4570.624787480592,-0.58379,O,7.9722
114815,qmof-305bca1,10.14198,0.816552465895551,4570.624787480592,-0.554803,O,8.037
114853,qmof-305bca1,10.14198,0.816552465895551,4570.624787480592,-0.574591,O,7.9627
114891,qmof-305bca1,10.14198,0.816552465895551,4570.624787480592,-0.56052,O,7.9892
114929,qmof-305bca1,10.14198,0.816552465895551,4570.624787480592,-0.586455,O,7.9487
114967,qmof-305bca1,10.14198,0.816552465895551,4570.624787480592,-0.555285,O,8.0884
115005,qmof-305bca1,10.14198,0.816552465895551,4570.624787480592,-0.894236,O,7.9653
115043,qmof-305bca1,10.14198,0.816552465895551,4570.624787480592,-0.789789,O,7.5765
115119,qmof-305bca1,10.14198,0.816552465895551,4570.624787480592,-0.899496,O,7.1536
115157,qmof-305bca1,10.14198,0.816552465895551,4570.624787480592,-1.066039,O,7.6223
115195,qmof-305bca1,10.14198,0.816552465895551,4570.624787480592,-0.980285,O,7.6544
115233,qmof-305bca1,10.14198,0.816552465895551,4570.624787480592,-0.580738,O,7.3468
115271,qmof-305bca1,10.14198,0.816552465895551,4570.624787480592,-0.556221,O,8.0213
115309,qmof-305bca1,10.14198,0.816552465895551,4570.624787480592,-0.579721,O,7.9645
115347,qmof-305bca1,10.14198,0.816552465895551,4570.624787480592,-0.555105,O,8.0095
115385,qmof-305bca1,10.14198,0.816552465895551,4570.624787480592,-0.585746,O,7.9649
115423,qmof-305bca1,10.14198,0.816552465895551,4570.624787480592,-0.558268,O,8.0927
115461,qmof-305bca1,10.14198,0.816552465895551,4570.624787480592,-0.586673,O,7.9586
115499,qmof-305bca1,10.14198,0.816552465895551,4570.624787480592,-0.557551,O,8.102
115537,qmof-305bca1,10.14198,0.816552465895551,4570.624787480592,-0.789885,O,7.976
115613,qmof-305bca1,10.14198,0.816552465895551,4570.624787480592,-0.896091,O,7.555
115651,qmof-305bca1,10.14198,0.816552465895551,4570.624787480592,-0.792865,O,7.5765
115689,qmof-305bca1,10.14198,0.816552465895551,4570.624787480592,-0.954713,O,7.1425
115727,qmof-305bca1,10.14198,0.816552465895551,4570.624787480592,-1.080544,O,7.3776
115765,qmof-305bca1,10.14198,0.816552465895551,4570.624787480592,-1.079103,O,7.6187
115803,qmof-305bca1,10.14198,0.816552465895551,4570.624787480592,-0.982136,O,7.6166
115841,qmof-305bca1,10.14198,0.816552465895551,4570.624787480592,-0.955925,O,7.3701
115879,qmof-305bca1,10.14198,0.816552465895551,4570.624787480592,-1.06392,O,7.38
115917,qmof-305bca1,10.14198,0.816552465895551,4570.624787480592,0.420603,O,7.6746
115955,qmof-30b4df3,3.42318,1.3703631066543625,2295.446977884193,2.376464,Zr,3.2453
115995,qmof-30b4df3,3.42318,1.3703631066543625,2295.446977884193,2.373883,Zr,3.2279
116035,qmof-30b4df3,3.42318,1.3703631066543625,2295.446977884193,2.372597,Zr,3.2282
116075,qmof-30b4df3,3.42318,1.3703631066543625,2295.446977884193,2.377011,Zr,3.2476
116115,qmof-30b4df3,3.42318,1.3703631066543625,2295.446977884193,2.377263,Zr,3.2455
116155,qmof-30b4df3,3.42318,1.3703631066543625,2295.446977884193,-0.615003,Zr,3.245
116195,qmof-30b4df3,3.42318,1.3703631066543625,2295.446977884193,-0.627103,O,8.1586
116235,qmof-30b4df3,3.42318,1.3703631066543625,2295.446977884193,-0.627118,O,7.9911
116275,qmof-30b4df3,3.42318,1.3703631066543625,2295.446977884193,-0.616756,O,7.9905
116315,qmof-30b4df3,3.42318,1.3703631066543625,2295.446977884193,-0.639046,O,8.1562
116355,qmof-30b4df3,3.42318,1.3703631066543625,2295.446977884193,-0.615836,O,8.2531
116395,qmof-30b4df3,3.42318,1.3703631066543625,2295.446977884193,-0.60032,O,8.1731
116435,qmof-30b4df3,3.42318,1.3703631066543625,2295.446977884193,-0.626184,O,8.0839
116475,qmof-30b4df3,3.42318,1.3703631066543625,2295.446977884193,-0.624039,O,7.9835
116515,qmof-30b4df3,3.42318,1.3703631066543625,2295.446977884193,-0.622668,O,7.9939
116555,qmof-30b4df3,3.42318,1.3703631066543625,2295.446977884193,-0.616496,O,7.9941
116595,qmof-30b4df3,3.42318,1.3703631066543625,2295.446977884193,-0.616665,O,8.1731
116635,qmof-30b4df3,3.42318,1.3703631066543625,2295.446977884193,-0.617048,O,8.1719
116675,qmof-30b4df3,3.42318,1.3703631066543625,2295.446977884193,-0.614257,O,8.1414
116715,qmof-30b4df3,3.42318,1.3703631066543625,2295.446977884193,-0.615604,O,8.1649
116755,qmof-30b4df3,3.42318,1.3703631066543625,2295.446977884193,-0.614294,O,8.1651
116795,qmof-30b4df3,3.42318,1.3703631066543625,2295.446977884193,-0.595222,O,8.1441
116835,qmof-30b4df3,3.42318,1.3703631066543625,2295.446977884193,-0.610033,O,8.101
116875,qmof-30b4df3,3.42318,1.3703631066543625,2295.446977884193,-0.625735,O,8.125
116915,qmof-30b4df3,3.42318,1.3703631066543625,2295.446977884193,-0.614649,O,8.2461
116955,qmof-30b4df3,3.42318,1.3703631066543625,2295.446977884193,-0.610798,O,8.1678
116995,qmof-30b4df3,3.42318,1.3703631066543625,2295.446977884193,-0.612296,O,8.1436
117035,qmof-30b4df3,3.42318,1.3703631066543625,2295.446977884193,-0.613573,O,8.145
117075,qmof-30b4df3,3.42318,1.3703631066543625,2295.446977884193,-0.61529,O,8.1483
117115,qmof-30b4df3,3.42318,1.3703631066543625,2295.446977884193,-1.069726,O,8.1495
117155,qmof-30b4df3,3.42318,1.3703631066543625,2295.446977884193,-1.066526,O,7.7313
117195,qmof-30b4df3,3.42318,1.3703631066543625,2295.446977884193,-1.070784,O,7.7355
117235,qmof-30b4df3,3.42318,1.3703631066543625,2295.446977884193,-1.067017,O,7.7364
117275,qmof-30b4df3,3.42318,1.3703631066543625,2295.446977884193,-1.146282,O,7.7283
117315,qmof-30b4df3,3.42318,1.3703631066543625,2295.446977884193,-1.14968,O,8.2934
117355,qmof-30b4df3,3.42318,1.3703631066543625,2295.446977884193,-1.150386,O,8.2899
117395,qmof-30b4df3,3.42318,1.3703631066543625,2295.446977884193,-1.14782,O,8.3041
117435,qmof-30b4df3,3.42318,1.3703631066543625,2295.446977884193,-0.425719,O,8.2937
117555,qmof-314b14f,4.83732,1.1653551678651335,3763.129988804512,0.294349,Pd,6.8645
117575,qmof-314b14f,4.83732,1.1653551678651335,3763.129988804512,0.29417,Pd,6.8645
117595,qmof-314b14f,4.83732,1.1653551678651335,3763.129988804512,0.294302,Pd,6.8645
117615,qmof-314b14f,4.83732,1.1653551678651335,3763.129988804512,-0.139579,Pd,6.8645
117635,qmof-314b14f,4.83732,1.1653551678651335,3763.129988804512,-0.139288,N,5.5408
117655,qmof-314b14f,4.83732,1.1653551678651335,3763.129988804512,-0.139428,N,5.5408
117675,qmof-314b14f,4.83732,1.1653551678651335,3763.129988804512,-0.139666,N,5.5408
117695,qmof-314b14f,4.83732,1.1653551678651335,3763.129988804512,-0.139429,N,5.5408
117715,qmof-314b14f,4.83732,1.1653551678651335,3763.129988804512,-0.139502,N,5.5408
117735,qmof-314b14f,4.83732,1.1653551678651335,3763.129988804512,-0.139718,N,5.5408
117755,qmof-314b14f,4.83732,1.1653551678651335,3763.129988804512,-0.139636,N,5.5408
117775,qmof-314b14f,4.83732,1.1653551678651335,3763.129988804512,-0.142974,N,5.5408
117795,qmof-314b14f,4.83732,1.1653551678651335,3763.129988804512,-0.143232,N,5.5294
117815,qmof-314b14f,4.83732,1.1653551678651335,3763.129988804512,-0.143066,N,5.5294
117835,qmof-314b14f,4.83732,1.1653551678651335,3763.129988804512,-0.143072,N,5.5295
117855,qmof-314b14f,4.83732,1.1653551678651335,3763.129988804512,-0.14299,N,5.5294
117875,qmof-314b14f,4.83732,1.1653551678651335,3763.129988804512,-0.143177,N,5.5294
117895,qmof-314b14f,4.83732,1.1653551678651335,3763.129988804512,-0.143123,N,5.5294
117915,qmof-314b14f,4.83732,1.1653551678651335,3763.129988804512,-0.143004,N,5.5295
117935,qmof-314b14f,4.83732,1.1653551678651335,3763.129988804512,0.952427,N,5.5294
117955,qmof-31b7998,3.53655,1.1539692154557917,1452.0037912173489,0.523245,Ag,10.8251
117963,qmof-31b7998,3.53655,1.1539692154557917,1452.0037912173489,-0.456949,Ag,10.8248
118019,qmof-31bac1a,10.40586,0.7455828794096194,5211.238326351448,2.155601,Hf,2.6811
118057,qmof-31bac1a,10.40586,0.7455828794096194,5211.238326351448,2.139934,Hf,2.6847
118095,qmof-31bac1a,10.40586,0.7455828794096194,5211.238326351448,2.141758,Hf,2.658
118133,qmof-31bac1a,10.40586,0.7455828794096194,5211.238326351448,2.125573,Hf,2.6569
118171,qmof-31bac1a,10.40586,0.7455828794096194,5211.238326351448,2.119792,Hf,2.8197
118209,qmof-31bac1a,10.40586,0.7455828794096194,5211.238326351448,-0.620185,Hf,2.8369
118247,qmof-31bac1a,10.40586,0.7455828794096194,5211.238326351448,-0.556239,O,8.1227
118285,qmof-31bac1a,10.40586,0.7455828794096194,5211.238326351448,-0.564889,O,7.98
118323,qmof-31bac1a,10.40586,0.7455828794096194,5211.238326351448,-0.576437,O,7.9143
118361,qmof-31bac1a,10.40586,0.7455828794096194,5211.238326351448,-0.617239,O,7.8947
118399,qmof-31bac1a,10.40586,0.7455828794096194,5211.238326351448,-0.557206,O,8.1451
118437,qmof-31bac1a,10.40586,0.7455828794096194,5211.238326351448,-0.564017,O,7.9705
118475,qmof-31bac1a,10.40586,0.7455828794096194,5211.238326351448,-0.57508,O,7.9082
118513,qmof-31bac1a,10.40586,0.7455828794096194,5211.238326351448,-0.891144,O,7.8946
118551,qmof-31bac1a,10.40586,0.7455828794096194,5211.238326351448,-0.786993,O,7.5412
118589,qmof-31bac1a,10.40586,0.7455828794096194,5211.238326351448,-0.791022,O,7.1843
118665,qmof-31bac1a,10.40586,0.7455828794096194,5211.238326351448,-1.078595,O,7.6612
118703,qmof-31bac1a,10.40586,0.7455828794096194,5211.238326351448,-0.959747,O,7.6339
118741,qmof-31bac1a,10.40586,0.7455828794096194,5211.238326351448,-0.595762,O,7.3623
118779,qmof-31bac1a,10.40586,0.7455828794096194,5211.238326351448,-0.562404,O,8.0156
118817,qmof-31bac1a,10.40586,0.7455828794096194,5211.238326351448,-0.593921,O,7.9396
118855,qmof-31bac1a,10.40586,0.7455828794096194,5211.238326351448,-0.565442,O,8.0164
118893,qmof-31bac1a,10.40586,0.7455828794096194,5211.238326351448,-0.600199,O,7.9525
118931,qmof-31bac1a,10.40586,0.7455828794096194,5211.238326351448,-0.562785,O,8.0788
118969,qmof-31bac1a,10.40586,0.7455828794096194,5211.238326351448,-0.599211,O,7.9412
119007,qmof-31bac1a,10.40586,0.7455828794096194,5211.238326351448,-0.565939,O,8.0826
119045,qmof-31bac1a,10.40586,0.7455828794096194,5211.238326351448,-0.789397,O,7.9526
119121,qmof-31bac1a,10.40586,0.7455828794096194,5211.238326351448,-0.896421,O,7.6054
119159,qmof-31bac1a,10.40586,0.7455828794096194,5211.238326351448,-0.794398,O,7.5771
119197,qmof-31bac1a,10.40586,0.7455828794096194,5211.238326351448,-0.952764,O,7.1709
119235,qmof-31bac1a,10.40586,0.7455828794096194,5211.238326351448,-1.07383,O,7.3761
119273,qmof-31bac1a,10.40586,0.7455828794096194,5211.238326351448,-1.066589,O,7.5935
119311,qmof-31bac1a,10.40586,0.7455828794096194,5211.238326351448,-0.975858,O,7.6424
119349,qmof-31bac1a,10.40586,0.7455828794096194,5211.238326351448,-0.971466,O,7.3338
119387,qmof-31bac1a,10.40586,0.7455828794096194,5211.238326351448,-1.067649,O,7.3384
119425,qmof-31bac1a,10.40586,0.7455828794096194,5211.238326351448,0.429941,O,7.6661
119463,qmof-32cde2f,3.82974,2.0540956992232298,2549.699445862306,0.614745,Re,3.593
119503,qmof-32cde2f,3.82974,2.0540956992232298,2549.699445862306,0.614685,Re,3.5931
119543,qmof-32cde2f,3.82974,2.0540956992232298,2549.699445862306,0.614702,Re,3.5931
119583,qmof-32cde2f,3.82974,2.0540956992232298,2549.699445862306,0.615066,Re,3.5931
119623,qmof-32cde2f,3.82974,2.0540956992232298,2549.699445862306,0.614937,Re,3.5908
119663,qmof-32cde2f,3.82974,2.0540956992232298,2549.699445862306,0.614816,Re,3.5907
119703,qmof-32cde2f,3.82974,2.0540956992232298,2549.699445862306,0.614818,Re,3.5907
119743,qmof-32cde2f,3.82974,2.0540956992232298,2549.699445862306,-0.287964,Re,3.5907
119783,qmof-32cde2f,3.82974,2.0540956992232298,2549.699445862306,-0.288016,Cl,5.6363
119823,qmof-32cde2f,3.82974,2.0540956992232298,2549.699445862306,-0.288019,Cl,5.6365
119863,qmof-32cde2f,3.82974,2.0540956992232298,2549.699445862306,-0.287989,Cl,5.6363
119903,qmof-32cde2f,3.82974,2.0540956992232298,2549.699445862306,-0.292275,Cl,5.6363
119943,qmof-32cde2f,3.82974,2.0540956992232298,2549.699445862306,-0.292336,Cl,5.605
119983,qmof-32cde2f,3.82974,2.0540956992232298,2549.699445862306,-0.292275,Cl,5.6051
120023,qmof-32cde2f,3.82974,2.0540956992232298,2549.699445862306,-0.292296,Cl,5.6049
120063,qmof-32cde2f,3.82974,2.0540956992232298,2549.699445862306,-0.295012,Cl,5.605
120103,qmof-32cde2f,3.82974,2.0540956992232298,2549.699445862306,-0.29496,Cl,5.6402
120143,qmof-32cde2f,3.82974,2.0540956992232298,2549.699445862306,-0.294956,Cl,5.6402
120183,qmof-32cde2f,3.82974,2.0540956992232298,2549.699445862306,-0.29496,Cl,5.6402
120223,qmof-32cde2f,3.82974,2.0540956992232298,2549.699445862306,-0.292616,Cl,5.6403
120263,qmof-32cde2f,3.82974,2.0540956992232298,2549.699445862306,-0.292625,Cl,5.5935
120303,qmof-32cde2f,3.82974,2.0540956992232298,2549.699445862306,-0.292586,Cl,5.5935
120343,qmof-32cde2f,3.82974,2.0540956992232298,2549.699445862306,-0.292616,Cl,5.5935
120383,qmof-32cde2f,3.82974,2.0540956992232298,2549.699445862306,-0.385313,Cl,5.5935
120423,qmof-32cde2f,3.82974,2.0540956992232298,2549.699445862306,-0.38545,O,7.4543
120463,qmof-32cde2f,3.82974,2.0540956992232298,2549.699445862306,-0.385292,O,7.4544
120503,qmof-32cde2f,3.82974,2.0540956992232298,2549.699445862306,-0.38548,O,7.4543
120543,qmof-32cde2f,3.82974,2.0540956992232298,2549.699445862306,-0.384733,O,7.4544
120583,qmof-32cde2f,3.82974,2.0540956992232298,2549.699445862306,-0.384748,O,7.5293
120623,qmof-32cde2f,3.82974,2.0540956992232298,2549.699445862306,-0.384762,O,7.5292
120663,qmof-32cde2f,3.82974,2.0540956992232298,2549.699445862306,-0.384785,O,7.5292
120703,qmof-32cde2f,3.82974,2.0540956992232298,2549.699445862306,-0.390559,O,7.5292
120743,qmof-32cde2f,3.82974,2.0540956992232298,2549.699445862306,-0.390702,O,7.5322
120783,qmof-32cde2f,3.82974,2.0540956992232298,2549.699445862306,-0.3906,O,7.5323
120823,qmof-32cde2f,3.82974,2.0540956992232298,2549.699445862306,-0.39076,O,7.5322
120863,qmof-32cde2f,3.82974,2.0540956992232298,2549.699445862306,-0.406988,O,7.5323
120903,qmof-32cde2f,3.82974,2.0540956992232298,2549.699445862306,-0.40696,O,7.5025
120943,qmof-32cde2f,3.82974,2.0540956992232298,2549.699445862306,-0.407005,O,7.5024
120983,qmof-32cde2f,3.82974,2.0540956992232298,2549.699445862306,-0.407006,O,7.5025
121023,qmof-32cde2f,3.82974,2.0540956992232298,2549.699445862306,0.07863,O,7.5024
126839,qmof-32fa595,3.74828,1.2967085088723298,2289.7865987208497,2.368192,Zr,3.2525
126882,qmof-32fa595,3.74828,1.2967085088723298,2289.7865987208497,2.370844,Zr,3.2236
126925,qmof-32fa595,3.74828,1.2967085088723298,2289.7865987208497,2.373278,Zr,3.2371
126968,qmof-32fa595,3.74828,1.2967085088723298,2289.7865987208497,2.371209,Zr,3.2534
127011,qmof-32fa595,3.74828,1.2967085088723298,2289.7865987208497,2.371411,Zr,3.2382
127054,qmof-32fa595,3.74828,1.2967085088723298,2289.7865987208497,-0.616728,Zr,3.2389
127097,qmof-32fa595,3.74828,1.2967085088723298,2289.7865987208497,-0.632097,O,8.1326
127140,qmof-32fa595,3.74828,1.2967085088723298,2289.7865987208497,-0.630924,O,8.2632
127183,qmof-32fa595,3.74828,1.2967085088723298,2289.7865987208497,-0.615349,O,8.2654
127226,qmof-32fa595,3.74828,1.2967085088723298,2289.7865987208497,-0.622484,O,8.1285
127269,qmof-32fa595,3.74828,1.2967085088723298,2289.7865987208497,-0.616813,O,8.1208
127312,qmof-32fa595,3.74828,1.2967085088723298,2289.7865987208497,-0.609146,O,8.127
127355,qmof-32fa595,3.74828,1.2967085088723298,2289.7865987208497,-0.632028,O,8.0887
127398,qmof-32fa595,3.74828,1.2967085088723298,2289.7865987208497,-0.631397,O,8.2764
127441,qmof-32fa595,3.74828,1.2967085088723298,2289.7865987208497,-0.631861,O,8.2795
127484,qmof-32fa595,3.74828,1.2967085088723298,2289.7865987208497,-0.619294,O,8.2808
127527,qmof-32fa595,3.74828,1.2967085088723298,2289.7865987208497,-0.618926,O,8.1201
127570,qmof-32fa595,3.74828,1.2967085088723298,2289.7865987208497,-0.61302,O,8.1224
127613,qmof-32fa595,3.74828,1.2967085088723298,2289.7865987208497,-0.62003,O,8.1443
127656,qmof-32fa595,3.74828,1.2967085088723298,2289.7865987208497,-0.619782,O,8.1241
127699,qmof-32fa595,3.74828,1.2967085088723298,2289.7865987208497,-0.612789,O,8.1269
127742,qmof-32fa595,3.74828,1.2967085088723298,2289.7865987208497,-0.605566,O,8.1381
127785,qmof-32fa595,3.74828,1.2967085088723298,2289.7865987208497,-0.613136,O,8.1142
127828,qmof-32fa595,3.74828,1.2967085088723298,2289.7865987208497,-0.627117,O,8.1368
127871,qmof-32fa595,3.74828,1.2967085088723298,2289.7865987208497,-0.619098,O,8.0247
127914,qmof-32fa595,3.74828,1.2967085088723298,2289.7865987208497,-0.624249,O,8.1244
127957,qmof-32fa595,3.74828,1.2967085088723298,2289.7865987208497,-0.624042,O,8.1112
128000,qmof-32fa595,3.74828,1.2967085088723298,2289.7865987208497,-0.611433,O,8.1192
128043,qmof-32fa595,3.74828,1.2967085088723298,2289.7865987208497,-0.611158,O,8.138
128086,qmof-32fa595,3.74828,1.2967085088723298,2289.7865987208497,-1.06738,O,8.1405
128129,qmof-32fa595,3.74828,1.2967085088723298,2289.7865987208497,-1.070348,O,7.7305
128172,qmof-32fa595,3.74828,1.2967085088723298,2289.7865987208497,-1.070432,O,7.7444
128215,qmof-32fa595,3.74828,1.2967085088723298,2289.7865987208497,-1.068557,O,7.735
128258,qmof-32fa595,3.74828,1.2967085088723298,2289.7865987208497,-1.147749,O,7.7305
128301,qmof-32fa595,3.74828,1.2967085088723298,2289.7865987208497,-1.14646,O,8.3225
128344,qmof-32fa595,3.74828,1.2967085088723298,2289.7865987208497,-1.148343,O,8.2868
128387,qmof-32fa595,3.74828,1.2967085088723298,2289.7865987208497,-1.147585,O,8.3009
128430,qmof-32fa595,3.74828,1.2967085088723298,2289.7865987208497,-0.437167,O,8.2946
128688,qmof-3362f4b,3.45476,1.386136512635865,2292.914074594676,2.379007,Zr,3.2491
128728,qmof-3362f4b,3.45476,1.386136512635865,2292.914074594676,2.375398,Zr,3.245
128768,qmof-3362f4b,3.45476,1.386136512635865,2292.914074594676,2.373294,Zr,3.2453
128808,qmof-3362f4b,3.45476,1.386136512635865,2292.914074594676,2.377958,Zr,3.2418
128848,qmof-3362f4b,3.45476,1.386136512635865,2292.914074594676,2.378093,Zr,3.2478
128888,qmof-3362f4b,3.45476,1.386136512635865,2292.914074594676,-0.615035,Zr,3.2504
128928,qmof-3362f4b,3.45476,1.386136512635865,2292.914074594676,-0.606986,O,8.0878
128968,qmof-3362f4b,3.45476,1.386136512635865,2292.914074594676,-0.618035,O,8.0326
129008,qmof-3362f4b,3.45476,1.386136512635865,2292.914074594676,-0.620604,O,8.1083
129048,qmof-3362f4b,3.45476,1.386136512635865,2292.914074594676,-0.622244,O,8.0638
129088,qmof-3362f4b,3.45476,1.386136512635865,2292.914074594676,-0.619201,O,8.1399
129128,qmof-3362f4b,3.45476,1.386136512635865,2292.914074594676,-0.606901,O,8.0773
129168,qmof-3362f4b,3.45476,1.386136512635865,2292.914074594676,-0.619249,O,8.107
129208,qmof-3362f4b,3.45476,1.386136512635865,2292.914074594676,-0.616183,O,8.0729
129248,qmof-3362f4b,3.45476,1.386136512635865,2292.914074594676,-0.614559,O,8.076
129288,qmof-3362f4b,3.45476,1.386136512635865,2292.914074594676,-0.612717,O,8.0837
129328,qmof-3362f4b,3.45476,1.386136512635865,2292.914074594676,-0.616118,O,8.077
129368,qmof-3362f4b,3.45476,1.386136512635865,2292.914074594676,-0.611981,O,8.0793
129408,qmof-3362f4b,3.45476,1.386136512635865,2292.914074594676,-0.611849,O,8.178
129448,qmof-3362f4b,3.45476,1.386136512635865,2292.914074594676,-0.609544,O,8.1774
129488,qmof-3362f4b,3.45476,1.386136512635865,2292.914074594676,-0.607304,O,8.1671
129528,qmof-3362f4b,3.45476,1.386136512635865,2292.914074594676,-0.601504,O,8.1695
129568,qmof-3362f4b,3.45476,1.386136512635865,2292.914074594676,-0.604317,O,8.115
129608,qmof-3362f4b,3.45476,1.386136512635865,2292.914074594676,-0.613414,O,8.1546
129648,qmof-3362f4b,3.45476,1.386136512635865,2292.914074594676,-0.606848,O,8.1158
129688,qmof-3362f4b,3.45476,1.386136512635865,2292.914074594676,-0.605476,O,8.1589
129728,qmof-3362f4b,3.45476,1.386136512635865,2292.914074594676,-0.607517,O,8.1456
129768,qmof-3362f4b,3.45476,1.386136512635865,2292.914074594676,-0.611825,O,8.1773
129808,qmof-3362f4b,3.45476,1.386136512635865,2292.914074594676,-0.604216,O,8.1487
129848,qmof-3362f4b,3.45476,1.386136512635865,2292.914074594676,-1.072509,O,8.1709
129888,qmof-3362f4b,3.45476,1.386136512635865,2292.914074594676,-1.072203,O,7.714
129928,qmof-3362f4b,3.45476,1.386136512635865,2292.914074594676,-1.072542,O,7.7229
129968,qmof-3362f4b,3.45476,1.386136512635865,2292.914074594676,-1.074101,O,7.7178
130008,qmof-3362f4b,3.45476,1.386136512635865,2292.914074594676,-1.151876,O,7.719
130048,qmof-3362f4b,3.45476,1.386136512635865,2292.914074594676,-1.151128,O,8.2789
130088,qmof-3362f4b,3.45476,1.386136512635865,2292.914074594676,-1.152674,O,8.2865
130128,qmof-3362f4b,3.45476,1.386136512635865,2292.914074594676,-1.152389,O,8.297
130168,qmof-3362f4b,3.45476,1.386136512635865,2292.914074594676,-0.472459,O,8.2787
130248,qmof-3362f4b,3.45476,1.386136512635865,2292.914074594676,0.424928,O,8.2953
130440,qmof-35a1fbe,10.15769,0.6204227329042735,4614.117400863847,2.362117,Zr,3.2638
130478,qmof-35a1fbe,10.15769,0.6204227329042735,4614.117400863847,-0.620956,Zr,3.2643
130516,qmof-35a1fbe,10.15769,0.6204227329042735,4614.117400863847,-0.592821,O,8.1449
130554,qmof-35a1fbe,10.15769,0.6204227329042735,4614.117400863847,-0.622302,O,8.1599
130592,qmof-35a1fbe,10.15769,0.6204227329042735,4614.117400863847,-0.594314,O,8.1656
130630,qmof-35a1fbe,10.15769,0.6204227329042735,4614.117400863847,-0.611061,O,8.1544
130668,qmof-35a1fbe,10.15769,0.6204227329042735,4614.117400863847,-0.598079,O,8.1205
130706,qmof-35a1fbe,10.15769,0.6204227329042735,4614.117400863847,-0.622041,O,8.1404
130744,qmof-35a1fbe,10.15769,0.6204227329042735,4614.117400863847,-0.591866,O,8.1993
130782,qmof-35a1fbe,10.15769,0.6204227329042735,4614.117400863847,-0.926735,O,8.1547
130820,qmof-35a1fbe,10.15769,0.6204227329042735,4614.117400863847,-0.8191,O,7.7599
130858,qmof-35a1fbe,10.15769,0.6204227329042735,4614.117400863847,-0.819667,O,7.3348
130896,qmof-35a1fbe,10.15769,0.6204227329042735,4614.117400863847,-0.93453,O,7.3993
130934,qmof-35a1fbe,10.15769,0.6204227329042735,4614.117400863847,-1.160927,O,7.8434
130972,qmof-35a1fbe,10.15769,0.6204227329042735,4614.117400863847,-1.057528,O,8.2779
131010,qmof-35a1fbe,10.15769,0.6204227329042735,4614.117400863847,-0.620079,O,7.7166
131048,qmof-35a1fbe,10.15769,0.6204227329042735,4614.117400863847,-0.59456,O,8.1439
131086,qmof-35a1fbe,10.15769,0.6204227329042735,4614.117400863847,-0.61876,O,8.151
131124,qmof-35a1fbe,10.15769,0.6204227329042735,4614.117400863847,-0.592517,O,8.1509
131162,qmof-35a1fbe,10.15769,0.6204227329042735,4614.117400863847,-0.621821,O,8.1592
131200,qmof-35a1fbe,10.15769,0.6204227329042735,4614.117400863847,-0.596123,O,8.2012
131238,qmof-35a1fbe,10.15769,0.6204227329042735,4614.117400863847,-0.62367,O,8.1415
131276,qmof-35a1fbe,10.15769,0.6204227329042735,4614.117400863847,-0.595856,O,8.2139
131314,qmof-35a1fbe,10.15769,0.6204227329042735,4614.117400863847,-0.819693,O,8.161
131352,qmof-35a1fbe,10.15769,0.6204227329042735,4614.117400863847,-0.927244,O,7.3337
131390,qmof-35a1fbe,10.15769,0.6204227329042735,4614.117400863847,-0.92874,O,7.7378
131428,qmof-35a1fbe,10.15769,0.6204227329042735,4614.117400863847,-0.824269,O,7.7447
131466,qmof-35a1fbe,10.15769,0.6204227329042735,4614.117400863847,-1.035189,O,7.3651
131504,qmof-35a1fbe,10.15769,0.6204227329042735,4614.117400863847,-1.176034,O,7.7255
131542,qmof-35a1fbe,10.15769,0.6204227329042735,4614.117400863847,-1.175634,O,8.2538
131580,qmof-35a1fbe,10.15769,0.6204227329042735,4614.117400863847,-1.062131,O,8.2542
131618,qmof-35a1fbe,10.15769,0.6204227329042735,4614.117400863847,-1.035358,O,7.713
131656,qmof-35a1fbe,10.15769,0.6204227329042735,4614.117400863847,-1.1594,O,7.7262
131694,qmof-35a1fbe,10.15769,0.6204227329042735,4614.117400863847,0.424246,O,8.2858
131732,qmof-35e3fcd,4.69605,0.8324363970097982,5013.176214026895,2.373052,Zr,3.2469
131770,qmof-35e3fcd,4.69605,0.8324363970097982,5013.176214026895,2.373734,Zr,3.2468
131808,qmof-35e3fcd,4.69605,0.8324363970097982,5013.176214026895,2.373306,Zr,3.2477
131846,qmof-35e3fcd,4.69605,0.8324363970097982,5013.176214026895,2.37321,Zr,3.2477
131884,qmof-35e3fcd,4.69605,0.8324363970097982,5013.176214026895,2.373361,Zr,3.2445
131922,qmof-35e3fcd,4.69605,0.8324363970097982,5013.176214026895,-0.616047,Zr,3.245
131960,qmof-35e3fcd,4.69605,0.8324363970097982,5013.176214026895,-0.6155,O,8.1632
131998,qmof-35e3fcd,4.69605,0.8324363970097982,5013.176214026895,-0.61643,O,8.1631
132036,qmof-35e3fcd,4.69605,0.8324363970097982,5013.176214026895,-0.616106,O,8.1644
132074,qmof-35e3fcd,4.69605,0.8324363970097982,5013.176214026895,-0.62277,O,8.1644
132112,qmof-35e3fcd,4.69605,0.8324363970097982,5013.176214026895,-0.616091,O,8.1409
132150,qmof-35e3fcd,4.69605,0.8324363970097982,5013.176214026895,-0.62144,O,8.1685
132188,qmof-35e3fcd,4.69605,0.8324363970097982,5013.176214026895,-0.617242,O,8.1411
132226,qmof-35e3fcd,4.69605,0.8324363970097982,5013.176214026895,-0.617376,O,8.1672
132264,qmof-35e3fcd,4.69605,0.8324363970097982,5013.176214026895,-0.616294,O,8.1626
132302,qmof-35e3fcd,4.69605,0.8324363970097982,5013.176214026895,-0.616561,O,8.1632
132340,qmof-35e3fcd,4.69605,0.8324363970097982,5013.176214026895,-0.616949,O,8.1627
132378,qmof-35e3fcd,4.69605,0.8324363970097982,5013.176214026895,-0.618596,O,8.1628
132416,qmof-35e3fcd,4.69605,0.8324363970097982,5013.176214026895,-0.618333,O,8.1633
132454,qmof-35e3fcd,4.69605,0.8324363970097982,5013.176214026895,-0.618491,O,8.1636
132492,qmof-35e3fcd,4.69605,0.8324363970097982,5013.176214026895,-0.618515,O,8.1624
132530,qmof-35e3fcd,4.69605,0.8324363970097982,5013.176214026895,-0.621012,O,8.162
132568,qmof-35e3fcd,4.69605,0.8324363970097982,5013.176214026895,-0.619293,O,8.1435
132606,qmof-35e3fcd,4.69605,0.8324363970097982,5013.176214026895,-0.621018,O,8.1663
132644,qmof-35e3fcd,4.69605,0.8324363970097982,5013.176214026895,-0.618257,O,8.1438
132682,qmof-35e3fcd,4.69605,0.8324363970097982,5013.176214026895,-0.619152,O,8.1654
132720,qmof-35e3fcd,4.69605,0.8324363970097982,5013.176214026895,-0.619018,O,8.1602
132758,qmof-35e3fcd,4.69605,0.8324363970097982,5013.176214026895,-0.618854,O,8.1598
132796,qmof-35e3fcd,4.69605,0.8324363970097982,5013.176214026895,-0.619127,O,8.1602
132834,qmof-35e3fcd,4.69605,0.8324363970097982,5013.176214026895,-1.070239,O,8.1604
132872,qmof-35e3fcd,4.69605,0.8324363970097982,5013.176214026895,-1.06983,O,7.7274
132909,qmof-35e3fcd,4.69605,0.8324363970097982,5013.176214026895,-1.068453,O,7.7271
132947,qmof-35e3fcd,4.69605,0.8324363970097982,5013.176214026895,-1.067093,O,7.7215
132985,qmof-35e3fcd,4.69605,0.8324363970097982,5013.176214026895,-1.149906,O,7.7213
133023,qmof-35e3fcd,4.69605,0.8324363970097982,5013.176214026895,-1.149054,O,8.2781
133061,qmof-35e3fcd,4.69605,0.8324363970097982,5013.176214026895,-1.148908,O,8.2785
133099,qmof-35e3fcd,4.69605,0.8324363970097982,5013.176214026895,-1.148625,O,8.2741
133137,qmof-35e3fcd,4.69605,0.8324363970097982,5013.176214026895,0.422381,O,8.2737
133175,qmof-3736d07,12.24468,0.6370038181801739,6924.504835426987,2.108129,Hf,2.5784
133213,qmof-3736d07,12.24468,0.6370038181801739,6924.504835426987,2.1085,Hf,2.5849
133251,qmof-3736d07,12.24468,0.6370038181801739,6924.504835426987,2.106853,Hf,2.5862
133289,qmof-3736d07,12.24468,0.6370038181801739,6924.504835426987,2.120185,Hf,2.578
133327,qmof-3736d07,12.24468,0.6370038181801739,6924.504835426987,2.118776,Hf,2.8161
133365,qmof-3736d07,12.24468,0.6370038181801739,6924.504835426987,-0.6157,Hf,2.8147
133403,qmof-3736d07,12.24468,0.6370038181801739,6924.504835426987,-0.574381,O,8.1123
133441,qmof-3736d07,12.24468,0.6370038181801739,6924.504835426987,-0.616365,O,7.9572
133479,qmof-3736d07,12.24468,0.6370038181801739,6924.504835426987,-0.574405,O,8.1282
133517,qmof-3736d07,12.24468,0.6370038181801739,6924.504835426987,-0.582066,O,7.9557
133555,qmof-3736d07,12.24468,0.6370038181801739,6924.504835426987,-0.581638,O,8.2361
133593,qmof-3736d07,12.24468,0.6370038181801739,6924.504835426987,-0.580938,O,7.9408
133631,qmof-3736d07,12.24468,0.6370038181801739,6924.504835426987,-0.583825,O,8.2096
133669,qmof-3736d07,12.24468,0.6370038181801739,6924.504835426987,-0.944024,O,7.942
133707,qmof-3736d07,12.24468,0.6370038181801739,6924.504835426987,-0.741809,O,7.2165
133821,qmof-3736d07,12.24468,0.6370038181801739,6924.504835426987,-1.069824,O,7.2381
133859,qmof-3736d07,12.24468,0.6370038181801739,6924.504835426987,-0.956226,O,7.7529
133897,qmof-3736d07,12.24468,0.6370038181801739,6924.504835426987,-0.614649,O,7.3844
133935,qmof-3736d07,12.24468,0.6370038181801739,6924.504835426987,-0.574722,O,8.1388
133973,qmof-3736d07,12.24468,0.6370038181801739,6924.504835426987,-0.614554,O,7.957
134011,qmof-3736d07,12.24468,0.6370038181801739,6924.504835426987,-0.574292,O,8.1208
134049,qmof-3736d07,12.24468,0.6370038181801739,6924.504835426987,-0.580883,O,7.9586
134087,qmof-3736d07,12.24468,0.6370038181801739,6924.504835426987,-0.582425,O,8.2046
134125,qmof-3736d07,12.24468,0.6370038181801739,6924.504835426987,-0.582391,O,7.9412
134163,qmof-3736d07,12.24468,0.6370038181801739,6924.504835426987,-0.58127,O,8.219
134201,qmof-3736d07,12.24468,0.6370038181801739,6924.504835426987,-0.740821,O,7.9412
134277,qmof-3736d07,12.24468,0.6370038181801739,6924.504835426987,-0.943076,O,7.2381
134315,qmof-3736d07,12.24468,0.6370038181801739,6924.504835426987,-0.740094,O,7.2093
134391,qmof-3736d07,12.24468,0.6370038181801739,6924.504835426987,-1.069797,O,7.3848
134429,qmof-3736d07,12.24468,0.6370038181801739,6924.504835426987,-1.071505,O,7.7503
134467,qmof-3736d07,12.24468,0.6370038181801739,6924.504835426987,-0.957529,O,7.7513
134505,qmof-3736d07,12.24468,0.6370038181801739,6924.504835426987,-0.958628,O,7.3705
134543,qmof-3736d07,12.24468,0.6370038181801739,6924.504835426987,-1.070831,O,7.3663
134581,qmof-3736d07,12.24468,0.6370038181801739,6924.504835426987,0.431929,O,7.7481
138367,qmof-39ee1ff,5.41105,0.7768299201024451,6807.370546339096,2.140418,Hf,2.8329
138405,qmof-39ee1ff,5.41105,0.7768299201024451,6807.370546339096,2.139954,Hf,2.8315
138443,qmof-39ee1ff,5.41105,0.7768299201024451,6807.370546339096,2.141112,Hf,2.8238
138481,qmof-39ee1ff,5.41105,0.7768299201024451,6807.370546339096,2.140124,Hf,2.8298
138519,qmof-39ee1ff,5.41105,0.7768299201024451,6807.370546339096,2.140789,Hf,2.8238
138557,qmof-39ee1ff,5.41105,0.7768299201024451,6807.370546339096,-0.559225,Hf,2.825
138595,qmof-39ee1ff,5.41105,0.7768299201024451,6807.370546339096,-0.562649,O,8.0899
138633,qmof-39ee1ff,5.41105,0.7768299201024451,6807.370546339096,-0.56305,O,8.0
138671,qmof-39ee1ff,5.41105,0.7768299201024451,6807.370546339096,-0.562864,O,7.9933
138709,qmof-39ee1ff,5.41105,0.7768299201024451,6807.370546339096,-0.59393,O,8.0172
138747,qmof-39ee1ff,5.41105,0.7768299201024451,6807.370546339096,-0.598606,O,7.9442
138785,qmof-39ee1ff,5.41105,0.7768299201024451,6807.370546339096,-0.599332,O,7.876
138823,qmof-39ee1ff,5.41105,0.7768299201024451,6807.370546339096,-0.586737,O,7.8747
138861,qmof-39ee1ff,5.41105,0.7768299201024451,6807.370546339096,-1.05823,O,7.9833
138899,qmof-39ee1ff,5.41105,0.7768299201024451,6807.370546339096,-1.060083,O,7.5947
138937,qmof-39ee1ff,5.41105,0.7768299201024451,6807.370546339096,-0.991326,O,7.5986
138975,qmof-39ee1ff,5.41105,0.7768299201024451,6807.370546339096,-0.995306,O,7.3068
139013,qmof-39ee1ff,5.41105,0.7768299201024451,6807.370546339096,-0.561813,O,7.2728
139051,qmof-39ee1ff,5.41105,0.7768299201024451,6807.370546339096,-0.567362,O,8.0548
139089,qmof-39ee1ff,5.41105,0.7768299201024451,6807.370546339096,-0.560138,O,8.0188
139127,qmof-39ee1ff,5.41105,0.7768299201024451,6807.370546339096,-0.563053,O,7.9972
139165,qmof-39ee1ff,5.41105,0.7768299201024451,6807.370546339096,-0.567367,O,8.0201
139203,qmof-39ee1ff,5.41105,0.7768299201024451,6807.370546339096,-0.567277,O,8.0123
139241,qmof-39ee1ff,5.41105,0.7768299201024451,6807.370546339096,-0.561711,O,8.0165
139279,qmof-39ee1ff,5.41105,0.7768299201024451,6807.370546339096,-0.568318,O,8.0254
139317,qmof-39ee1ff,5.41105,0.7768299201024451,6807.370546339096,-0.591028,O,8.0087
139355,qmof-39ee1ff,5.41105,0.7768299201024451,6807.370546339096,-0.600206,O,7.9453
139393,qmof-39ee1ff,5.41105,0.7768299201024451,6807.370546339096,-0.598553,O,7.891
139431,qmof-39ee1ff,5.41105,0.7768299201024451,6807.370546339096,-0.59589,O,7.8679
139469,qmof-39ee1ff,5.41105,0.7768299201024451,6807.370546339096,-0.600603,O,7.939
139507,qmof-39ee1ff,5.41105,0.7768299201024451,6807.370546339096,-0.591534,O,7.8935
139545,qmof-39ee1ff,5.41105,0.7768299201024451,6807.370546339096,-0.592516,O,7.9428
139583,qmof-39ee1ff,5.41105,0.7768299201024451,6807.370546339096,-0.598102,O,7.9553
139621,qmof-39ee1ff,5.41105,0.7768299201024451,6807.370546339096,-1.059431,O,7.8937
139659,qmof-39ee1ff,5.41105,0.7768299201024451,6807.370546339096,-1.059327,O,7.6012
139697,qmof-39ee1ff,5.41105,0.7768299201024451,6807.370546339096,-0.995733,O,7.595
139735,qmof-39ee1ff,5.41105,0.7768299201024451,6807.370546339096,-0.995406,O,7.273
139773,qmof-39ee1ff,5.41105,0.7768299201024451,6807.370546339096,0.415961,O,7.2691
139811,qmof-3aea4c9,6.16911,0.5780573112590394,8041.76353726131,2.371778,Zr,3.2533
139849,qmof-3aea4c9,6.16911,0.5780573112590394,8041.76353726131,2.371676,Zr,3.2574
139887,qmof-3aea4c9,6.16911,0.5780573112590394,8041.76353726131,2.372495,Zr,3.254
139925,qmof-3aea4c9,6.16911,0.5780573112590394,8041.76353726131,2.373208,Zr,3.2582
139963,qmof-3aea4c9,6.16911,0.5780573112590394,8041.76353726131,2.372156,Zr,3.2562
140001,qmof-3aea4c9,6.16911,0.5780573112590394,8041.76353726131,-0.601945,Zr,3.2529
140039,qmof-3aea4c9,6.16911,0.5780573112590394,8041.76353726131,-0.599365,O,8.2176
140077,qmof-3aea4c9,6.16911,0.5780573112590394,8041.76353726131,-0.600475,O,8.2063
140115,qmof-3aea4c9,6.16911,0.5780573112590394,8041.76353726131,-0.597857,O,8.2203
140153,qmof-3aea4c9,6.16911,0.5780573112590394,8041.76353726131,-0.641078,O,8.2232
140191,qmof-3aea4c9,6.16911,0.5780573112590394,8041.76353726131,-0.638416,O,8.0764
140229,qmof-3aea4c9,6.16911,0.5780573112590394,8041.76353726131,-0.643454,O,8.0888
140267,qmof-3aea4c9,6.16911,0.5780573112590394,8041.76353726131,-0.639735,O,8.0622
140305,qmof-3aea4c9,6.16911,0.5780573112590394,8041.76353726131,-1.150357,O,8.0887
140343,qmof-3aea4c9,6.16911,0.5780573112590394,8041.76353726131,-1.150203,O,8.2867
140381,qmof-3aea4c9,6.16911,0.5780573112590394,8041.76353726131,-1.069629,O,8.297
140419,qmof-3aea4c9,6.16911,0.5780573112590394,8041.76353726131,-1.06972,O,7.7359
140457,qmof-3aea4c9,6.16911,0.5780573112590394,8041.76353726131,-0.604011,O,7.7008
140495,qmof-3aea4c9,6.16911,0.5780573112590394,8041.76353726131,-0.602105,O,8.2162
140533,qmof-3aea4c9,6.16911,0.5780573112590394,8041.76353726131,-0.602147,O,8.1968
140571,qmof-3aea4c9,6.16911,0.5780573112590394,8041.76353726131,-0.599939,O,8.2183
140609,qmof-3aea4c9,6.16911,0.5780573112590394,8041.76353726131,-0.601949,O,8.2242
140647,qmof-3aea4c9,6.16911,0.5780573112590394,8041.76353726131,-0.601951,O,8.2065
140685,qmof-3aea4c9,6.16911,0.5780573112590394,8041.76353726131,-0.604665,O,8.222
140723,qmof-3aea4c9,6.16911,0.5780573112590394,8041.76353726131,-0.601663,O,8.2161
140761,qmof-3aea4c9,6.16911,0.5780573112590394,8041.76353726131,-0.634832,O,8.2191
140799,qmof-3aea4c9,6.16911,0.5780573112590394,8041.76353726131,-0.63779,O,8.1012
140837,qmof-3aea4c9,6.16911,0.5780573112590394,8041.76353726131,-0.636464,O,8.082
140875,qmof-3aea4c9,6.16911,0.5780573112590394,8041.76353726131,-0.638463,O,8.0966
140913,qmof-3aea4c9,6.16911,0.5780573112590394,8041.76353726131,-0.639185,O,8.0835
140951,qmof-3aea4c9,6.16911,0.5780573112590394,8041.76353726131,-0.635566,O,8.0832
140989,qmof-3aea4c9,6.16911,0.5780573112590394,8041.76353726131,-0.637832,O,8.0842
141027,qmof-3aea4c9,6.16911,0.5780573112590394,8041.76353726131,-0.641095,O,8.0998
141065,qmof-3aea4c9,6.16911,0.5780573112590394,8041.76353726131,-1.150821,O,8.0599
141103,qmof-3aea4c9,6.16911,0.5780573112590394,8041.76353726131,-1.150917,O,8.2928
141141,qmof-3aea4c9,6.16911,0.5780573112590394,8041.76353726131,-1.069115,O,8.2813
141179,qmof-3aea4c9,6.16911,0.5780573112590394,8041.76353726131,-1.071663,O,7.7293
141217,qmof-3aea4c9,6.16911,0.5780573112590394,8041.76353726131,0.103863,O,7.7588
141407,qmof-3bb58fe,12.23262,0.5069665919213637,6985.636652381028,2.359571,Zr,3.237
141445,qmof-3bb58fe,12.23262,0.5069665919213637,6985.636652381028,-0.649963,Zr,3.2342
141483,qmof-3bb58fe,12.23262,0.5069665919213637,6985.636652381028,-0.612461,O,8.1337
141521,qmof-3bb58fe,12.23262,0.5069665919213637,6985.636652381028,-0.650737,O,8.1662
141559,qmof-3bb58fe,12.23262,0.5069665919213637,6985.636652381028,-0.612831,O,8.1479
141597,qmof-3bb58fe,12.23262,0.5069665919213637,6985.636652381028,-0.613424,O,8.1632
141635,qmof-3bb58fe,12.23262,0.5069665919213637,6985.636652381028,-0.619317,O,8.3023
141673,qmof-3bb58fe,12.23262,0.5069665919213637,6985.636652381028,-0.61201,O,8.1429
141711,qmof-3bb58fe,12.23262,0.5069665919213637,6985.636652381028,-0.621561,O,8.2939
141749,qmof-3bb58fe,12.23262,0.5069665919213637,6985.636652381028,-0.968114,O,8.1381
141787,qmof-3bb58fe,12.23262,0.5069665919213637,6985.636652381028,-0.774553,O,7.4884
141901,qmof-3bb58fe,12.23262,0.5069665919213637,6985.636652381028,-1.175265,O,7.4895
141939,qmof-3bb58fe,12.23262,0.5069665919213637,6985.636652381028,-1.046259,O,8.3882
141977,qmof-3bb58fe,12.23262,0.5069665919213637,6985.636652381028,-0.649016,O,7.8325
142015,qmof-3bb58fe,12.23262,0.5069665919213637,6985.636652381028,-0.612647,O,8.1545
142053,qmof-3bb58fe,12.23262,0.5069665919213637,6985.636652381028,-0.649622,O,8.1622
142091,qmof-3bb58fe,12.23262,0.5069665919213637,6985.636652381028,-0.611893,O,8.1415
142129,qmof-3bb58fe,12.23262,0.5069665919213637,6985.636652381028,-0.612364,O,8.1646
142167,qmof-3bb58fe,12.23262,0.5069665919213637,6985.636652381028,-0.620736,O,8.284
142205,qmof-3bb58fe,12.23262,0.5069665919213637,6985.636652381028,-0.613616,O,8.1402
142243,qmof-3bb58fe,12.23262,0.5069665919213637,6985.636652381028,-0.619169,O,8.2852
142281,qmof-3bb58fe,12.23262,0.5069665919213637,6985.636652381028,-0.774573,O,8.1445
142357,qmof-3bb58fe,12.23262,0.5069665919213637,6985.636652381028,-0.967746,O,7.4909
142395,qmof-3bb58fe,12.23262,0.5069665919213637,6985.636652381028,-0.774483,O,7.487
142471,qmof-3bb58fe,12.23262,0.5069665919213637,6985.636652381028,-1.1761,O,7.8332
142509,qmof-3bb58fe,12.23262,0.5069665919213637,6985.636652381028,-1.177054,O,8.3846
142547,qmof-3bb58fe,12.23262,0.5069665919213637,6985.636652381028,-1.047529,O,8.3745
142585,qmof-3bb58fe,12.23262,0.5069665919213637,6985.636652381028,-1.048555,O,7.8107
142623,qmof-3bb58fe,12.23262,0.5069665919213637,6985.636652381028,-1.177147,O,7.8117
142661,qmof-3bb58fe,12.23262,0.5069665919213637,6985.636652381028,0.435831,O,8.3749
142699,qmof-3c1695e,6.26787,0.8935458413399081,4933.296379637591,2.37674,Zr,3.2442
142757,qmof-3c1695e,6.26787,0.8935458413399081,4933.296379637591,2.375122,Zr,3.2442
142815,qmof-3c1695e,6.26787,0.8935458413399081,4933.296379637591,2.375422,Zr,3.245
142873,qmof-3c1695e,6.26787,0.8935458413399081,4933.296379637591,2.377618,Zr,3.2448
142931,qmof-3c1695e,6.26787,0.8935458413399081,4933.296379637591,2.376993,Zr,3.2381
142989,qmof-3c1695e,6.26787,0.8935458413399081,4933.296379637591,-0.61396,Zr,3.2384
143047,qmof-3c1695e,6.26787,0.8935458413399081,4933.296379637591,-0.614019,O,8.0707
143105,qmof-3c1695e,6.26787,0.8935458413399081,4933.296379637591,-0.611987,O,8.0706
143163,qmof-3c1695e,6.26787,0.8935458413399081,4933.296379637591,-0.61311,O,8.0713
143221,qmof-3c1695e,6.26787,0.8935458413399081,4933.296379637591,-0.622585,O,8.0711
143279,qmof-3c1695e,6.26787,0.8935458413399081,4933.296379637591,-0.617078,O,8.0992
143337,qmof-3c1695e,6.26787,0.8935458413399081,4933.296379637591,-0.622562,O,8.0827
143395,qmof-3c1695e,6.26787,0.8935458413399081,4933.296379637591,-0.618321,O,8.0994
143453,qmof-3c1695e,6.26787,0.8935458413399081,4933.296379637591,-0.611147,O,8.083
143511,qmof-3c1695e,6.26787,0.8935458413399081,4933.296379637591,-0.612816,O,8.0818
143569,qmof-3c1695e,6.26787,0.8935458413399081,4933.296379637591,-0.613234,O,8.0798
143627,qmof-3c1695e,6.26787,0.8935458413399081,4933.296379637591,-0.611493,O,8.0793
143685,qmof-3c1695e,6.26787,0.8935458413399081,4933.296379637591,-0.602586,O,8.082
143743,qmof-3c1695e,6.26787,0.8935458413399081,4933.296379637591,-0.60231,O,8.1668
143801,qmof-3c1695e,6.26787,0.8935458413399081,4933.296379637591,-0.602934,O,8.1666
143859,qmof-3c1695e,6.26787,0.8935458413399081,4933.296379637591,-0.602756,O,8.1696
143917,qmof-3c1695e,6.26787,0.8935458413399081,4933.296379637591,-0.609025,O,8.1694
143975,qmof-3c1695e,6.26787,0.8935458413399081,4933.296379637591,-0.598,O,8.0882
144033,qmof-3c1695e,6.26787,0.8935458413399081,4933.296379637591,-0.608922,O,8.1535
144091,qmof-3c1695e,6.26787,0.8935458413399081,4933.296379637591,-0.597284,O,8.088
144149,qmof-3c1695e,6.26787,0.8935458413399081,4933.296379637591,-0.601627,O,8.1534
144207,qmof-3c1695e,6.26787,0.8935458413399081,4933.296379637591,-0.601287,O,8.1331
144265,qmof-3c1695e,6.26787,0.8935458413399081,4933.296379637591,-0.599784,O,8.1346
144323,qmof-3c1695e,6.26787,0.8935458413399081,4933.296379637591,-0.600627,O,8.135
144381,qmof-3c1695e,6.26787,0.8935458413399081,4933.296379637591,-1.07064,O,8.1331
144439,qmof-3c1695e,6.26787,0.8935458413399081,4933.296379637591,-1.070329,O,7.7581
144497,qmof-3c1695e,6.26787,0.8935458413399081,4933.296379637591,-1.070355,O,7.7581
144555,qmof-3c1695e,6.26787,0.8935458413399081,4933.296379637591,-1.070086,O,7.7459
144613,qmof-3c1695e,6.26787,0.8935458413399081,4933.296379637591,-1.151603,O,7.7458
144671,qmof-3c1695e,6.26787,0.8935458413399081,4933.296379637591,-1.152181,O,8.3124
144729,qmof-3c1695e,6.26787,0.8935458413399081,4933.296379637591,-1.151559,O,8.3123
144787,qmof-3c1695e,6.26787,0.8935458413399081,4933.296379637591,-1.151586,O,8.2965
144845,qmof-3c1695e,6.26787,0.8935458413399081,4933.296379637591,-0.323433,O,8.2969
146063,qmof-3c42ae2,3.85245,1.285110409859466,4579.343555228502,2.380968,Zr,3.2455
146139,qmof-3c42ae2,3.85245,1.285110409859466,4579.343555228502,2.377328,Zr,3.259
146215,qmof-3c42ae2,3.85245,1.285110409859466,4579.343555228502,2.37707,Zr,3.2472
146291,qmof-3c42ae2,3.85245,1.285110409859466,4579.343555228502,2.378454,Zr,3.2475
146367,qmof-3c42ae2,3.85245,1.285110409859466,4579.343555228502,2.378456,Zr,3.2514
146443,qmof-3c42ae2,3.85245,1.285110409859466,4579.343555228502,2.372629,Zr,3.2522
146519,qmof-3c42ae2,3.85245,1.285110409859466,4579.343555228502,2.375109,Zr,3.2431
146595,qmof-3c42ae2,3.85245,1.285110409859466,4579.343555228502,2.372183,Zr,3.2502
146671,qmof-3c42ae2,3.85245,1.285110409859466,4579.343555228502,2.37549,Zr,3.2428
146747,qmof-3c42ae2,3.85245,1.285110409859466,4579.343555228502,2.372432,Zr,3.2493
146823,qmof-3c42ae2,3.85245,1.285110409859466,4579.343555228502,2.372212,Zr,3.2481
146899,qmof-3c42ae2,3.85245,1.285110409859466,4579.343555228502,-0.614674,Zr,3.2481
146975,qmof-3c42ae2,3.85245,1.285110409859466,4579.343555228502,-0.615194,O,8.1619
147051,qmof-3c42ae2,3.85245,1.285110409859466,4579.343555228502,-0.616365,O,8.0557
147127,qmof-3c42ae2,3.85245,1.285110409859466,4579.343555228502,-0.616434,O,8.0562
147203,qmof-3c42ae2,3.85245,1.285110409859466,4579.343555228502,-0.617099,O,8.1609
147279,qmof-3c42ae2,3.85245,1.285110409859466,4579.343555228502,-0.621094,O,8.0869
147355,qmof-3c42ae2,3.85245,1.285110409859466,4579.343555228502,-0.621297,O,8.1803
147431,qmof-3c42ae2,3.85245,1.285110409859466,4579.343555228502,-0.625215,O,8.0709
147507,qmof-3c42ae2,3.85245,1.285110409859466,4579.343555228502,-0.615464,O,8.1646
147583,qmof-3c42ae2,3.85245,1.285110409859466,4579.343555228502,-0.615302,O,8.086
147659,qmof-3c42ae2,3.85245,1.285110409859466,4579.343555228502,-0.6163,O,8.0822
147735,qmof-3c42ae2,3.85245,1.285110409859466,4579.343555228502,-0.615146,O,8.0822
147811,qmof-3c42ae2,3.85245,1.285110409859466,4579.343555228502,-0.615395,O,8.086
147887,qmof-3c42ae2,3.85245,1.285110409859466,4579.343555228502,-0.615221,O,8.1719
147963,qmof-3c42ae2,3.85245,1.285110409859466,4579.343555228502,-0.61641,O,8.1748
148039,qmof-3c42ae2,3.85245,1.285110409859466,4579.343555228502,-0.616137,O,8.1672
148115,qmof-3c42ae2,3.85245,1.285110409859466,4579.343555228502,-0.61493,O,8.1778
148191,qmof-3c42ae2,3.85245,1.285110409859466,4579.343555228502,-0.604412,O,8.1878
148267,qmof-3c42ae2,3.85245,1.285110409859466,4579.343555228502,-0.607186,O,8.0761
148343,qmof-3c42ae2,3.85245,1.285110409859466,4579.343555228502,-0.61162,O,8.1687
148419,qmof-3c42ae2,3.85245,1.285110409859466,4579.343555228502,-0.6084,O,8.0948
148495,qmof-3c42ae2,3.85245,1.285110409859466,4579.343555228502,-0.6091,O,8.1639
148571,qmof-3c42ae2,3.85245,1.285110409859466,4579.343555228502,-0.61363,O,8.1627
148647,qmof-3c42ae2,3.85245,1.285110409859466,4579.343555228502,-0.612976,O,8.1543
148723,qmof-3c42ae2,3.85245,1.285110409859466,4579.343555228502,-1.069505,O,8.1546
148799,qmof-3c42ae2,3.85245,1.285110409859466,4579.343555228502,-1.070002,O,7.7172
148875,qmof-3c42ae2,3.85245,1.285110409859466,4579.343555228502,-1.069895,O,7.7165
148951,qmof-3c42ae2,3.85245,1.285110409859466,4579.343555228502,-1.068617,O,7.7142
149027,qmof-3c42ae2,3.85245,1.285110409859466,4579.343555228502,-1.150391,O,7.7147
149103,qmof-3c42ae2,3.85245,1.285110409859466,4579.343555228502,-1.149301,O,8.2692
149179,qmof-3c42ae2,3.85245,1.285110409859466,4579.343555228502,-1.150726,O,8.2709
149255,qmof-3c42ae2,3.85245,1.285110409859466,4579.343555228502,-1.149969,O,8.2772
149331,qmof-3c42ae2,3.85245,1.285110409859466,4579.343555228502,-0.61809,O,8.2707
149407,qmof-3c42ae2,3.85245,1.285110409859466,4579.343555228502,-0.612409,O,8.1701
149483,qmof-3c42ae2,3.85245,1.285110409859466,4579.343555228502,-0.61439,O,8.1588
149559,qmof-3c42ae2,3.85245,1.285110409859466,4579.343555228502,-0.617887,O,8.1597
149635,qmof-3c42ae2,3.85245,1.285110409859466,4579.343555228502,-0.613204,O,8.1713
149711,qmof-3c42ae2,3.85245,1.285110409859466,4579.343555228502,-0.615437,O,8.1863
149787,qmof-3c42ae2,3.85245,1.285110409859466,4579.343555228502,-0.615679,O,8.1819
149863,qmof-3c42ae2,3.85245,1.285110409859466,4579.343555228502,-0.620513,O,8.0773
149939,qmof-3c42ae2,3.85245,1.285110409859466,4579.343555228502,-0.616445,O,8.1665
150015,qmof-3c42ae2,3.85245,1.285110409859466,4579.343555228502,-0.613993,O,8.1714
150091,qmof-3c42ae2,3.85245,1.285110409859466,4579.343555228502,-0.618848,O,8.1759
150167,qmof-3c42ae2,3.85245,1.285110409859466,4579.343555228502,-0.616956,O,8.157
150243,qmof-3c42ae2,3.85245,1.285110409859466,4579.343555228502,-0.619742,O,8.1647
150319,qmof-3c42ae2,3.85245,1.285110409859466,4579.343555228502,-0.612742,O,8.1715
150395,qmof-3c42ae2,3.85245,1.285110409859466,4579.343555228502,-0.614538,O,8.1632
150471,qmof-3c42ae2,3.85245,1.285110409859466,4579.343555228502,-0.618207,O,8.1597
150547,qmof-3c42ae2,3.85245,1.285110409859466,4579.343555228502,-0.616877,O,8.1775
150623,qmof-3c42ae2,3.85245,1.285110409859466,4579.343555228502,-0.614464,O,8.1745
150699,qmof-3c42ae2,3.85245,1.285110409859466,4579.343555228502,-0.618873,O,8.0727
150775,qmof-3c42ae2,3.85245,1.285110409859466,4579.343555228502,-0.614884,O,8.1698
150851,qmof-3c42ae2,3.85245,1.285110409859466,4579.343555228502,-0.616944,O,8.1873
150927,qmof-3c42ae2,3.85245,1.285110409859466,4579.343555228502,-0.615858,O,8.1723
151003,qmof-3c42ae2,3.85245,1.285110409859466,4579.343555228502,-0.617789,O,8.1728
151079,qmof-3c42ae2,3.85245,1.285110409859466,4579.343555228502,-0.617369,O,8.1656
151155,qmof-3c42ae2,3.85245,1.285110409859466,4579.343555228502,-1.070298,O,8.1679
151231,qmof-3c42ae2,3.85245,1.285110409859466,4579.343555228502,-1.067949,O,7.7252
151307,qmof-3c42ae2,3.85245,1.285110409859466,4579.343555228502,-1.06926,O,7.7208
151383,qmof-3c42ae2,3.85245,1.285110409859466,4579.343555228502,-1.068459,O,7.7234
151459,qmof-3c42ae2,3.85245,1.285110409859466,4579.343555228502,-1.147728,O,7.7223
151535,qmof-3c42ae2,3.85245,1.285110409859466,4579.343555228502,-1.149771,O,8.2754
151611,qmof-3c42ae2,3.85245,1.285110409859466,4579.343555228502,-1.14911,O,8.2819
151687,qmof-3c42ae2,3.85245,1.285110409859466,4579.343555228502,-1.147535,O,8.2783
151763,qmof-3c42ae2,3.85245,1.285110409859466,4579.343555228502,0.421296,O,8.2794
153439,qmof-3cfc4c8,4.12217,1.6224881726556473,1341.102800932188,0.514443,Rh,5.7201
153473,qmof-3cfc4c8,4.12217,1.6224881726556473,1341.102800932188,0.51435,Rh,5.7201
153507,qmof-3cfc4c8,4.12217,1.6224881726556473,1341.102800932188,0.514353,Rh,5.7201
153541,qmof-3cfc4c8,4.12217,1.6224881726556473,1341.102800932188,-0.250972,Rh,5.7201
153575,qmof-3cfc4c8,4.12217,1.6224881726556473,1341.102800932188,-0.250794,N,5.5195
153609,qmof-3cfc4c8,4.12217,1.6224881726556473,1341.102800932188,-0.250896,N,5.5195
153643,qmof-3cfc4c8,4.12217,1.6224881726556473,1341.102800932188,-0.250828,N,5.5195
153677,qmof-3cfc4c8,4.12217,1.6224881726556473,1341.102800932188,0.103645,N,5.5195
153711,qmof-3cfc4c8,4.12217,1.6224881726556473,1341.102800932188,0.103729,N,5.3661
153745,qmof-3cfc4c8,4.12217,1.6224881726556473,1341.102800932188,0.103572,N,5.3661
153779,qmof-3cfc4c8,4.12217,1.6224881726556473,1341.102800932188,0.103617,N,5.3661
153813,qmof-3cfc4c8,4.12217,1.6224881726556473,1341.102800932188,-0.265819,N,5.3661
153847,qmof-3cfc4c8,4.12217,1.6224881726556473,1341.102800932188,-0.265908,N,5.1355
153881,qmof-3cfc4c8,4.12217,1.6224881726556473,1341.102800932188,-0.265858,N,5.1356
153915,qmof-3cfc4c8,4.12217,1.6224881726556473,1341.102800932188,-0.265768,N,5.1356
153949,qmof-3cfc4c8,4.12217,1.6224881726556473,1341.102800932188,-0.419459,N,5.1356
153983,qmof-3cfc4c8,4.12217,1.6224881726556473,1341.102800932188,-0.41957,N,5.2548
154017,qmof-3cfc4c8,4.12217,1.6224881726556473,1341.102800932188,-0.455553,N,5.2547
154051,qmof-3cfc4c8,4.12217,1.6224881726556473,1341.102800932188,-0.455679,O,7.2661
154085,qmof-3cfc4c8,4.12217,1.6224881726556473,1341.102800932188,-0.455637,O,7.2661
154119,qmof-3cfc4c8,4.12217,1.6224881726556473,1341.102800932188,-0.455671,O,7.2661
154153,qmof-3cfc4c8,4.12217,1.6224881726556473,1341.102800932188,-0.461605,O,7.2661
154187,qmof-3cfc4c8,4.12217,1.6224881726556473,1341.102800932188,-0.461582,O,7.2352
154221,qmof-3cfc4c8,4.12217,1.6224881726556473,1341.102800932188,-0.461584,O,7.2352
154255,qmof-3cfc4c8,4.12217,1.6224881726556473,1341.102800932188,-0.461603,O,7.2353
154289,qmof-3cfc4c8,4.12217,1.6224881726556473,1341.102800932188,-0.464759,O,7.2352
154323,qmof-3cfc4c8,4.12217,1.6224881726556473,1341.102800932188,-0.464811,O,7.2168
154357,qmof-3cfc4c8,4.12217,1.6224881726556473,1341.102800932188,-0.464703,O,7.2168
154391,qmof-3cfc4c8,4.12217,1.6224881726556473,1341.102800932188,-0.464806,O,7.2169
154425,qmof-3cfc4c8,4.12217,1.6224881726556473,1341.102800932188,-0.472383,O,7.2168
154459,qmof-3cfc4c8,4.12217,1.6224881726556473,1341.102800932188,-0.472391,O,7.2915
154493,qmof-3cfc4c8,4.12217,1.6224881726556473,1341.102800932188,-0.472321,O,7.2915
154527,qmof-3cfc4c8,4.12217,1.6224881726556473,1341.102800932188,-0.472525,O,7.2916
154561,qmof-3cfc4c8,4.12217,1.6224881726556473,1341.102800932188,0.141203,O,7.2915
156643,qmof-3f348f5,3.42762,1.3659350221770148,2298.091718453805,2.376877,Zr,3.242
156681,qmof-3f348f5,3.42762,1.3659350221770148,2298.091718453805,2.372066,Zr,3.2366
156719,qmof-3f348f5,3.42762,1.3659350221770148,2298.091718453805,2.372325,Zr,3.2351
156757,qmof-3f348f5,3.42762,1.3659350221770148,2298.091718453805,2.378216,Zr,3.244
156795,qmof-3f348f5,3.42762,1.3659350221770148,2298.091718453805,2.377876,Zr,3.2415
156833,qmof-3f348f5,3.42762,1.3659350221770148,2298.091718453805,-0.617065,Zr,3.2432
156871,qmof-3f348f5,3.42762,1.3659350221770148,2298.091718453805,-0.620829,O,8.1655
156909,qmof-3f348f5,3.42762,1.3659350221770148,2298.091718453805,-0.616467,O,8.014
156947,qmof-3f348f5,3.42762,1.3659350221770148,2298.091718453805,-0.619768,O,8.021
156985,qmof-3f348f5,3.42762,1.3659350221770148,2298.091718453805,-0.62108,O,8.1587
157023,qmof-3f348f5,3.42762,1.3659350221770148,2298.091718453805,-0.613725,O,8.0577
157061,qmof-3f348f5,3.42762,1.3659350221770148,2298.091718453805,-0.613037,O,8.1783
157099,qmof-3f348f5,3.42762,1.3659350221770148,2298.091718453805,-0.625946,O,8.0795
157137,qmof-3f348f5,3.42762,1.3659350221770148,2298.091718453805,-0.623988,O,8.0223
157175,qmof-3f348f5,3.42762,1.3659350221770148,2298.091718453805,-0.623781,O,7.9986
157213,qmof-3f348f5,3.42762,1.3659350221770148,2298.091718453805,-0.616959,O,7.9992
157251,qmof-3f348f5,3.42762,1.3659350221770148,2298.091718453805,-0.616774,O,8.1887
157289,qmof-3f348f5,3.42762,1.3659350221770148,2298.091718453805,-0.606943,O,8.1896
157327,qmof-3f348f5,3.42762,1.3659350221770148,2298.091718453805,-0.616562,O,8.1627
157365,qmof-3f348f5,3.42762,1.3659350221770148,2298.091718453805,-0.61514,O,8.1667
157403,qmof-3f348f5,3.42762,1.3659350221770148,2298.091718453805,-0.608832,O,8.1646
157441,qmof-3f348f5,3.42762,1.3659350221770148,2298.091718453805,-0.605739,O,8.1554
157479,qmof-3f348f5,3.42762,1.3659350221770148,2298.091718453805,-0.614185,O,8.0991
157517,qmof-3f348f5,3.42762,1.3659350221770148,2298.091718453805,-0.605207,O,8.1381
157555,qmof-3f348f5,3.42762,1.3659350221770148,2298.091718453805,-0.615766,O,8.088
157593,qmof-3f348f5,3.42762,1.3659350221770148,2298.091718453805,-0.608627,O,8.1615
157631,qmof-3f348f5,3.42762,1.3659350221770148,2298.091718453805,-0.611638,O,8.1551
157669,qmof-3f348f5,3.42762,1.3659350221770148,2298.091718453805,-0.614068,O,8.1587
157707,qmof-3f348f5,3.42762,1.3659350221770148,2298.091718453805,-0.617907,O,8.1582
157745,qmof-3f348f5,3.42762,1.3659350221770148,2298.091718453805,-1.065704,O,8.1602
157783,qmof-3f348f5,3.42762,1.3659350221770148,2298.091718453805,-1.070272,O,7.7177
157821,qmof-3f348f5,3.42762,1.3659350221770148,2298.091718453805,-1.072875,O,7.7443
157859,qmof-3f348f5,3.42762,1.3659350221770148,2298.091718453805,-1.071346,O,7.7326
157897,qmof-3f348f5,3.42762,1.3659350221770148,2298.091718453805,-1.148922,O,7.7248
157935,qmof-3f348f5,3.42762,1.3659350221770148,2298.091718453805,-1.146268,O,8.3117
157973,qmof-3f348f5,3.42762,1.3659350221770148,2298.091718453805,-1.150808,O,8.2835
158011,qmof-3f348f5,3.42762,1.3659350221770148,2298.091718453805,-1.14839,O,8.2985
158049,qmof-3f348f5,3.42762,1.3659350221770148,2298.091718453805,0.423994,O,8.288
158087,qmof-3f4c77b,4.00301,1.331790212328784,2286.8439246316457,2.374921,Zr,3.247
158125,qmof-3f4c77b,4.00301,1.331790212328784,2286.8439246316457,2.372969,Zr,3.2488
158163,qmof-3f4c77b,4.00301,1.331790212328784,2286.8439246316457,2.371546,Zr,3.2447
158201,qmof-3f4c77b,4.00301,1.331790212328784,2286.8439246316457,2.37556,Zr,3.2474
158239,qmof-3f4c77b,4.00301,1.331790212328784,2286.8439246316457,2.375222,Zr,3.2463
158277,qmof-3f4c77b,4.00301,1.331790212328784,2286.8439246316457,-0.611742,Zr,3.2467
158315,qmof-3f4c77b,4.00301,1.331790212328784,2286.8439246316457,-0.619431,O,8.1869
158353,qmof-3f4c77b,4.00301,1.331790212328784,2286.8439246316457,-0.623553,O,8.0554
158391,qmof-3f4c77b,4.00301,1.331790212328784,2286.8439246316457,-0.613682,O,8.11
158429,qmof-3f4c77b,4.00301,1.331790212328784,2286.8439246316457,-0.628197,O,8.1678
158467,qmof-3f4c77b,4.00301,1.331790212328784,2286.8439246316457,-0.614499,O,8.1427
158505,qmof-3f4c77b,4.00301,1.331790212328784,2286.8439246316457,-0.61602,O,8.1835
158543,qmof-3f4c77b,4.00301,1.331790212328784,2286.8439246316457,-0.622555,O,8.0845
158581,qmof-3f4c77b,4.00301,1.331790212328784,2286.8439246316457,-0.621874,O,8.0701
158619,qmof-3f4c77b,4.00301,1.331790212328784,2286.8439246316457,-0.613169,O,8.0532
158657,qmof-3f4c77b,4.00301,1.331790212328784,2286.8439246316457,-0.616841,O,8.0919
158695,qmof-3f4c77b,4.00301,1.331790212328784,2286.8439246316457,-0.613612,O,8.161
158733,qmof-3f4c77b,4.00301,1.331790212328784,2286.8439246316457,-0.619212,O,8.1864
158771,qmof-3f4c77b,4.00301,1.331790212328784,2286.8439246316457,-0.6122,O,8.235
158809,qmof-3f4c77b,4.00301,1.331790212328784,2286.8439246316457,-0.611885,O,8.177
158847,qmof-3f4c77b,4.00301,1.331790212328784,2286.8439246316457,-0.612771,O,8.1976
158885,qmof-3f4c77b,4.00301,1.331790212328784,2286.8439246316457,-0.611892,O,8.1518
158923,qmof-3f4c77b,4.00301,1.331790212328784,2286.8439246316457,-0.611901,O,8.0956
158961,qmof-3f4c77b,4.00301,1.331790212328784,2286.8439246316457,-0.624722,O,8.1613
158999,qmof-3f4c77b,4.00301,1.331790212328784,2286.8439246316457,-0.616729,O,8.1647
159037,qmof-3f4c77b,4.00301,1.331790212328784,2286.8439246316457,-0.612691,O,8.1754
159075,qmof-3f4c77b,4.00301,1.331790212328784,2286.8439246316457,-0.610811,O,8.1455
159113,qmof-3f4c77b,4.00301,1.331790212328784,2286.8439246316457,-0.615909,O,8.1731
159151,qmof-3f4c77b,4.00301,1.331790212328784,2286.8439246316457,-0.611436,O,8.1541
159189,qmof-3f4c77b,4.00301,1.331790212328784,2286.8439246316457,-1.067704,O,8.1779
159227,qmof-3f4c77b,4.00301,1.331790212328784,2286.8439246316457,-1.069613,O,7.7496
159265,qmof-3f4c77b,4.00301,1.331790212328784,2286.8439246316457,-1.072995,O,7.7153
159303,qmof-3f4c77b,4.00301,1.331790212328784,2286.8439246316457,-1.068494,O,7.7245
159341,qmof-3f4c77b,4.00301,1.331790212328784,2286.8439246316457,-1.150413,O,7.7227
159379,qmof-3f4c77b,4.00301,1.331790212328784,2286.8439246316457,-1.14933,O,8.2962
159416,qmof-3f4c77b,4.00301,1.331790212328784,2286.8439246316457,-1.151164,O,8.2805
159454,qmof-3f4c77b,4.00301,1.331790212328784,2286.8439246316457,-1.150541,O,8.299
159492,qmof-3f4c77b,4.00301,1.331790212328784,2286.8439246316457,0.420819,O,8.2903
159610,qmof-412a896,5.74272,1.0382871781519156,4429.411948780365,-0.118579,N,5.4832
159630,qmof-412a896,5.74272,1.0382871781519156,4429.411948780365,-0.118704,N,5.4832
159650,qmof-412a896,5.74272,1.0382871781519156,4429.411948780365,-0.118745,N,5.4832
159670,qmof-412a896,5.74272,1.0382871781519156,4429.411948780365,-0.11964,N,5.4832
159690,qmof-412a896,5.74272,1.0382871781519156,4429.411948780365,-0.1197,N,5.4814
159710,qmof-412a896,5.74272,1.0382871781519156,4429.411948780365,-0.119538,N,5.4814
159730,qmof-412a896,5.74272,1.0382871781519156,4429.411948780365,-0.11966,N,5.4814
159750,qmof-412a896,5.74272,1.0382871781519156,4429.411948780365,-0.446027,N,5.4814
159770,qmof-412a896,5.74272,1.0382871781519156,4429.411948780365,-0.446051,Cl,6.3997
159790,qmof-412a896,5.74272,1.0382871781519156,4429.411948780365,-0.446063,Cl,6.3998
159810,qmof-412a896,5.74272,1.0382871781519156,4429.411948780365,-0.446033,Cl,6.3998
159830,qmof-412a896,5.74272,1.0382871781519156,4429.411948780365,-0.416293,Cl,6.3998
159850,qmof-412a896,5.74272,1.0382871781519156,4429.411948780365,-0.416273,Cl,6.017
159870,qmof-412a896,5.74272,1.0382871781519156,4429.411948780365,-0.416293,Cl,6.0171
159890,qmof-412a896,5.74272,1.0382871781519156,4429.411948780365,-0.416334,Cl,6.0172
159910,qmof-412a896,5.74272,1.0382871781519156,4429.411948780365,0.946912,Cl,6.0171
159930,qmof-41ae7d7,4.93844,0.9677391661511706,4402.580275813143,2.144253,Hf,2.8492
159968,qmof-41ae7d7,4.93844,0.9677391661511706,4402.580275813143,2.141839,Hf,2.8528
160006,qmof-41ae7d7,4.93844,0.9677391661511706,4402.580275813143,2.143067,Hf,2.8477
160044,qmof-41ae7d7,4.93844,0.9677391661511706,4402.580275813143,2.141511,Hf,2.8511
160082,qmof-41ae7d7,4.93844,0.9677391661511706,4402.580275813143,2.143042,Hf,2.8487
160120,qmof-41ae7d7,4.93844,0.9677391661511706,4402.580275813143,-0.550587,Hf,2.847
160158,qmof-41ae7d7,4.93844,0.9677391661511706,4402.580275813143,-0.548851,O,7.9883
160196,qmof-41ae7d7,4.93844,0.9677391661511706,4402.580275813143,-0.549935,O,7.9537
160234,qmof-41ae7d7,4.93844,0.9677391661511706,4402.580275813143,-0.551129,O,7.9578
160272,qmof-41ae7d7,4.93844,0.9677391661511706,4402.580275813143,-0.566598,O,7.985
160310,qmof-41ae7d7,4.93844,0.9677391661511706,4402.580275813143,-0.569139,O,7.8984
160348,qmof-41ae7d7,4.93844,0.9677391661511706,4402.580275813143,-0.571221,O,7.8281
160386,qmof-41ae7d7,4.93844,0.9677391661511706,4402.580275813143,-0.56764,O,7.84
160424,qmof-41ae7d7,4.93844,0.9677391661511706,4402.580275813143,-1.064905,O,7.9114
160462,qmof-41ae7d7,4.93844,0.9677391661511706,4402.580275813143,-1.065504,O,7.6067
160500,qmof-41ae7d7,4.93844,0.9677391661511706,4402.580275813143,-1.002326,O,7.6103
160538,qmof-41ae7d7,4.93844,0.9677391661511706,4402.580275813143,-1.003704,O,7.2972
160576,qmof-41ae7d7,4.93844,0.9677391661511706,4402.580275813143,-0.551623,O,7.2951
160614,qmof-41ae7d7,4.93844,0.9677391661511706,4402.580275813143,-0.55088,O,7.9815
160652,qmof-41ae7d7,4.93844,0.9677391661511706,4402.580275813143,-0.5496,O,7.9509
160690,qmof-41ae7d7,4.93844,0.9677391661511706,4402.580275813143,-0.551332,O,7.9531
160728,qmof-41ae7d7,4.93844,0.9677391661511706,4402.580275813143,-0.552351,O,7.9881
160766,qmof-41ae7d7,4.93844,0.9677391661511706,4402.580275813143,-0.552266,O,7.9488
160804,qmof-41ae7d7,4.93844,0.9677391661511706,4402.580275813143,-0.550587,O,7.9815
160842,qmof-41ae7d7,4.93844,0.9677391661511706,4402.580275813143,-0.552898,O,7.9942
160880,qmof-41ae7d7,4.93844,0.9677391661511706,4402.580275813143,-0.565741,O,7.9544
160918,qmof-41ae7d7,4.93844,0.9677391661511706,4402.580275813143,-0.570642,O,7.9028
160956,qmof-41ae7d7,4.93844,0.9677391661511706,4402.580275813143,-0.569747,O,7.8331
160994,qmof-41ae7d7,4.93844,0.9677391661511706,4402.580275813143,-0.567209,O,7.8259
161032,qmof-41ae7d7,4.93844,0.9677391661511706,4402.580275813143,-0.572146,O,7.9004
161070,qmof-41ae7d7,4.93844,0.9677391661511706,4402.580275813143,-0.565619,O,7.8331
161108,qmof-41ae7d7,4.93844,0.9677391661511706,4402.580275813143,-0.567767,O,7.9033
161146,qmof-41ae7d7,4.93844,0.9677391661511706,4402.580275813143,-0.572448,O,7.907
161184,qmof-41ae7d7,4.93844,0.9677391661511706,4402.580275813143,-1.065849,O,7.8463
161222,qmof-41ae7d7,4.93844,0.9677391661511706,4402.580275813143,-1.065604,O,7.6127
161260,qmof-41ae7d7,4.93844,0.9677391661511706,4402.580275813143,-1.0043,O,7.6082
161298,qmof-41ae7d7,4.93844,0.9677391661511706,4402.580275813143,-1.005487,O,7.2952
161336,qmof-41ae7d7,4.93844,0.9677391661511706,4402.580275813143,0.419607,O,7.3004
161374,qmof-41af215,3.31364,1.3404046689571505,2291.957133508266,2.367568,Zr,3.2262
161422,qmof-41af215,3.31364,1.3404046689571505,2291.957133508266,2.373683,Zr,3.2294
161470,qmof-41af215,3.31364,1.3404046689571505,2291.957133508266,2.371632,Zr,3.2513
161518,qmof-41af215,3.31364,1.3404046689571505,2291.957133508266,2.369378,Zr,3.2482
161566,qmof-41af215,3.31364,1.3404046689571505,2291.957133508266,2.368486,Zr,3.2287
161614,qmof-41af215,3.31364,1.3404046689571505,2291.957133508266,-0.631967,Zr,3.2299
161662,qmof-41af215,3.31364,1.3404046689571505,2291.957133508266,-0.631848,O,8.2473
161710,qmof-41af215,3.31364,1.3404046689571505,2291.957133508266,-0.630973,O,8.2414
161758,qmof-41af215,3.31364,1.3404046689571505,2291.957133508266,-0.631446,O,8.241
161806,qmof-41af215,3.31364,1.3404046689571505,2291.957133508266,-0.624601,O,8.2479
161854,qmof-41af215,3.31364,1.3404046689571505,2291.957133508266,-0.633478,O,8.075
161902,qmof-41af215,3.31364,1.3404046689571505,2291.957133508266,-0.617542,O,8.2494
161950,qmof-41af215,3.31364,1.3404046689571505,2291.957133508266,-0.632017,O,8.0381
161998,qmof-41af215,3.31364,1.3404046689571505,2291.957133508266,-0.633879,O,8.2479
162046,qmof-41af215,3.31364,1.3404046689571505,2291.957133508266,-0.634651,O,8.2436
162094,qmof-41af215,3.31364,1.3404046689571505,2291.957133508266,-0.633836,O,8.2422
162142,qmof-41af215,3.31364,1.3404046689571505,2291.957133508266,-0.633218,O,8.243
162190,qmof-41af215,3.31364,1.3404046689571505,2291.957133508266,-0.610044,O,8.2476
162238,qmof-41af215,3.31364,1.3404046689571505,2291.957133508266,-0.609848,O,8.1138
162286,qmof-41af215,3.31364,1.3404046689571505,2291.957133508266,-0.610898,O,8.1127
162334,qmof-41af215,3.31364,1.3404046689571505,2291.957133508266,-0.61122,O,8.1056
162382,qmof-41af215,3.31364,1.3404046689571505,2291.957133508266,-0.620039,O,8.1073
162430,qmof-41af215,3.31364,1.3404046689571505,2291.957133508266,-0.614279,O,8.0555
162478,qmof-41af215,3.31364,1.3404046689571505,2291.957133508266,-0.628165,O,8.1066
162526,qmof-41af215,3.31364,1.3404046689571505,2291.957133508266,-0.615741,O,8.0915
162574,qmof-41af215,3.31364,1.3404046689571505,2291.957133508266,-0.612029,O,8.1099
162622,qmof-41af215,3.31364,1.3404046689571505,2291.957133508266,-0.612385,O,8.1057
162670,qmof-41af215,3.31364,1.3404046689571505,2291.957133508266,-0.613534,O,8.1068
162718,qmof-41af215,3.31364,1.3404046689571505,2291.957133508266,-0.613184,O,8.1003
162766,qmof-41af215,3.31364,1.3404046689571505,2291.957133508266,-1.068456,O,8.1029
162814,qmof-41af215,3.31364,1.3404046689571505,2291.957133508266,-1.068968,O,7.7548
162862,qmof-41af215,3.31364,1.3404046689571505,2291.957133508266,-1.069803,O,7.7471
162910,qmof-41af215,3.31364,1.3404046689571505,2291.957133508266,-1.069102,O,7.7441
162958,qmof-41af215,3.31364,1.3404046689571505,2291.957133508266,-1.147186,O,7.7422
163006,qmof-41af215,3.31364,1.3404046689571505,2291.957133508266,-1.146535,O,8.3196
163054,qmof-41af215,3.31364,1.3404046689571505,2291.957133508266,-1.146289,O,8.3296
163102,qmof-41af215,3.31364,1.3404046689571505,2291.957133508266,-1.146546,O,8.3105
163150,qmof-41af215,3.31364,1.3404046689571505,2291.957133508266,-0.439549,O,8.3084
163678,qmof-44fa197,4.53471,1.1651283558062828,3216.6355304531926,2.375719,Zr,3.2568
163716,qmof-44fa197,4.53471,1.1651283558062828,3216.6355304531926,2.374253,Zr,3.2537
163754,qmof-44fa197,4.53471,1.1651283558062828,3216.6355304531926,2.367465,Zr,3.241
163792,qmof-44fa197,4.53471,1.1651283558062828,3216.6355304531926,2.378638,Zr,3.2426
163830,qmof-44fa197,4.53471,1.1651283558062828,3216.6355304531926,2.378851,Zr,3.2513
163868,qmof-44fa197,4.53471,1.1651283558062828,3216.6355304531926,-0.616175,Zr,3.2539
163906,qmof-44fa197,4.53471,1.1651283558062828,3216.6355304531926,-0.614461,O,8.1329
163944,qmof-44fa197,4.53471,1.1651283558062828,3216.6355304531926,-0.61362,O,8.1087
163982,qmof-44fa197,4.53471,1.1651283558062828,3216.6355304531926,-0.615266,O,8.1191
164020,qmof-44fa197,4.53471,1.1651283558062828,3216.6355304531926,-0.6277,O,8.136
164058,qmof-44fa197,4.53471,1.1651283558062828,3216.6355304531926,-0.61909,O,8.1134
164096,qmof-44fa197,4.53471,1.1651283558062828,3216.6355304531926,-0.634174,O,8.1502
164134,qmof-44fa197,4.53471,1.1651283558062828,3216.6355304531926,-0.612244,O,8.124
164172,qmof-44fa197,4.53471,1.1651283558062828,3216.6355304531926,-0.614861,O,8.1189
164210,qmof-44fa197,4.53471,1.1651283558062828,3216.6355304531926,-0.615109,O,8.1294
164248,qmof-44fa197,4.53471,1.1651283558062828,3216.6355304531926,-0.614867,O,8.1375
164286,qmof-44fa197,4.53471,1.1651283558062828,3216.6355304531926,-0.613591,O,8.1291
164324,qmof-44fa197,4.53471,1.1651283558062828,3216.6355304531926,-0.619864,O,8.0918
164362,qmof-44fa197,4.53471,1.1651283558062828,3216.6355304531926,-0.617324,O,7.9991
164400,qmof-44fa197,4.53471,1.1651283558062828,3216.6355304531926,-0.613574,O,8.1084
164438,qmof-44fa197,4.53471,1.1651283558062828,3216.6355304531926,-0.620279,O,8.104
164476,qmof-44fa197,4.53471,1.1651283558062828,3216.6355304531926,-0.633727,O,7.9888
164514,qmof-44fa197,4.53471,1.1651283558062828,3216.6355304531926,-0.616757,O,8.0402
164552,qmof-44fa197,4.53471,1.1651283558062828,3216.6355304531926,-0.631106,O,7.9824
164590,qmof-44fa197,4.53471,1.1651283558062828,3216.6355304531926,-0.611166,O,8.049
164628,qmof-44fa197,4.53471,1.1651283558062828,3216.6355304531926,-0.613953,O,8.1076
164666,qmof-44fa197,4.53471,1.1651283558062828,3216.6355304531926,-0.60957,O,8.104
164704,qmof-44fa197,4.53471,1.1651283558062828,3216.6355304531926,-0.617207,O,8.1047
164742,qmof-44fa197,4.53471,1.1651283558062828,3216.6355304531926,-0.617044,O,7.9794
164780,qmof-44fa197,4.53471,1.1651283558062828,3216.6355304531926,-1.06907,O,7.9871
164818,qmof-44fa197,4.53471,1.1651283558062828,3216.6355304531926,-1.067654,O,7.7138
164856,qmof-44fa197,4.53471,1.1651283558062828,3216.6355304531926,-1.066725,O,7.7141
164894,qmof-44fa197,4.53471,1.1651283558062828,3216.6355304531926,-1.069313,O,7.7023
164932,qmof-44fa197,4.53471,1.1651283558062828,3216.6355304531926,-1.146956,O,7.749
164970,qmof-44fa197,4.53471,1.1651283558062828,3216.6355304531926,-1.148134,O,8.2878
165008,qmof-44fa197,4.53471,1.1651283558062828,3216.6355304531926,-1.14608,O,8.2853
165046,qmof-44fa197,4.53471,1.1651283558062828,3216.6355304531926,-1.148114,O,8.2679
165084,qmof-44fa197,4.53471,1.1651283558062828,3216.6355304531926,0.426449,O,8.2741
166886,qmof-497c336,3.74807,1.618998339835002,1467.6008655468106,0.142856,Cu,12.7721
166902,qmof-497c336,3.74807,1.618998339835002,1467.6008655468106,0.145821,Cu,12.7724
166918,qmof-497c336,3.74807,1.618998339835002,1467.6008655468106,0.145835,Cu,12.804
166934,qmof-497c336,3.74807,1.618998339835002,1467.6008655468106,0.012327,Cu,12.8038
166950,qmof-497c336,3.74807,1.618998339835002,1467.6008655468106,0.01226,S,2.9702
166966,qmof-497c336,3.74807,1.618998339835002,1467.6008655468106,0.016692,S,2.9702
166982,qmof-497c336,3.74807,1.618998339835002,1467.6008655468106,0.016633,S,2.9584
166998,qmof-497c336,3.74807,1.618998339835002,1467.6008655468106,-0.372378,S,2.9583
167014,qmof-497c336,3.74807,1.618998339835002,1467.6008655468106,-0.372379,I,3.9125
167030,qmof-497c336,3.74807,1.618998339835002,1467.6008655468106,-0.374211,I,3.9124
167046,qmof-497c336,3.74807,1.618998339835002,1467.6008655468106,-0.374217,I,3.9274
167062,qmof-497c336,3.74807,1.618998339835002,1467.6008655468106,-0.215135,I,3.9273
167078,qmof-497c336,3.74807,1.618998339835002,1467.6008655468106,-0.215137,N,5.6655
167094,qmof-497c336,3.74807,1.618998339835002,1467.6008655468106,-0.216892,N,5.6655
167110,qmof-497c336,3.74807,1.618998339835002,1467.6008655468106,-0.216818,N,5.6692
167126,qmof-497c336,3.74807,1.618998339835002,1467.6008655468106,0.134031,N,5.6693
167142,qmof-4afff6e,4.01247,1.256609294032151,3204.510120101317,2.377854,Zr,3.2536
167195,qmof-4afff6e,4.01247,1.256609294032151,3204.510120101317,2.370863,Zr,3.2518
167248,qmof-4afff6e,4.01247,1.256609294032151,3204.510120101317,2.375722,Zr,3.2339
167301,qmof-4afff6e,4.01247,1.256609294032151,3204.510120101317,2.370896,Zr,3.2627
167354,qmof-4afff6e,4.01247,1.256609294032151,3204.510120101317,2.381499,Zr,3.2301
167407,qmof-4afff6e,4.01247,1.256609294032151,3204.510120101317,-0.611911,Zr,3.2574
167460,qmof-4afff6e,4.01247,1.256609294032151,3204.510120101317,-0.579635,O,8.1329
167513,qmof-4afff6e,4.01247,1.256609294032151,3204.510120101317,-0.597916,O,8.1204
167566,qmof-4afff6e,4.01247,1.256609294032151,3204.510120101317,-0.617781,O,8.1135
167619,qmof-4afff6e,4.01247,1.256609294032151,3204.510120101317,-0.606283,O,8.0971
167672,qmof-4afff6e,4.01247,1.256609294032151,3204.510120101317,-0.619497,O,8.0385
167725,qmof-4afff6e,4.01247,1.256609294032151,3204.510120101317,-0.621115,O,8.1177
167778,qmof-4afff6e,4.01247,1.256609294032151,3204.510120101317,-0.598748,O,8.1089
167831,qmof-4afff6e,4.01247,1.256609294032151,3204.510120101317,-0.607823,O,8.1125
167884,qmof-4afff6e,4.01247,1.256609294032151,3204.510120101317,-0.583305,O,8.1022
167937,qmof-4afff6e,4.01247,1.256609294032151,3204.510120101317,-0.60706,O,8.1665
167990,qmof-4afff6e,4.01247,1.256609294032151,3204.510120101317,-0.620259,O,8.0654
168043,qmof-4afff6e,4.01247,1.256609294032151,3204.510120101317,-0.625769,O,8.1111
168096,qmof-4afff6e,4.01247,1.256609294032151,3204.510120101317,-0.617727,O,8.272
168149,qmof-4afff6e,4.01247,1.256609294032151,3204.510120101317,-0.608324,O,8.0518
168202,qmof-4afff6e,4.01247,1.256609294032151,3204.510120101317,-0.599859,O,8.1036
168255,qmof-4afff6e,4.01247,1.256609294032151,3204.510120101317,-0.625096,O,8.0086
168308,qmof-4afff6e,4.01247,1.256609294032151,3204.510120101317,-0.596694,O,8.0678
168361,qmof-4afff6e,4.01247,1.256609294032151,3204.510120101317,-0.624667,O,8.0356
168414,qmof-4afff6e,4.01247,1.256609294032151,3204.510120101317,-0.609804,O,8.082
168467,qmof-4afff6e,4.01247,1.256609294032151,3204.510120101317,-0.610875,O,8.0736
168520,qmof-4afff6e,4.01247,1.256609294032151,3204.510120101317,-0.609769,O,8.0631
168573,qmof-4afff6e,4.01247,1.256609294032151,3204.510120101317,-0.625987,O,8.0749
168626,qmof-4afff6e,4.01247,1.256609294032151,3204.510120101317,-0.595982,O,8.248
168679,qmof-4afff6e,4.01247,1.256609294032151,3204.510120101317,-1.068942,O,8.0471
168732,qmof-4afff6e,4.01247,1.256609294032151,3204.510120101317,-1.076913,O,7.7063
168785,qmof-4afff6e,4.01247,1.256609294032151,3204.510120101317,-1.074862,O,7.7529
168838,qmof-4afff6e,4.01247,1.256609294032151,3204.510120101317,-1.074171,O,7.7187
168891,qmof-4afff6e,4.01247,1.256609294032151,3204.510120101317,-1.148934,O,7.7527
168944,qmof-4afff6e,4.01247,1.256609294032151,3204.510120101317,-1.14773,O,8.3363
168997,qmof-4afff6e,4.01247,1.256609294032151,3204.510120101317,-1.147469,O,8.2865
169050,qmof-4afff6e,4.01247,1.256609294032151,3204.510120101317,-1.149765,O,8.2669
169103,qmof-4afff6e,4.01247,1.256609294032151,3204.510120101317,-0.541169,O,8.3013
169156,qmof-4afff6e,4.01247,1.256609294032151,3204.510120101317,-0.485955,O,7.2593
169209,qmof-4afff6e,4.01247,1.256609294032151,3204.510120101317,-0.539524,O,8.6188
169262,qmof-4afff6e,4.01247,1.256609294032151,3204.510120101317,-0.529082,O,8.6476
169315,qmof-4afff6e,4.01247,1.256609294032151,3204.510120101317,-0.551255,O,7.5701
169368,qmof-4afff6e,4.01247,1.256609294032151,3204.510120101317,-0.507384,O,8.6629
169421,qmof-4afff6e,4.01247,1.256609294032151,3204.510120101317,-0.521648,O,8.6462
169474,qmof-4afff6e,4.01247,1.256609294032151,3204.510120101317,-0.53142,O,7.5347
169580,qmof-4afff6e,4.01247,1.256609294032151,3204.510120101317,-0.522954,O,8.6171
169633,qmof-4afff6e,4.01247,1.256609294032151,3204.510120101317,-0.499013,O,7.3071
169686,qmof-4afff6e,4.01247,1.256609294032151,3204.510120101317,-0.539754,O,8.648
169739,qmof-4afff6e,4.01247,1.256609294032151,3204.510120101317,-0.539965,O,8.6337
169792,qmof-4afff6e,4.01247,1.256609294032151,3204.510120101317,-0.504993,O,7.2732
169845,qmof-4afff6e,4.01247,1.256609294032151,3204.510120101317,-0.546334,O,8.6778
169898,qmof-4afff6e,4.01247,1.256609294032151,3204.510120101317,0.42986,O,8.6511
169951,qmof-4b70fb1,6.57323,0.8158636722750299,4963.274977467758,2.378711,Zr,3.2493
169993,qmof-4b70fb1,6.57323,0.8158636722750299,4963.274977467758,2.377152,Zr,3.2492
170035,qmof-4b70fb1,6.57323,0.8158636722750299,4963.274977467758,2.377018,Zr,3.2477
170077,qmof-4b70fb1,6.57323,0.8158636722750299,4963.274977467758,2.378056,Zr,3.2476
170119,qmof-4b70fb1,6.57323,0.8158636722750299,4963.274977467758,2.379468,Zr,3.2523
170161,qmof-4b70fb1,6.57323,0.8158636722750299,4963.274977467758,-0.622322,Zr,3.2513
170203,qmof-4b70fb1,6.57323,0.8158636722750299,4963.274977467758,-0.621944,O,8.0667
170245,qmof-4b70fb1,6.57323,0.8158636722750299,4963.274977467758,-0.622651,O,8.0662
170287,qmof-4b70fb1,6.57323,0.8158636722750299,4963.274977467758,-0.622942,O,8.0642
170329,qmof-4b70fb1,6.57323,0.8158636722750299,4963.274977467758,-0.61204,O,8.0641
170371,qmof-4b70fb1,6.57323,0.8158636722750299,4963.274977467758,-0.622638,O,8.2095
170413,qmof-4b70fb1,6.57323,0.8158636722750299,4963.274977467758,-0.613029,O,8.0577
170455,qmof-4b70fb1,6.57323,0.8158636722750299,4963.274977467758,-0.621502,O,8.2091
170497,qmof-4b70fb1,6.57323,0.8158636722750299,4963.274977467758,-0.620324,O,8.058
170539,qmof-4b70fb1,6.57323,0.8158636722750299,4963.274977467758,-0.620463,O,8.0616
170581,qmof-4b70fb1,6.57323,0.8158636722750299,4963.274977467758,-0.62004,O,8.0657
170623,qmof-4b70fb1,6.57323,0.8158636722750299,4963.274977467758,-0.620622,O,8.0658
170665,qmof-4b70fb1,6.57323,0.8158636722750299,4963.274977467758,-0.616416,O,8.062
170707,qmof-4b70fb1,6.57323,0.8158636722750299,4963.274977467758,-0.616037,O,8.1601
170749,qmof-4b70fb1,6.57323,0.8158636722750299,4963.274977467758,-0.613685,O,8.1601
170791,qmof-4b70fb1,6.57323,0.8158636722750299,4963.274977467758,-0.614302,O,8.1541
170833,qmof-4b70fb1,6.57323,0.8158636722750299,4963.274977467758,-0.604811,O,8.1539
170875,qmof-4b70fb1,6.57323,0.8158636722750299,4963.274977467758,-0.612846,O,8.211
170917,qmof-4b70fb1,6.57323,0.8158636722750299,4963.274977467758,-0.60523,O,8.1522
170959,qmof-4b70fb1,6.57323,0.8158636722750299,4963.274977467758,-0.613753,O,8.2104
171001,qmof-4b70fb1,6.57323,0.8158636722750299,4963.274977467758,-0.611127,O,8.1523
171043,qmof-4b70fb1,6.57323,0.8158636722750299,4963.274977467758,-0.611617,O,8.1544
171085,qmof-4b70fb1,6.57323,0.8158636722750299,4963.274977467758,-0.61158,O,8.1538
171127,qmof-4b70fb1,6.57323,0.8158636722750299,4963.274977467758,-0.611427,O,8.1544
171169,qmof-4b70fb1,6.57323,0.8158636722750299,4963.274977467758,-1.069022,O,8.1549
171211,qmof-4b70fb1,6.57323,0.8158636722750299,4963.274977467758,-1.069132,O,7.7167
171253,qmof-4b70fb1,6.57323,0.8158636722750299,4963.274977467758,-1.069138,O,7.7168
171295,qmof-4b70fb1,6.57323,0.8158636722750299,4963.274977467758,-1.069472,O,7.7197
171337,qmof-4b70fb1,6.57323,0.8158636722750299,4963.274977467758,-1.150006,O,7.7194
171379,qmof-4b70fb1,6.57323,0.8158636722750299,4963.274977467758,-1.150185,O,8.2638
171421,qmof-4b70fb1,6.57323,0.8158636722750299,4963.274977467758,-1.151518,O,8.2635
171463,qmof-4b70fb1,6.57323,0.8158636722750299,4963.274977467758,-1.151781,O,8.2702
171505,qmof-4b70fb1,6.57323,0.8158636722750299,4963.274977467758,-0.335581,O,8.2693
171547,qmof-4b70fb1,6.57323,0.8158636722750299,4963.274977467758,-0.346437,O,8.5063
171589,qmof-4b70fb1,6.57323,0.8158636722750299,4963.274977467758,-0.336535,O,8.4408
171631,qmof-4b70fb1,6.57323,0.8158636722750299,4963.274977467758,-0.347076,O,8.5088
171673,qmof-4b70fb1,6.57323,0.8158636722750299,4963.274977467758,0.420767,O,8.4444
171715,qmof-4d370e9,3.94742,1.5051836432969476,2764.6890712098657,2.146467,Hf,2.8317
171753,qmof-4d370e9,3.94742,1.5051836432969476,2764.6890712098657,2.145914,Hf,2.8329
171791,qmof-4d370e9,3.94742,1.5051836432969476,2764.6890712098657,2.148228,Hf,2.8158
171829,qmof-4d370e9,3.94742,1.5051836432969476,2764.6890712098657,2.148944,Hf,2.8308
171867,qmof-4d370e9,3.94742,1.5051836432969476,2764.6890712098657,2.149789,Hf,2.8182
171905,qmof-4d370e9,3.94742,1.5051836432969476,2764.6890712098657,-0.593345,Hf,2.8147
171943,qmof-4d370e9,3.94742,1.5051836432969476,2764.6890712098657,-0.577767,O,7.929
171981,qmof-4d370e9,3.94742,1.5051836432969476,2764.6890712098657,-0.577839,O,8.0238
172019,qmof-4d370e9,3.94742,1.5051836432969476,2764.6890712098657,-0.609648,O,8.0245
172057,qmof-4d370e9,3.94742,1.5051836432969476,2764.6890712098657,-0.592796,O,7.8798
172095,qmof-4d370e9,3.94742,1.5051836432969476,2764.6890712098657,-0.592799,O,7.8537
172133,qmof-4d370e9,3.94742,1.5051836432969476,2764.6890712098657,-0.591804,O,7.8195
172171,qmof-4d370e9,3.94742,1.5051836432969476,2764.6890712098657,-0.585722,O,7.8277
172209,qmof-4d370e9,3.94742,1.5051836432969476,2764.6890712098657,-1.055615,O,7.8886
172247,qmof-4d370e9,3.94742,1.5051836432969476,2764.6890712098657,-1.056601,O,7.546
172285,qmof-4d370e9,3.94742,1.5051836432969476,2764.6890712098657,-0.982601,O,7.5534
172323,qmof-4d370e9,3.94742,1.5051836432969476,2764.6890712098657,-0.995516,O,7.3917
172361,qmof-4d370e9,3.94742,1.5051836432969476,2764.6890712098657,-0.60672,O,7.2539
172399,qmof-4d370e9,3.94742,1.5051836432969476,2764.6890712098657,-0.58463,O,7.8976
172437,qmof-4d370e9,3.94742,1.5051836432969476,2764.6890712098657,-0.576308,O,8.0078
172475,qmof-4d370e9,3.94742,1.5051836432969476,2764.6890712098657,-0.589542,O,8.0016
172513,qmof-4d370e9,3.94742,1.5051836432969476,2764.6890712098657,-0.584076,O,7.9098
172551,qmof-4d370e9,3.94742,1.5051836432969476,2764.6890712098657,-0.599424,O,7.9955
172589,qmof-4d370e9,3.94742,1.5051836432969476,2764.6890712098657,-0.595354,O,7.8834
172627,qmof-4d370e9,3.94742,1.5051836432969476,2764.6890712098657,-0.586218,O,7.9101
172665,qmof-4d370e9,3.94742,1.5051836432969476,2764.6890712098657,-0.586548,O,8.0062
172703,qmof-4d370e9,3.94742,1.5051836432969476,2764.6890712098657,-0.603219,O,7.8711
172741,qmof-4d370e9,3.94742,1.5051836432969476,2764.6890712098657,-0.594969,O,7.8326
172779,qmof-4d370e9,3.94742,1.5051836432969476,2764.6890712098657,-0.596086,O,7.8277
172817,qmof-4d370e9,3.94742,1.5051836432969476,2764.6890712098657,-0.603948,O,7.8621
172855,qmof-4d370e9,3.94742,1.5051836432969476,2764.6890712098657,-0.590748,O,7.8515
172893,qmof-4d370e9,3.94742,1.5051836432969476,2764.6890712098657,-0.591276,O,7.8656
172931,qmof-4d370e9,3.94742,1.5051836432969476,2764.6890712098657,-0.600703,O,7.8741
172969,qmof-4d370e9,3.94742,1.5051836432969476,2764.6890712098657,-1.061795,O,7.8426
173007,qmof-4d370e9,3.94742,1.5051836432969476,2764.6890712098657,-1.055451,O,7.607
173045,qmof-4d370e9,3.94742,1.5051836432969476,2764.6890712098657,-0.997812,O,7.5518
173083,qmof-4d370e9,3.94742,1.5051836432969476,2764.6890712098657,-0.995333,O,7.2317
173121,qmof-4d370e9,3.94742,1.5051836432969476,2764.6890712098657,0.130506,O,7.2435
173159,qmof-4d978c3,6.06067,0.8996501784559421,4885.190047810952,2.376175,Zr,3.245
173217,qmof-4d978c3,6.06067,0.8996501784559421,4885.190047810952,2.375201,Zr,3.2449
173275,qmof-4d978c3,6.06067,0.8996501784559421,4885.190047810952,2.37507,Zr,3.2433
173333,qmof-4d978c3,6.06067,0.8996501784559421,4885.190047810952,2.37901,Zr,3.2433
173391,qmof-4d978c3,6.06067,0.8996501784559421,4885.190047810952,2.37703,Zr,3.2381
173449,qmof-4d978c3,6.06067,0.8996501784559421,4885.190047810952,-0.614578,Zr,3.2403
173507,qmof-4d978c3,6.06067,0.8996501784559421,4885.190047810952,-0.614844,O,8.0834
173565,qmof-4d978c3,6.06067,0.8996501784559421,4885.190047810952,-0.612659,O,8.0836
173623,qmof-4d978c3,6.06067,0.8996501784559421,4885.190047810952,-0.613595,O,8.106
173681,qmof-4d978c3,6.06067,0.8996501784559421,4885.190047810952,-0.628415,O,8.1044
173739,qmof-4d978c3,6.06067,0.8996501784559421,4885.190047810952,-0.618141,O,8.0816
173797,qmof-4d978c3,6.06067,0.8996501784559421,4885.190047810952,-0.629223,O,8.097
173855,qmof-4d978c3,6.06067,0.8996501784559421,4885.190047810952,-0.61889,O,8.0819
173913,qmof-4d978c3,6.06067,0.8996501784559421,4885.190047810952,-0.613977,O,8.0969
173971,qmof-4d978c3,6.06067,0.8996501784559421,4885.190047810952,-0.613655,O,8.1213
174029,qmof-4d978c3,6.06067,0.8996501784559421,4885.190047810952,-0.614224,O,8.0945
174087,qmof-4d978c3,6.06067,0.8996501784559421,4885.190047810952,-0.61453,O,8.0955
174145,qmof-4d978c3,6.06067,0.8996501784559421,4885.190047810952,-0.601093,O,8.1214
174203,qmof-4d978c3,6.06067,0.8996501784559421,4885.190047810952,-0.601073,O,8.1694
174261,qmof-4d978c3,6.06067,0.8996501784559421,4885.190047810952,-0.601659,O,8.1695
174319,qmof-4d978c3,6.06067,0.8996501784559421,4885.190047810952,-0.601553,O,8.1897
174377,qmof-4d978c3,6.06067,0.8996501784559421,4885.190047810952,-0.612179,O,8.1903
174435,qmof-4d978c3,6.06067,0.8996501784559421,4885.190047810952,-0.597234,O,8.0806
174493,qmof-4d978c3,6.06067,0.8996501784559421,4885.190047810952,-0.611938,O,8.1538
174551,qmof-4d978c3,6.06067,0.8996501784559421,4885.190047810952,-0.596445,O,8.0799
174609,qmof-4d978c3,6.06067,0.8996501784559421,4885.190047810952,-0.601181,O,8.1541
174667,qmof-4d978c3,6.06067,0.8996501784559421,4885.190047810952,-0.602907,O,8.1449
174725,qmof-4d978c3,6.06067,0.8996501784559421,4885.190047810952,-0.602218,O,8.154
174783,qmof-4d978c3,6.06067,0.8996501784559421,4885.190047810952,-0.600967,O,8.1536
174841,qmof-4d978c3,6.06067,0.8996501784559421,4885.190047810952,-1.071087,O,8.1448
174899,qmof-4d978c3,6.06067,0.8996501784559421,4885.190047810952,-1.070536,O,7.7553
174957,qmof-4d978c3,6.06067,0.8996501784559421,4885.190047810952,-1.071783,O,7.7551
175015,qmof-4d978c3,6.06067,0.8996501784559421,4885.190047810952,-1.071383,O,7.7493
175073,qmof-4d978c3,6.06067,0.8996501784559421,4885.190047810952,-1.152186,O,7.7492
175131,qmof-4d978c3,6.06067,0.8996501784559421,4885.190047810952,-1.152968,O,8.3133
175189,qmof-4d978c3,6.06067,0.8996501784559421,4885.190047810952,-1.151686,O,8.3135
175247,qmof-4d978c3,6.06067,0.8996501784559421,4885.190047810952,-1.152401,O,8.3004
175305,qmof-4d978c3,6.06067,0.8996501784559421,4885.190047810952,-0.322751,O,8.3003
176883,qmof-4d9a98c,3.97174,1.4838903308226157,406.577319697703,0.022904,C,2.9746
176955,qmof-4d9a98c,3.97174,1.4838903308226157,406.577319697703,-0.170847,C,2.9746
177027,qmof-4d9a98c,3.97174,1.4838903308226157,406.577319697703,-0.170935,C,3.0323
177099,qmof-4d9a98c,3.97174,1.4838903308226157,406.577319697703,0.894645,C,3.0323
177399,qmof-4e29e0b,4.99351,0.762526594299161,4447.186206049993,-0.584442,O,8.1823
177437,qmof-4e29e0b,4.99351,0.762526594299161,4447.186206049993,-0.584941,O,8.1581
177475,qmof-4e29e0b,4.99351,0.762526594299161,4447.186206049993,-0.586094,O,8.1621
177513,qmof-4e29e0b,4.99351,0.762526594299161,4447.186206049993,-0.606314,O,8.1809
177551,qmof-4e29e0b,4.99351,0.762526594299161,4447.186206049993,-0.608878,O,8.0807
177589,qmof-4e29e0b,4.99351,0.762526594299161,4447.186206049993,-0.610873,O,7.998
177627,qmof-4e29e0b,4.99351,0.762526594299161,4447.186206049993,-0.607588,O,8.0103
177665,qmof-4e29e0b,4.99351,0.762526594299161,4447.186206049993,-1.157697,O,8.0972
177703,qmof-4e29e0b,4.99351,0.762526594299161,4447.186206049993,-1.157782,O,8.2333
177741,qmof-4e29e0b,4.99351,0.762526594299161,4447.186206049993,-1.079205,O,8.2359
177779,qmof-4e29e0b,4.99351,0.762526594299161,4447.186206049993,-1.080679,O,7.6942
177817,qmof-4e29e0b,4.99351,0.762526594299161,4447.186206049993,-0.587867,O,7.6896
177855,qmof-4e29e0b,4.99351,0.762526594299161,4447.186206049993,-0.586757,O,8.1768
177893,qmof-4e29e0b,4.99351,0.762526594299161,4447.186206049993,-0.58399,O,8.1507
177931,qmof-4e29e0b,4.99351,0.762526594299161,4447.186206049993,-0.587519,O,8.159
177969,qmof-4e29e0b,4.99351,0.762526594299161,4447.186206049993,-0.58809,O,8.1822
178007,qmof-4e29e0b,4.99351,0.762526594299161,4447.186206049993,-0.587573,O,8.1504
178045,qmof-4e29e0b,4.99351,0.762526594299161,4447.186206049993,-0.585991,O,8.1775
178083,qmof-4e29e0b,4.99351,0.762526594299161,4447.186206049993,-0.587047,O,8.1876
178121,qmof-4e29e0b,4.99351,0.762526594299161,4447.186206049993,-0.606175,O,8.1506
178159,qmof-4e29e0b,4.99351,0.762526594299161,4447.186206049993,-0.609301,O,8.0915
178197,qmof-4e29e0b,4.99351,0.762526594299161,4447.186206049993,-0.610062,O,8.001
178235,qmof-4e29e0b,4.99351,0.762526594299161,4447.186206049993,-0.606606,O,7.9955
178273,qmof-4e29e0b,4.99351,0.762526594299161,4447.186206049993,-0.611506,O,8.0833
178311,qmof-4e29e0b,4.99351,0.762526594299161,4447.186206049993,-0.606073,O,7.9994
178349,qmof-4e29e0b,4.99351,0.762526594299161,4447.186206049993,-0.608245,O,8.0933
178387,qmof-4e29e0b,4.99351,0.762526594299161,4447.186206049993,-0.612292,O,8.0883
178425,qmof-4e29e0b,4.99351,0.762526594299161,4447.186206049993,-1.158124,O,8.0136
178463,qmof-4e29e0b,4.99351,0.762526594299161,4447.186206049993,-1.157682,O,8.2364
178501,qmof-4e29e0b,4.99351,0.762526594299161,4447.186206049993,-1.081232,O,8.2351
178539,qmof-4e29e0b,4.99351,0.762526594299161,4447.186206049993,-1.0816,O,7.6898
178577,qmof-4e29e0b,4.99351,0.762526594299161,4447.186206049993,0.424675,O,7.6939
178615,qmof-4fb11b1,5.07972,0.8103798300115471,4898.932514273042,2.37313,Zr,3.2472
178653,qmof-4fb11b1,5.07972,0.8103798300115471,4898.932514273042,2.372322,Zr,3.2471
178691,qmof-4fb11b1,5.07972,0.8103798300115471,4898.932514273042,2.371966,Zr,3.2476
178729,qmof-4fb11b1,5.07972,0.8103798300115471,4898.932514273042,2.371949,Zr,3.2475
178767,qmof-4fb11b1,5.07972,0.8103798300115471,4898.932514273042,2.373065,Zr,3.2534
178805,qmof-4fb11b1,5.07972,0.8103798300115471,4898.932514273042,-0.623616,Zr,3.2512
178843,qmof-4fb11b1,5.07972,0.8103798300115471,4898.932514273042,-0.623602,O,8.1649
178881,qmof-4fb11b1,5.07972,0.8103798300115471,4898.932514273042,-0.622221,O,8.1652
178919,qmof-4fb11b1,5.07972,0.8103798300115471,4898.932514273042,-0.623222,O,8.1544
178957,qmof-4fb11b1,5.07972,0.8103798300115471,4898.932514273042,-0.609193,O,8.1544
178995,qmof-4fb11b1,5.07972,0.8103798300115471,4898.932514273042,-0.621432,O,8.2223
179033,qmof-4fb11b1,5.07972,0.8103798300115471,4898.932514273042,-0.609336,O,8.1535
179071,qmof-4fb11b1,5.07972,0.8103798300115471,4898.932514273042,-0.622271,O,8.2224
179109,qmof-4fb11b1,5.07972,0.8103798300115471,4898.932514273042,-0.621668,O,8.1532
179147,qmof-4fb11b1,5.07972,0.8103798300115471,4898.932514273042,-0.622321,O,8.1632
179185,qmof-4fb11b1,5.07972,0.8103798300115471,4898.932514273042,-0.621968,O,8.1622
179223,qmof-4fb11b1,5.07972,0.8103798300115471,4898.932514273042,-0.620613,O,8.1616
179261,qmof-4fb11b1,5.07972,0.8103798300115471,4898.932514273042,-0.621471,O,8.1634
179299,qmof-4fb11b1,5.07972,0.8103798300115471,4898.932514273042,-0.621102,O,8.1494
179337,qmof-4fb11b1,5.07972,0.8103798300115471,4898.932514273042,-0.621196,O,8.1493
179375,qmof-4fb11b1,5.07972,0.8103798300115471,4898.932514273042,-0.621679,O,8.1585
179413,qmof-4fb11b1,5.07972,0.8103798300115471,4898.932514273042,-0.611113,O,8.1587
179451,qmof-4fb11b1,5.07972,0.8103798300115471,4898.932514273042,-0.621165,O,8.22
179489,qmof-4fb11b1,5.07972,0.8103798300115471,4898.932514273042,-0.612128,O,8.1465
179527,qmof-4fb11b1,5.07972,0.8103798300115471,4898.932514273042,-0.619992,O,8.2203
179565,qmof-4fb11b1,5.07972,0.8103798300115471,4898.932514273042,-0.620615,O,8.1466
179603,qmof-4fb11b1,5.07972,0.8103798300115471,4898.932514273042,-0.620999,O,8.1581
179641,qmof-4fb11b1,5.07972,0.8103798300115471,4898.932514273042,-0.621656,O,8.1511
179679,qmof-4fb11b1,5.07972,0.8103798300115471,4898.932514273042,-0.620114,O,8.1513
179717,qmof-4fb11b1,5.07972,0.8103798300115471,4898.932514273042,-1.065612,O,8.1578
179755,qmof-4fb11b1,5.07972,0.8103798300115471,4898.932514273042,-1.065392,O,7.7272
179793,qmof-4fb11b1,5.07972,0.8103798300115471,4898.932514273042,-1.065908,O,7.7269
179831,qmof-4fb11b1,5.07972,0.8103798300115471,4898.932514273042,-1.066954,O,7.7386
179869,qmof-4fb11b1,5.07972,0.8103798300115471,4898.932514273042,-1.148381,O,7.7386
179907,qmof-4fb11b1,5.07972,0.8103798300115471,4898.932514273042,-1.148067,O,8.2652
179945,qmof-4fb11b1,5.07972,0.8103798300115471,4898.932514273042,-1.148798,O,8.2652
179983,qmof-4fb11b1,5.07972,0.8103798300115471,4898.932514273042,-1.148524,O,8.2689
180021,qmof-4fb11b1,5.07972,0.8103798300115471,4898.932514273042,0.419437,O,8.2691
180059,qmof-50b2007,3.83105,2.212914440217295,899.7342113229813,0.268981,Cu,13.2802
180094,qmof-50b2007,3.83105,2.212914440217295,899.7342113229813,-0.384895,Cu,13.2804
180129,qmof-50b2007,3.83105,2.212914440217295,899.7342113229813,-0.384911,Br,4.708
180161,qmof-50b2007,3.83105,2.212914440217295,899.7342113229813,-0.242589,Br,4.708
180193,qmof-50b2007,3.83105,2.212914440217295,899.7342113229813,-0.242806,N,5.6648
180229,qmof-50b2007,3.83105,2.212914440217295,899.7342113229813,-0.242793,N,5.6648
180265,qmof-50b2007,3.83105,2.212914440217295,899.7342113229813,-0.242731,N,5.6647
180301,qmof-50b2007,3.83105,2.212914440217295,899.7342113229813,0.064417,N,5.6648
180337,qmof-50b2007,3.83105,2.212914440217295,899.7342113229813,0.064642,N,5.4169
180372,qmof-50b2007,3.83105,2.212914440217295,899.7342113229813,0.064511,N,5.4169
180407,qmof-50b2007,3.83105,2.212914440217295,899.7342113229813,0.0645,N,5.4169
180442,qmof-50b2007,3.83105,2.212914440217295,899.7342113229813,0.124388,N,5.4168
180477,qmof-534e40b,5.61595,1.127342362924032,2087.147944055948,1.744459,Y,2.4468
180505,qmof-534e40b,5.61595,1.127342362924032,2087.147944055948,-0.555267,Y,2.4488
180533,qmof-534e40b,5.61595,1.127342362924032,2087.147944055948,-0.555182,O,7.9833
180561,qmof-534e40b,5.61595,1.127342362924032,2087.147944055948,-0.679022,O,8.0119
180589,qmof-534e40b,5.61595,1.127342362924032,2087.147944055948,-0.679146,O,8.3806
180617,qmof-534e40b,5.61595,1.127342362924032,2087.147944055948,-0.557685,O,8.3769
180644,qmof-534e40b,5.61595,1.127342362924032,2087.147944055948,-0.557718,O,7.995
180672,qmof-534e40b,5.61595,1.127342362924032,2087.147944055948,-0.674225,O,7.996
180700,qmof-534e40b,5.61595,1.127342362924032,2087.147944055948,-0.674184,O,8.3397
180728,qmof-534e40b,5.61595,1.127342362924032,2087.147944055948,-0.678708,O,8.3355
180755,qmof-534e40b,5.61595,1.127342362924032,2087.147944055948,-0.678665,O,8.4563
180783,qmof-534e40b,5.61595,1.127342362924032,2087.147944055948,-0.544136,O,8.4564
180811,qmof-534e40b,5.61595,1.127342362924032,2087.147944055948,-0.544213,O,8.0394
180839,qmof-534e40b,5.61595,1.127342362924032,2087.147944055948,0.155596,O,8.069
182295,qmof-548e234,3.56678,1.3230851025130563,2104.3044418539143,0.336941,Ag,11.6143
182319,qmof-548e234,3.56678,1.3230851025130563,2104.3044418539143,0.267917,Ag,11.6145
182343,qmof-548e234,3.56678,1.3230851025130563,2104.3044418539143,0.267924,Ag,11.4601
182367,qmof-548e234,3.56678,1.3230851025130563,2104.3044418539143,0.205053,Ag,11.4602
182391,qmof-548e234,3.56678,1.3230851025130563,2104.3044418539143,0.205115,P,1.6883
182415,qmof-548e234,3.56678,1.3230851025130563,2104.3044418539143,0.229554,P,1.6883
182439,qmof-548e234,3.56678,1.3230851025130563,2104.3044418539143,0.229561,P,1.6927
182463,qmof-548e234,3.56678,1.3230851025130563,2104.3044418539143,-0.183178,P,1.6927
182487,qmof-548e234,3.56678,1.3230851025130563,2104.3044418539143,-0.183107,N,5.4686
182511,qmof-548e234,3.56678,1.3230851025130563,2104.3044418539143,-0.02514,N,5.4685
182535,qmof-548e234,3.56678,1.3230851025130563,2104.3044418539143,-0.025151,N,5.3675
182559,qmof-548e234,3.56678,1.3230851025130563,2104.3044418539143,-0.512326,N,5.3675
182631,qmof-548e234,3.56678,1.3230851025130563,2104.3044418539143,-0.401753,N,5.6539
182655,qmof-548e234,3.56678,1.3230851025130563,2104.3044418539143,-0.498403,N,5.6538
182775,qmof-548e234,3.56678,1.3230851025130563,2104.3044418539143,-0.3792,N,5.6726
182799,qmof-548e234,3.56678,1.3230851025130563,2104.3044418539143,-0.546274,N,5.6728
183099,qmof-55dca9b,11.31712,0.4716829571846281,8014.326106096439,-0.586554,O,7.4101
183137,qmof-55dca9b,11.31712,0.4716829571846281,8014.326106096439,-0.619193,O,8.2209
183175,qmof-55dca9b,11.31712,0.4716829571846281,8014.326106096439,-0.602772,O,8.1859
183213,qmof-55dca9b,11.31712,0.4716829571846281,8014.326106096439,-0.613776,O,8.1704
183251,qmof-55dca9b,11.31712,0.4716829571846281,8014.326106096439,-0.609379,O,8.2042
183289,qmof-55dca9b,11.31712,0.4716829571846281,8014.326106096439,-0.620779,O,8.1234
183327,qmof-55dca9b,11.31712,0.4716829571846281,8014.326106096439,-1.196664,O,8.2076
183365,qmof-55dca9b,11.31712,0.4716829571846281,8014.326106096439,-1.047646,O,8.2989
183403,qmof-55dca9b,11.31712,0.4716829571846281,8014.326106096439,-1.060376,O,7.779
183441,qmof-55dca9b,11.31712,0.4716829571846281,8014.326106096439,-1.147113,O,7.674
183479,qmof-55dca9b,11.31712,0.4716829571846281,8014.326106096439,-0.928942,O,8.3074
183517,qmof-55dca9b,11.31712,0.4716829571846281,8014.326106096439,-0.826816,O,7.7549
183555,qmof-55dca9b,11.31712,0.4716829571846281,8014.326106096439,-1.168702,O,7.2618
183593,qmof-55dca9b,11.31712,0.4716829571846281,8014.326106096439,-1.029338,O,8.3736
183631,qmof-55dca9b,11.31712,0.4716829571846281,8014.326106096439,-1.173167,O,7.8183
183669,qmof-55dca9b,11.31712,0.4716829571846281,8014.326106096439,-1.045633,O,8.3366
183707,qmof-55dca9b,11.31712,0.4716829571846281,8014.326106096439,-0.927933,O,7.7837
183745,qmof-55dca9b,11.31712,0.4716829571846281,8014.326106096439,-0.56553,O,7.746
183783,qmof-55dca9b,11.31712,0.4716829571846281,8014.326106096439,-0.642228,O,8.2171
183821,qmof-55dca9b,11.31712,0.4716829571846281,8014.326106096439,-0.949081,O,8.1939
183859,qmof-55dca9b,11.31712,0.4716829571846281,8014.326106096439,-0.585719,O,7.8703
183897,qmof-55dca9b,11.31712,0.4716829571846281,8014.326106096439,-0.931283,O,8.2414
183935,qmof-55dca9b,11.31712,0.4716829571846281,8014.326106096439,-0.838304,O,7.8434
183973,qmof-55dca9b,11.31712,0.4716829571846281,8014.326106096439,-0.820981,O,7.3847
184011,qmof-55dca9b,11.31712,0.4716829571846281,8014.326106096439,-0.628109,O,7.2783
184049,qmof-55dca9b,11.31712,0.4716829571846281,8014.326106096439,-0.775296,O,8.1882
184125,qmof-55dca9b,11.31712,0.4716829571846281,8014.326106096439,-0.642744,O,7.7639
184163,qmof-55dca9b,11.31712,0.4716829571846281,8014.326106096439,-0.583948,O,8.2084
184201,qmof-55dca9b,11.31712,0.4716829571846281,8014.326106096439,-0.809919,O,8.223
184239,qmof-55dca9b,11.31712,0.4716829571846281,8014.326106096439,-0.977915,O,7.2318
184277,qmof-55dca9b,11.31712,0.4716829571846281,8014.326106096439,0.136391,O,7.4279
185951,qmof-57bbdbb,3.83135,1.929286827099536,755.7347101406472,0.070459,C,4.3854
185999,qmof-57bbdbb,3.83135,1.929286827099536,755.7347101406472,0.078452,C,4.3853
186047,qmof-57bbdbb,3.83135,1.929286827099536,755.7347101406472,0.078223,C,4.4114
186095,qmof-57bbdbb,3.83135,1.929286827099536,755.7347101406472,0.598368,C,4.4114
186143,qmof-57bbdbb,3.83135,1.929286827099536,755.7347101406472,0.598401,C,3.9343
186191,qmof-57bbdbb,3.83135,1.929286827099536,755.7347101406472,-0.297048,C,3.9344
186239,qmof-57bbdbb,3.83135,1.929286827099536,755.7347101406472,-0.296966,C,3.3057
186287,qmof-57bbdbb,3.83135,1.929286827099536,755.7347101406472,0.09194,C,3.3057
186335,qmof-57bbdbb,3.83135,1.929286827099536,755.7347101406472,0.091859,C,3.5061
186383,qmof-57bbdbb,3.83135,1.929286827099536,755.7347101406472,-0.381147,C,3.5061
186527,qmof-57bbdbb,3.83135,1.929286827099536,755.7347101406472,0.599011,C,3.9604
186575,qmof-57bbdbb,3.83135,1.929286827099536,755.7347101406472,-0.295119,C,3.9604
186623,qmof-57bbdbb,3.83135,1.929286827099536,755.7347101406472,-0.29513,C,3.2187
186671,qmof-57bbdbb,3.83135,1.929286827099536,755.7347101406472,0.090894,C,3.2187
186719,qmof-57bbdbb,3.83135,1.929286827099536,755.7347101406472,0.090836,C,3.6618
186767,qmof-57bbdbb,3.83135,1.929286827099536,755.7347101406472,-0.392872,C,3.6618
186911,qmof-59f49ee,4.91163,1.0473079301562458,3337.3938479857225,0.431998,Ru,5.6094
186925,qmof-59f49ee,4.91163,1.0473079301562458,3337.3938479857225,-0.204996,Ru,5.6094
186939,qmof-59f49ee,4.91163,1.0473079301562458,3337.3938479857225,-0.205065,N,5.5535
186953,qmof-59f49ee,4.91163,1.0473079301562458,3337.3938479857225,-0.205093,N,5.5535
186967,qmof-59f49ee,4.91163,1.0473079301562458,3337.3938479857225,-0.20512,N,5.5535
186981,qmof-59f49ee,4.91163,1.0473079301562458,3337.3938479857225,-0.20943,N,5.5535
186995,qmof-59f49ee,4.91163,1.0473079301562458,3337.3938479857225,-0.203625,N,5.5488
187009,qmof-59f49ee,4.91163,1.0473079301562458,3337.3938479857225,-0.210207,N,5.549
187023,qmof-59f49ee,4.91163,1.0473079301562458,3337.3938479857225,-0.203871,N,5.5488
187037,qmof-59f49ee,4.91163,1.0473079301562458,3337.3938479857225,-0.208145,N,5.549
187051,qmof-59f49ee,4.91163,1.0473079301562458,3337.3938479857225,-0.206979,N,5.5446
187065,qmof-59f49ee,4.91163,1.0473079301562458,3337.3938479857225,-0.208327,N,5.5447
187079,qmof-59f49ee,4.91163,1.0473079301562458,3337.3938479857225,-0.206952,N,5.5446
187093,qmof-59f49ee,4.91163,1.0473079301562458,3337.3938479857225,1.048373,N,5.5447
187107,qmof-5c1c773,4.30486,1.7301447005326265,1777.0263511850524,0.081231,Cu,16.0937
187139,qmof-5c1c773,4.30486,1.7301447005326265,1777.0263511850524,0.081267,Cu,16.0941
187171,qmof-5c1c773,4.30486,1.7301447005326265,1777.0263511850524,0.081221,Cu,16.0942
187203,qmof-5c1c773,4.30486,1.7301447005326265,1777.0263511850524,0.062657,Cu,16.094
187235,qmof-5c1c773,4.30486,1.7301447005326265,1777.0263511850524,0.062724,S,2.8844
187267,qmof-5c1c773,4.30486,1.7301447005326265,1777.0263511850524,0.062679,S,2.8843
187299,qmof-5c1c773,4.30486,1.7301447005326265,1777.0263511850524,0.062691,S,2.8843
187331,qmof-5c1c773,4.30486,1.7301447005326265,1777.0263511850524,0.062713,S,2.8842
187363,qmof-5c1c773,4.30486,1.7301447005326265,1777.0263511850524,0.06268,S,2.8843
187395,qmof-5c1c773,4.30486,1.7301447005326265,1777.0263511850524,0.062641,S,2.8843
187427,qmof-5c1c773,4.30486,1.7301447005326265,1777.0263511850524,0.062682,S,2.8843
187459,qmof-5c1c773,4.30486,1.7301447005326265,1777.0263511850524,-0.358231,S,2.8844
187619,qmof-5c6eaa8,4.55816,0.8337404924401117,5013.364803637826,2.373389,Zr,3.2488
187657,qmof-5c6eaa8,4.55816,0.8337404924401117,5013.364803637826,2.373879,Zr,3.2496
187695,qmof-5c6eaa8,4.55816,0.8337404924401117,5013.364803637826,2.374348,Zr,3.2491
187733,qmof-5c6eaa8,4.55816,0.8337404924401117,5013.364803637826,2.370944,Zr,3.2497
187771,qmof-5c6eaa8,4.55816,0.8337404924401117,5013.364803637826,2.371534,Zr,3.2421
187809,qmof-5c6eaa8,4.55816,0.8337404924401117,5013.364803637826,-0.616078,Zr,3.2424
187847,qmof-5c6eaa8,4.55816,0.8337404924401117,5013.364803637826,-0.616049,O,8.1659
187885,qmof-5c6eaa8,4.55816,0.8337404924401117,5013.364803637826,-0.616564,O,8.1658
187923,qmof-5c6eaa8,4.55816,0.8337404924401117,5013.364803637826,-0.615642,O,8.1661
187961,qmof-5c6eaa8,4.55816,0.8337404924401117,5013.364803637826,-0.625303,O,8.1656
187999,qmof-5c6eaa8,4.55816,0.8337404924401117,5013.364803637826,-0.617712,O,8.1215
188037,qmof-5c6eaa8,4.55816,0.8337404924401117,5013.364803637826,-0.625617,O,8.1733
188075,qmof-5c6eaa8,4.55816,0.8337404924401117,5013.364803637826,-0.616587,O,8.1226
188113,qmof-5c6eaa8,4.55816,0.8337404924401117,5013.364803637826,-0.614293,O,8.1727
188151,qmof-5c6eaa8,4.55816,0.8337404924401117,5013.364803637826,-0.615959,O,8.1644
188189,qmof-5c6eaa8,4.55816,0.8337404924401117,5013.364803637826,-0.616629,O,8.1638
188227,qmof-5c6eaa8,4.55816,0.8337404924401117,5013.364803637826,-0.615199,O,8.1632
188265,qmof-5c6eaa8,4.55816,0.8337404924401117,5013.364803637826,-0.617991,O,8.1633
188303,qmof-5c6eaa8,4.55816,0.8337404924401117,5013.364803637826,-0.61867,O,8.168
188341,qmof-5c6eaa8,4.55816,0.8337404924401117,5013.364803637826,-0.618481,O,8.1683
188379,qmof-5c6eaa8,4.55816,0.8337404924401117,5013.364803637826,-0.618866,O,8.1642
188417,qmof-5c6eaa8,4.55816,0.8337404924401117,5013.364803637826,-0.623513,O,8.1642
188455,qmof-5c6eaa8,4.55816,0.8337404924401117,5013.364803637826,-0.6185,O,8.1249
188493,qmof-5c6eaa8,4.55816,0.8337404924401117,5013.364803637826,-0.624284,O,8.1715
188531,qmof-5c6eaa8,4.55816,0.8337404924401117,5013.364803637826,-0.619435,O,8.1259
188569,qmof-5c6eaa8,4.55816,0.8337404924401117,5013.364803637826,-0.617739,O,8.171
188607,qmof-5c6eaa8,4.55816,0.8337404924401117,5013.364803637826,-0.616751,O,8.1645
188645,qmof-5c6eaa8,4.55816,0.8337404924401117,5013.364803637826,-0.618192,O,8.1635
188683,qmof-5c6eaa8,4.55816,0.8337404924401117,5013.364803637826,-0.618116,O,8.1625
188721,qmof-5c6eaa8,4.55816,0.8337404924401117,5013.364803637826,-1.069974,O,8.1635
188759,qmof-5c6eaa8,4.55816,0.8337404924401117,5013.364803637826,-1.069269,O,7.7275
188797,qmof-5c6eaa8,4.55816,0.8337404924401117,5013.364803637826,-1.067931,O,7.7276
188835,qmof-5c6eaa8,4.55816,0.8337404924401117,5013.364803637826,-1.068889,O,7.7223
188873,qmof-5c6eaa8,4.55816,0.8337404924401117,5013.364803637826,-1.149198,O,7.7232
188911,qmof-5c6eaa8,4.55816,0.8337404924401117,5013.364803637826,-1.149348,O,8.2773
188949,qmof-5c6eaa8,4.55816,0.8337404924401117,5013.364803637826,-1.148053,O,8.2772
188987,qmof-5c6eaa8,4.55816,0.8337404924401117,5013.364803637826,-1.14866,O,8.273
189025,qmof-5c6eaa8,4.55816,0.8337404924401117,5013.364803637826,0.423068,O,8.2735
189063,qmof-605c8c0,4.62565,0.8171315903269771,2574.134158255212,0.808374,Co,8.7655
189090,qmof-605c8c0,4.62565,0.8171315903269771,2574.134158255212,0.807844,Co,8.767
189117,qmof-605c8c0,4.62565,0.8171315903269771,2574.134158255212,-0.165809,Co,8.7661
189144,qmof-605c8c0,4.62565,0.8171315903269771,2574.134158255212,-0.166341,N,5.8871
189171,qmof-605c8c0,4.62565,0.8171315903269771,2574.134158255212,-0.166675,N,5.8872
189198,qmof-605c8c0,4.62565,0.8171315903269771,2574.134158255212,-0.165451,N,5.887
189225,qmof-605c8c0,4.62565,0.8171315903269771,2574.134158255212,-0.166329,N,5.8871
189252,qmof-605c8c0,4.62565,0.8171315903269771,2574.134158255212,-0.166711,N,5.8872
189279,qmof-605c8c0,4.62565,0.8171315903269771,2574.134158255212,-0.533028,N,5.887
189306,qmof-605c8c0,4.62565,0.8171315903269771,2574.134158255212,-0.532655,O,7.6502
189333,qmof-605c8c0,4.62565,0.8171315903269771,2574.134158255212,-0.531978,O,7.6506
189360,qmof-605c8c0,4.62565,0.8171315903269771,2574.134158255212,-0.533087,O,7.6525
189387,qmof-605c8c0,4.62565,0.8171315903269771,2574.134158255212,-0.533094,O,7.6493
189414,qmof-605c8c0,4.62565,0.8171315903269771,2574.134158255212,-0.532826,O,7.6519
189441,qmof-605c8c0,4.62565,0.8171315903269771,2574.134158255212,-0.463654,O,7.6526
189468,qmof-605c8c0,4.62565,0.8171315903269771,2574.134158255212,-0.462808,O,7.4581
189495,qmof-605c8c0,4.62565,0.8171315903269771,2574.134158255212,-0.463056,O,7.4587
189522,qmof-605c8c0,4.62565,0.8171315903269771,2574.134158255212,-0.462641,O,7.4573
189549,qmof-605c8c0,4.62565,0.8171315903269771,2574.134158255212,-0.463478,O,7.4587
189576,qmof-605c8c0,4.62565,0.8171315903269771,2574.134158255212,-0.463334,O,7.4576
189603,qmof-605c8c0,4.62565,0.8171315903269771,2574.134158255212,-0.450459,O,7.4576
189630,qmof-605c8c0,4.62565,0.8171315903269771,2574.134158255212,-0.450275,O,7.7826
189657,qmof-605c8c0,4.62565,0.8171315903269771,2574.134158255212,-0.449323,O,7.7838
189684,qmof-605c8c0,4.62565,0.8171315903269771,2574.134158255212,-0.450322,O,7.7817
189711,qmof-605c8c0,4.62565,0.8171315903269771,2574.134158255212,-0.449945,O,7.7841
189738,qmof-605c8c0,4.62565,0.8171315903269771,2574.134158255212,-0.449291,O,7.7819
189765,qmof-605c8c0,4.62565,0.8171315903269771,2574.134158255212,0.117886,O,7.7816
189792,qmof-60e0223,5.08463,1.205163163918108,6155.846701079312,2.085148,Hf,2.7427
189868,qmof-60e0223,5.08463,1.205163163918108,6155.846701079312,2.152391,Hf,2.6891
189944,qmof-60e0223,5.08463,1.205163163918108,6155.846701079312,2.140921,Hf,2.662
190020,qmof-60e0223,5.08463,1.205163163918108,6155.846701079312,2.13857,Hf,2.6509
190096,qmof-60e0223,5.08463,1.205163163918108,6155.846701079312,2.13898,Hf,2.5867
190172,qmof-60e0223,5.08463,1.205163163918108,6155.846701079312,2.124437,Hf,2.6013
190248,qmof-60e0223,5.08463,1.205163163918108,6155.846701079312,2.088551,Hf,2.7447
190324,qmof-60e0223,5.08463,1.205163163918108,6155.846701079312,2.151496,Hf,2.6872
190400,qmof-60e0223,5.08463,1.205163163918108,6155.846701079312,2.153025,Hf,2.6553
190476,qmof-60e0223,5.08463,1.205163163918108,6155.846701079312,2.135418,Hf,2.6659
190552,qmof-60e0223,5.08463,1.205163163918108,6155.846701079312,2.142686,Hf,2.5844
190628,qmof-60e0223,5.08463,1.205163163918108,6155.846701079312,-0.775389,Hf,2.6037
190780,qmof-60e0223,5.08463,1.205163163918108,6155.846701079312,-0.607892,O,7.9846
190856,qmof-60e0223,5.08463,1.205163163918108,6155.846701079312,-0.62105,O,8.117
190932,qmof-60e0223,5.08463,1.205163163918108,6155.846701079312,-0.575303,O,8.1011
191008,qmof-60e0223,5.08463,1.205163163918108,6155.846701079312,-0.572126,O,8.0442
191084,qmof-60e0223,5.08463,1.205163163918108,6155.846701079312,-0.601645,O,7.9874
191160,qmof-60e0223,5.08463,1.205163163918108,6155.846701079312,-1.07593,O,8.0748
191236,qmof-60e0223,5.08463,1.205163163918108,6155.846701079312,-0.978616,O,7.7733
191312,qmof-60e0223,5.08463,1.205163163918108,6155.846701079312,-0.979777,O,7.3333
191388,qmof-60e0223,5.08463,1.205163163918108,6155.846701079312,-1.046868,O,7.3231
191464,qmof-60e0223,5.08463,1.205163163918108,6155.846701079312,-0.888514,O,7.6996
191540,qmof-60e0223,5.08463,1.205163163918108,6155.846701079312,-0.802933,O,7.5557
191616,qmof-60e0223,5.08463,1.205163163918108,6155.846701079312,-1.047086,O,7.1826
191692,qmof-60e0223,5.08463,1.205163163918108,6155.846701079312,-0.956723,O,7.8109
191768,qmof-60e0223,5.08463,1.205163163918108,6155.846701079312,-1.062771,O,7.4132
191844,qmof-60e0223,5.08463,1.205163163918108,6155.846701079312,-0.957075,O,7.703
191920,qmof-60e0223,5.08463,1.205163163918108,6155.846701079312,-0.894693,O,7.3553
191996,qmof-60e0223,5.08463,1.205163163918108,6155.846701079312,-0.58263,O,7.602
192072,qmof-60e0223,5.08463,1.205163163918108,6155.846701079312,-0.615229,O,8.0583
192148,qmof-60e0223,5.08463,1.205163163918108,6155.846701079312,-0.917609,O,8.1648
192224,qmof-60e0223,5.08463,1.205163163918108,6155.846701079312,-0.580794,O,7.9484
192300,qmof-60e0223,5.08463,1.205163163918108,6155.846701079312,-0.88298,O,7.9735
192376,qmof-60e0223,5.08463,1.205163163918108,6155.846701079312,-0.81254,O,7.6161
192452,qmof-60e0223,5.08463,1.205163163918108,6155.846701079312,-0.797822,O,7.3272
192528,qmof-60e0223,5.08463,1.205163163918108,6155.846701079312,-0.608416,O,7.1447
192604,qmof-60e0223,5.08463,1.205163163918108,6155.846701079312,-0.737772,O,8.0842
192756,qmof-60e0223,5.08463,1.205163163918108,6155.846701079312,-0.632598,O,7.6688
192832,qmof-60e0223,5.08463,1.205163163918108,6155.846701079312,-0.536887,O,8.1812
192908,qmof-60e0223,5.08463,1.205163163918108,6155.846701079312,-0.792258,O,8.0033
192984,qmof-60e0223,5.08463,1.205163163918108,6155.846701079312,-0.956884,O,7.1512
193060,qmof-60e0223,5.08463,1.205163163918108,6155.846701079312,-0.774814,O,7.381
193212,qmof-60e0223,5.08463,1.205163163918108,6155.846701079312,-0.598379,O,7.9778
193288,qmof-60e0223,5.08463,1.205163163918108,6155.846701079312,-0.591585,O,8.1515
193364,qmof-60e0223,5.08463,1.205163163918108,6155.846701079312,-0.607038,O,7.9734
193440,qmof-60e0223,5.08463,1.205163163918108,6155.846701079312,-0.580106,O,8.1805
193516,qmof-60e0223,5.08463,1.205163163918108,6155.846701079312,-0.60001,O,7.9662
193592,qmof-60e0223,5.08463,1.205163163918108,6155.846701079312,-1.089639,O,8.088
193668,qmof-60e0223,5.08463,1.205163163918108,6155.846701079312,-0.981564,O,7.7382
193744,qmof-60e0223,5.08463,1.205163163918108,6155.846701079312,-0.976043,O,7.3311
193820,qmof-60e0223,5.08463,1.205163163918108,6155.846701079312,-1.032328,O,7.3268
193896,qmof-60e0223,5.08463,1.205163163918108,6155.846701079312,-0.886097,O,7.7314
193972,qmof-60e0223,5.08463,1.205163163918108,6155.846701079312,-0.801486,O,7.6166
194048,qmof-60e0223,5.08463,1.205163163918108,6155.846701079312,-1.045444,O,7.1977
194124,qmof-60e0223,5.08463,1.205163163918108,6155.846701079312,-0.93823,O,7.8251
194200,qmof-60e0223,5.08463,1.205163163918108,6155.846701079312,-1.063228,O,7.4347
194276,qmof-60e0223,5.08463,1.205163163918108,6155.846701079312,-0.983351,O,7.6775
194352,qmof-60e0223,5.08463,1.205163163918108,6155.846701079312,-0.891624,O,7.3215
194428,qmof-60e0223,5.08463,1.205163163918108,6155.846701079312,-0.558304,O,7.5958
194504,qmof-60e0223,5.08463,1.205163163918108,6155.846701079312,-0.622981,O,7.968
194580,qmof-60e0223,5.08463,1.205163163918108,6155.846701079312,-0.920567,O,8.1818
194656,qmof-60e0223,5.08463,1.205163163918108,6155.846701079312,-0.580362,O,7.9576
194732,qmof-60e0223,5.08463,1.205163163918108,6155.846701079312,-0.886987,O,7.9752
194808,qmof-60e0223,5.08463,1.205163163918108,6155.846701079312,-0.814164,O,7.629
194884,qmof-60e0223,5.08463,1.205163163918108,6155.846701079312,-0.804637,O,7.3106
194960,qmof-60e0223,5.08463,1.205163163918108,6155.846701079312,-0.606735,O,7.1895
195036,qmof-60e0223,5.08463,1.205163163918108,6155.846701079312,-0.743147,O,8.1001
195188,qmof-60e0223,5.08463,1.205163163918108,6155.846701079312,-0.62354,O,7.6272
195264,qmof-60e0223,5.08463,1.205163163918108,6155.846701079312,-0.571919,O,8.1612
195340,qmof-60e0223,5.08463,1.205163163918108,6155.846701079312,-0.790935,O,8.0945
195416,qmof-60e0223,5.08463,1.205163163918108,6155.846701079312,-0.958979,O,7.1513
195492,qmof-60e0223,5.08463,1.205163163918108,6155.846701079312,0.420426,O,7.4179
195568,qmof-61a517e,8.05548,1.2190688062559043,5310.752148482966,2.100497,Hf,2.7226
195644,qmof-61a517e,8.05548,1.2190688062559043,5310.752148482966,2.141746,Hf,2.791
195720,qmof-61a517e,8.05548,1.2190688062559043,5310.752148482966,2.139756,Hf,2.596
195796,qmof-61a517e,8.05548,1.2190688062559043,5310.752148482966,2.130513,Hf,2.7035
195872,qmof-61a517e,8.05548,1.2190688062559043,5310.752148482966,2.149794,Hf,2.588
195948,qmof-61a517e,8.05548,1.2190688062559043,5310.752148482966,2.131549,Hf,2.602
196024,qmof-61a517e,8.05548,1.2190688062559043,5310.752148482966,2.097376,Hf,2.7357
196100,qmof-61a517e,8.05548,1.2190688062559043,5310.752148482966,2.116669,Hf,2.6918
196176,qmof-61a517e,8.05548,1.2190688062559043,5310.752148482966,2.143677,Hf,2.6255
196252,qmof-61a517e,8.05548,1.2190688062559043,5310.752148482966,2.145648,Hf,2.6616
196328,qmof-61a517e,8.05548,1.2190688062559043,5310.752148482966,2.14922,Hf,2.5962
196404,qmof-61a517e,8.05548,1.2190688062559043,5310.752148482966,-0.904539,Hf,2.5815
196480,qmof-61a517e,8.05548,1.2190688062559043,5310.752148482966,-0.550314,O,7.557
196556,qmof-61a517e,8.05548,1.2190688062559043,5310.752148482966,-0.571769,O,7.9796
196632,qmof-61a517e,8.05548,1.2190688062559043,5310.752148482966,-0.640816,O,8.0523
196708,qmof-61a517e,8.05548,1.2190688062559043,5310.752148482966,-0.602237,O,8.0863
196784,qmof-61a517e,8.05548,1.2190688062559043,5310.752148482966,-0.533261,O,7.9905
196860,qmof-61a517e,8.05548,1.2190688062559043,5310.752148482966,-0.61601,O,7.8954
196936,qmof-61a517e,8.05548,1.2190688062559043,5310.752148482966,-1.086,O,8.1477
197012,qmof-61a517e,8.05548,1.2190688062559043,5310.752148482966,-1.004676,O,7.863
197088,qmof-61a517e,8.05548,1.2190688062559043,5310.752148482966,-0.965065,O,7.3348
197164,qmof-61a517e,8.05548,1.2190688062559043,5310.752148482966,-1.056836,O,7.3885
197240,qmof-61a517e,8.05548,1.2190688062559043,5310.752148482966,-0.794583,O,7.709
197316,qmof-61a517e,8.05548,1.2190688062559043,5310.752148482966,-0.736448,O,7.1616
197468,qmof-61a517e,8.05548,1.2190688062559043,5310.752148482966,-0.933586,O,7.7071
197544,qmof-61a517e,8.05548,1.2190688062559043,5310.752148482966,-1.059753,O,7.5533
197620,qmof-61a517e,8.05548,1.2190688062559043,5310.752148482966,-0.982009,O,7.7951
197696,qmof-61a517e,8.05548,1.2190688062559043,5310.752148482966,-0.931255,O,7.3749
197848,qmof-61a517e,8.05548,1.2190688062559043,5310.752148482966,-0.628406,O,7.9787
197924,qmof-61a517e,8.05548,1.2190688062559043,5310.752148482966,-0.784577,O,7.6037
198076,qmof-61a517e,8.05548,1.2190688062559043,5310.752148482966,-0.806325,O,7.873
198152,qmof-61a517e,8.05548,1.2190688062559043,5310.752148482966,-0.886145,O,7.1384
198228,qmof-61a517e,8.05548,1.2190688062559043,5310.752148482966,-0.912438,O,7.5034
198304,qmof-61a517e,8.05548,1.2190688062559043,5310.752148482966,-0.61084,O,7.9295
198380,qmof-61a517e,8.05548,1.2190688062559043,5310.752148482966,-0.782644,O,8.0019
198532,qmof-61a517e,8.05548,1.2190688062559043,5310.752148482966,-0.583705,O,7.232
198608,qmof-61a517e,8.05548,1.2190688062559043,5310.752148482966,-0.572955,O,7.987
198684,qmof-61a517e,8.05548,1.2190688062559043,5310.752148482966,-0.898518,O,7.809
198760,qmof-61a517e,8.05548,1.2190688062559043,5310.752148482966,-0.904264,O,7.8095
198836,qmof-61a517e,8.05548,1.2190688062559043,5310.752148482966,-0.902735,O,7.8683
198912,qmof-61a517e,8.05548,1.2190688062559043,5310.752148482966,-0.553913,O,7.6183
198988,qmof-61a517e,8.05548,1.2190688062559043,5310.752148482966,-0.569454,O,7.9063
199064,qmof-61a517e,8.05548,1.2190688062559043,5310.752148482966,-0.608539,O,8.0173
199140,qmof-61a517e,8.05548,1.2190688062559043,5310.752148482966,-0.573882,O,8.0171
199216,qmof-61a517e,8.05548,1.2190688062559043,5310.752148482966,-0.54612,O,8.1072
199292,qmof-61a517e,8.05548,1.2190688062559043,5310.752148482966,-0.584524,O,7.877
199368,qmof-61a517e,8.05548,1.2190688062559043,5310.752148482966,-1.074202,O,7.9348
199444,qmof-61a517e,8.05548,1.2190688062559043,5310.752148482966,-0.988198,O,7.7734
199520,qmof-61a517e,8.05548,1.2190688062559043,5310.752148482966,-0.972141,O,7.3805
199596,qmof-61a517e,8.05548,1.2190688062559043,5310.752148482966,-1.047631,O,7.3632
199672,qmof-61a517e,8.05548,1.2190688062559043,5310.752148482966,-0.883537,O,7.8185
199748,qmof-61a517e,8.05548,1.2190688062559043,5310.752148482966,-0.805533,O,7.5741
199824,qmof-61a517e,8.05548,1.2190688062559043,5310.752148482966,-1.04655,O,7.2249
199900,qmof-61a517e,8.05548,1.2190688062559043,5310.752148482966,-0.959856,O,7.7673
199976,qmof-61a517e,8.05548,1.2190688062559043,5310.752148482966,-1.064751,O,7.3889
200052,qmof-61a517e,8.05548,1.2190688062559043,5310.752148482966,-0.984475,O,7.7929
200128,qmof-61a517e,8.05548,1.2190688062559043,5310.752148482966,-0.909191,O,7.3543
200204,qmof-61a517e,8.05548,1.2190688062559043,5310.752148482966,-0.615054,O,7.6121
200280,qmof-61a517e,8.05548,1.2190688062559043,5310.752148482966,-0.575408,O,8.2646
200356,qmof-61a517e,8.05548,1.2190688062559043,5310.752148482966,-0.774396,O,8.1797
200508,qmof-61a517e,8.05548,1.2190688062559043,5310.752148482966,-0.741096,O,7.9199
200660,qmof-61a517e,8.05548,1.2190688062559043,5310.752148482966,-0.794161,O,7.3376
200736,qmof-61a517e,8.05548,1.2190688062559043,5310.752148482966,-0.589421,O,7.1826
200812,qmof-61a517e,8.05548,1.2190688062559043,5310.752148482966,-0.746354,O,8.0984
200964,qmof-61a517e,8.05548,1.2190688062559043,5310.752148482966,-0.619174,O,7.6239
201040,qmof-61a517e,8.05548,1.2190688062559043,5310.752148482966,-0.527816,O,8.03
201116,qmof-61a517e,8.05548,1.2190688062559043,5310.752148482966,-0.78783,O,7.9303
201268,qmof-61a517e,8.05548,1.2190688062559043,5310.752148482966,0.149346,O,7.3144
201344,qmof-640eeb6,3.3187,1.6375482933838663,2719.271958934032,1.692609,Mo,4.2503
201360,qmof-640eeb6,3.3187,1.6375482933838663,2719.271958934032,1.692674,Mo,4.2503
201376,qmof-640eeb6,3.3187,1.6375482933838663,2719.271958934032,1.692712,Mo,4.2503
201392,qmof-640eeb6,3.3187,1.6375482933838663,2719.271958934032,-0.742678,Mo,4.2503
201408,qmof-640eeb6,3.3187,1.6375482933838663,2719.271958934032,-0.74264,O,8.1075
201424,qmof-640eeb6,3.3187,1.6375482933838663,2719.271958934032,-0.742666,O,8.1074
201440,qmof-640eeb6,3.3187,1.6375482933838663,2719.271958934032,-0.742696,O,8.1075
201456,qmof-640eeb6,3.3187,1.6375482933838663,2719.271958934032,-0.648163,O,8.1074
201472,qmof-640eeb6,3.3187,1.6375482933838663,2719.271958934032,-0.648136,O,8.258
201488,qmof-640eeb6,3.3187,1.6375482933838663,2719.271958934032,-0.648196,O,8.2581
201504,qmof-640eeb6,3.3187,1.6375482933838663,2719.271958934032,-0.648193,O,8.2581
201520,qmof-640eeb6,3.3187,1.6375482933838663,2719.271958934032,-0.742558,O,8.2581
201536,qmof-640eeb6,3.3187,1.6375482933838663,2719.271958934032,-0.742566,O,8.0975
201552,qmof-640eeb6,3.3187,1.6375482933838663,2719.271958934032,-0.742557,O,8.0975
201568,qmof-640eeb6,3.3187,1.6375482933838663,2719.271958934032,-0.742575,O,8.0975
201584,qmof-640eeb6,3.3187,1.6375482933838663,2719.271958934032,0.902231,O,8.0974
201600,qmof-6505e92,3.39721,1.415606144290186,2290.1151001137696,2.382059,Zr,3.2392
201642,qmof-6505e92,3.39721,1.415606144290186,2290.1151001137696,2.379638,Zr,3.2415
201684,qmof-6505e92,3.39721,1.415606144290186,2290.1151001137696,2.371491,Zr,3.2369
201726,qmof-6505e92,3.39721,1.415606144290186,2290.1151001137696,2.375271,Zr,3.2389
201768,qmof-6505e92,3.39721,1.415606144290186,2290.1151001137696,2.377331,Zr,3.2454
201810,qmof-6505e92,3.39721,1.415606144290186,2290.1151001137696,-0.621714,Zr,3.2469
201852,qmof-6505e92,3.39721,1.415606144290186,2290.1151001137696,-0.61708,O,8.1551
201894,qmof-6505e92,3.39721,1.415606144290186,2290.1151001137696,-0.616091,O,8.0078
201936,qmof-6505e92,3.39721,1.415606144290186,2290.1151001137696,-0.625341,O,8.0099
201978,qmof-6505e92,3.39721,1.415606144290186,2290.1151001137696,-0.61076,O,8.1537
202020,qmof-6505e92,3.39721,1.415606144290186,2290.1151001137696,-0.614093,O,8.1041
202062,qmof-6505e92,3.39721,1.415606144290186,2290.1151001137696,-0.601384,O,8.166
202104,qmof-6505e92,3.39721,1.415606144290186,2290.1151001137696,-0.6224,O,8.1608
202146,qmof-6505e92,3.39721,1.415606144290186,2290.1151001137696,-0.622862,O,7.9783
202188,qmof-6505e92,3.39721,1.415606144290186,2290.1151001137696,-0.62326,O,7.9838
202230,qmof-6505e92,3.39721,1.415606144290186,2290.1151001137696,-0.616249,O,7.9759
202272,qmof-6505e92,3.39721,1.415606144290186,2290.1151001137696,-0.61465,O,8.1741
202314,qmof-6505e92,3.39721,1.415606144290186,2290.1151001137696,-0.608959,O,8.1742
202356,qmof-6505e92,3.39721,1.415606144290186,2290.1151001137696,-0.619046,O,8.0912
202398,qmof-6505e92,3.39721,1.415606144290186,2290.1151001137696,-0.620487,O,8.1581
202440,qmof-6505e92,3.39721,1.415606144290186,2290.1151001137696,-0.607221,O,8.1607
202482,qmof-6505e92,3.39721,1.415606144290186,2290.1151001137696,-0.594047,O,8.1169
202524,qmof-6505e92,3.39721,1.415606144290186,2290.1151001137696,-0.617557,O,8.185
202566,qmof-6505e92,3.39721,1.415606144290186,2290.1151001137696,-0.595837,O,8.0824
202608,qmof-6505e92,3.39721,1.415606144290186,2290.1151001137696,-0.616145,O,8.1287
202650,qmof-6505e92,3.39721,1.415606144290186,2290.1151001137696,-0.606277,O,8.1462
202692,qmof-6505e92,3.39721,1.415606144290186,2290.1151001137696,-0.609328,O,8.1299
202734,qmof-6505e92,3.39721,1.415606144290186,2290.1151001137696,-0.617912,O,8.1485
202776,qmof-6505e92,3.39721,1.415606144290186,2290.1151001137696,-0.617325,O,8.135
202818,qmof-6505e92,3.39721,1.415606144290186,2290.1151001137696,-1.068874,O,8.1421
202860,qmof-6505e92,3.39721,1.415606144290186,2290.1151001137696,-1.066939,O,7.7161
202902,qmof-6505e92,3.39721,1.415606144290186,2290.1151001137696,-1.073148,O,7.7651
202944,qmof-6505e92,3.39721,1.415606144290186,2290.1151001137696,-1.070601,O,7.7466
202986,qmof-6505e92,3.39721,1.415606144290186,2290.1151001137696,-1.147861,O,7.7385
203028,qmof-6505e92,3.39721,1.415606144290186,2290.1151001137696,-1.149368,O,8.2869
203070,qmof-6505e92,3.39721,1.415606144290186,2290.1151001137696,-1.152058,O,8.2889
203112,qmof-6505e92,3.39721,1.415606144290186,2290.1151001137696,-1.150406,O,8.3099
203154,qmof-6505e92,3.39721,1.415606144290186,2290.1151001137696,-0.294971,O,8.302
203196,qmof-6505e92,3.39721,1.415606144290186,2290.1151001137696,-0.311532,O,8.7007
203238,qmof-6505e92,3.39721,1.415606144290186,2290.1151001137696,-0.300773,O,8.7377
203280,qmof-6505e92,3.39721,1.415606144290186,2290.1151001137696,-0.304385,O,8.783
203364,qmof-655b2a3,3.36256,1.4598126368181388,2318.3863551997274,2.364869,Zr,3.2371
203422,qmof-655b2a3,3.36256,1.4598126368181388,2318.3863551997274,2.365388,Zr,3.2368
203480,qmof-655b2a3,3.36256,1.4598126368181388,2318.3863551997274,2.365548,Zr,3.237
203538,qmof-655b2a3,3.36256,1.4598126368181388,2318.3863551997274,2.36733,Zr,3.2371
203596,qmof-655b2a3,3.36256,1.4598126368181388,2318.3863551997274,2.365087,Zr,3.2194
203654,qmof-655b2a3,3.36256,1.4598126368181388,2318.3863551997274,-0.628142,Zr,3.2226
203712,qmof-655b2a3,3.36256,1.4598126368181388,2318.3863551997274,-0.627537,O,8.2077
203770,qmof-655b2a3,3.36256,1.4598126368181388,2318.3863551997274,-0.624373,O,8.2151
203828,qmof-655b2a3,3.36256,1.4598126368181388,2318.3863551997274,-0.629407,O,8.2146
203886,qmof-655b2a3,3.36256,1.4598126368181388,2318.3863551997274,-0.629364,O,8.2106
203944,qmof-655b2a3,3.36256,1.4598126368181388,2318.3863551997274,-0.631042,O,7.9679
204002,qmof-655b2a3,3.36256,1.4598126368181388,2318.3863551997274,-0.619499,O,8.2074
204060,qmof-655b2a3,3.36256,1.4598126368181388,2318.3863551997274,-0.633103,O,7.98
204118,qmof-655b2a3,3.36256,1.4598126368181388,2318.3863551997274,-0.631531,O,8.2307
204176,qmof-655b2a3,3.36256,1.4598126368181388,2318.3863551997274,-0.633865,O,8.2112
204234,qmof-655b2a3,3.36256,1.4598126368181388,2318.3863551997274,-0.633236,O,8.2119
204292,qmof-655b2a3,3.36256,1.4598126368181388,2318.3863551997274,-0.632929,O,8.2059
204350,qmof-655b2a3,3.36256,1.4598126368181388,2318.3863551997274,-0.624379,O,8.2073
204408,qmof-655b2a3,3.36256,1.4598126368181388,2318.3863551997274,-0.629244,O,8.2143
204466,qmof-655b2a3,3.36256,1.4598126368181388,2318.3863551997274,-0.627612,O,8.2107
204524,qmof-655b2a3,3.36256,1.4598126368181388,2318.3863551997274,-0.628205,O,8.2075
204582,qmof-655b2a3,3.36256,1.4598126368181388,2318.3863551997274,-0.62021,O,8.2144
204640,qmof-655b2a3,3.36256,1.4598126368181388,2318.3863551997274,-0.63318,O,7.981
204698,qmof-655b2a3,3.36256,1.4598126368181388,2318.3863551997274,-0.628684,O,8.2298
204756,qmof-655b2a3,3.36256,1.4598126368181388,2318.3863551997274,-0.632078,O,7.9664
204814,qmof-655b2a3,3.36256,1.4598126368181388,2318.3863551997274,-0.633815,O,8.2089
204872,qmof-655b2a3,3.36256,1.4598126368181388,2318.3863551997274,-0.633129,O,8.2049
204930,qmof-655b2a3,3.36256,1.4598126368181388,2318.3863551997274,-0.63154,O,8.2066
204988,qmof-655b2a3,3.36256,1.4598126368181388,2318.3863551997274,-0.633401,O,8.2123
205046,qmof-655b2a3,3.36256,1.4598126368181388,2318.3863551997274,-1.063022,O,8.2125
205104,qmof-655b2a3,3.36256,1.4598126368181388,2318.3863551997274,-1.072723,O,7.7647
205162,qmof-655b2a3,3.36256,1.4598126368181388,2318.3863551997274,-1.072161,O,7.7946
205220,qmof-655b2a3,3.36256,1.4598126368181388,2318.3863551997274,-1.07247,O,7.7625
205278,qmof-655b2a3,3.36256,1.4598126368181388,2318.3863551997274,-1.144922,O,7.7617
205336,qmof-655b2a3,3.36256,1.4598126368181388,2318.3863551997274,-1.138593,O,8.3944
205394,qmof-655b2a3,3.36256,1.4598126368181388,2318.3863551997274,-1.14187,O,8.3587
205452,qmof-655b2a3,3.36256,1.4598126368181388,2318.3863551997274,-1.141285,O,8.3398
205510,qmof-655b2a3,3.36256,1.4598126368181388,2318.3863551997274,-0.396838,O,8.3397
206728,qmof-65bb65d,3.89289,1.009127519586959,4852.413375957271,2.373177,Zr,3.2456
206790,qmof-65bb65d,3.89289,1.009127519586959,4852.413375957271,2.373248,Zr,3.2456
206852,qmof-65bb65d,3.89289,1.009127519586959,4852.413375957271,2.373234,Zr,3.2456
206914,qmof-65bb65d,3.89289,1.009127519586959,4852.413375957271,2.373201,Zr,3.2456
206976,qmof-65bb65d,3.89289,1.009127519586959,4852.413375957271,2.373243,Zr,3.2455
207038,qmof-65bb65d,3.89289,1.009127519586959,4852.413375957271,-0.609255,Zr,3.2456
207100,qmof-65bb65d,3.89289,1.009127519586959,4852.413375957271,-0.6093,O,8.1757
207162,qmof-65bb65d,3.89289,1.009127519586959,4852.413375957271,-0.609186,O,8.1757
207224,qmof-65bb65d,3.89289,1.009127519586959,4852.413375957271,-0.609268,O,8.1758
207286,qmof-65bb65d,3.89289,1.009127519586959,4852.413375957271,-0.60931,O,8.1758
207348,qmof-65bb65d,3.89289,1.009127519586959,4852.413375957271,-0.609255,O,8.1757
207410,qmof-65bb65d,3.89289,1.009127519586959,4852.413375957271,-0.609233,O,8.1758
207472,qmof-65bb65d,3.89289,1.009127519586959,4852.413375957271,-0.609224,O,8.1757
207534,qmof-65bb65d,3.89289,1.009127519586959,4852.413375957271,-0.609219,O,8.1757
207596,qmof-65bb65d,3.89289,1.009127519586959,4852.413375957271,-0.609274,O,8.1758
207658,qmof-65bb65d,3.89289,1.009127519586959,4852.413375957271,-0.609201,O,8.1758
207720,qmof-65bb65d,3.89289,1.009127519586959,4852.413375957271,-0.609259,O,8.1758
207782,qmof-65bb65d,3.89289,1.009127519586959,4852.413375957271,-0.618126,O,8.1758
207844,qmof-65bb65d,3.89289,1.009127519586959,4852.413375957271,-0.618153,O,8.1502
207906,qmof-65bb65d,3.89289,1.009127519586959,4852.413375957271,-0.61817,O,8.1503
207968,qmof-65bb65d,3.89289,1.009127519586959,4852.413375957271,-0.618168,O,8.1502
208030,qmof-65bb65d,3.89289,1.009127519586959,4852.413375957271,-0.618214,O,8.1502
208092,qmof-65bb65d,3.89289,1.009127519586959,4852.413375957271,-0.618127,O,8.1503
208154,qmof-65bb65d,3.89289,1.009127519586959,4852.413375957271,-0.618193,O,8.1503
208216,qmof-65bb65d,3.89289,1.009127519586959,4852.413375957271,-0.61811,O,8.1502
208278,qmof-65bb65d,3.89289,1.009127519586959,4852.413375957271,-0.618204,O,8.1502
208340,qmof-65bb65d,3.89289,1.009127519586959,4852.413375957271,-0.618146,O,8.1502
208402,qmof-65bb65d,3.89289,1.009127519586959,4852.413375957271,-0.618268,O,8.1503
208464,qmof-65bb65d,3.89289,1.009127519586959,4852.413375957271,-0.618215,O,8.1502
208526,qmof-65bb65d,3.89289,1.009127519586959,4852.413375957271,-1.069545,O,8.1502
208588,qmof-65bb65d,3.89289,1.009127519586959,4852.413375957271,-1.069556,O,7.7357
208650,qmof-65bb65d,3.89289,1.009127519586959,4852.413375957271,-1.069537,O,7.7358
208712,qmof-65bb65d,3.89289,1.009127519586959,4852.413375957271,-1.069549,O,7.7358
208774,qmof-65bb65d,3.89289,1.009127519586959,4852.413375957271,-1.15225,O,7.7358
208836,qmof-65bb65d,3.89289,1.009127519586959,4852.413375957271,-1.15219,O,8.3033
208898,qmof-65bb65d,3.89289,1.009127519586959,4852.413375957271,-1.152225,O,8.3033
208960,qmof-65bb65d,3.89289,1.009127519586959,4852.413375957271,-1.152241,O,8.3033
209022,qmof-65bb65d,3.89289,1.009127519586959,4852.413375957271,-0.344974,O,8.3033
209084,qmof-65bb65d,3.89289,1.009127519586959,4852.413375957271,-0.3076,O,8.6041
209146,qmof-65bb65d,3.89289,1.009127519586959,4852.413375957271,-0.344934,O,8.4924
209208,qmof-65bb65d,3.89289,1.009127519586959,4852.413375957271,-0.307692,O,8.6037
209270,qmof-65bb65d,3.89289,1.009127519586959,4852.413375957271,-0.344982,O,8.4927
209332,qmof-65bb65d,3.89289,1.009127519586959,4852.413375957271,-0.307619,O,8.6041
209394,qmof-65bb65d,3.89289,1.009127519586959,4852.413375957271,-0.344986,O,8.4923
209456,qmof-65bb65d,3.89289,1.009127519586959,4852.413375957271,-0.307705,O,8.6037
209518,qmof-65bb65d,3.89289,1.009127519586959,4852.413375957271,-0.344981,O,8.4924
209580,qmof-65bb65d,3.89289,1.009127519586959,4852.413375957271,-0.307648,O,8.6038
209642,qmof-65bb65d,3.89289,1.009127519586959,4852.413375957271,-0.344991,O,8.4924
209704,qmof-65bb65d,3.89289,1.009127519586959,4852.413375957271,-0.307603,O,8.6038
209766,qmof-65bb65d,3.89289,1.009127519586959,4852.413375957271,-0.344982,O,8.4926
209828,qmof-65bb65d,3.89289,1.009127519586959,4852.413375957271,-0.307662,O,8.6039
209890,qmof-65bb65d,3.89289,1.009127519586959,4852.413375957271,-0.344966,O,8.4923
209952,qmof-65bb65d,3.89289,1.009127519586959,4852.413375957271,-0.307664,O,8.6041
210014,qmof-65bb65d,3.89289,1.009127519586959,4852.413375957271,-0.34491,O,8.4924
210076,qmof-65bb65d,3.89289,1.009127519586959,4852.413375957271,-0.307645,O,8.6038
210138,qmof-65bb65d,3.89289,1.009127519586959,4852.413375957271,-0.345015,O,8.4924
210200,qmof-65bb65d,3.89289,1.009127519586959,4852.413375957271,-0.307681,O,8.6035
210262,qmof-65bb65d,3.89289,1.009127519586959,4852.413375957271,-0.344945,O,8.4927
210324,qmof-65bb65d,3.89289,1.009127519586959,4852.413375957271,-0.307613,O,8.6037
210386,qmof-65bb65d,3.89289,1.009127519586959,4852.413375957271,-0.344974,O,8.4926
210448,qmof-65bb65d,3.89289,1.009127519586959,4852.413375957271,-0.307612,O,8.604
210510,qmof-65bb65d,3.89289,1.009127519586959,4852.413375957271,0.422789,O,8.4923
212016,qmof-67a59c5,3.34121,1.9097150747454772,963.4323510883356,2.17588,Mo,3.9736
212044,qmof-67a59c5,3.34121,1.9097150747454772,963.4323510883356,2.176109,Mo,3.9736
212072,qmof-67a59c5,3.34121,1.9097150747454772,963.4323510883356,2.175935,Mo,3.9739
212100,qmof-67a59c5,3.34121,1.9097150747454772,963.4323510883356,-0.771658,Mo,3.9736
212128,qmof-67a59c5,3.34121,1.9097150747454772,963.4323510883356,-0.771605,O,7.8354
212156,qmof-67a59c5,3.34121,1.9097150747454772,963.4323510883356,-0.771724,O,7.8333
212184,qmof-67a59c5,3.34121,1.9097150747454772,963.4323510883356,-0.771688,O,7.8359
212212,qmof-67a59c5,3.34121,1.9097150747454772,963.4323510883356,-0.797465,O,7.8342
212240,qmof-67a59c5,3.34121,1.9097150747454772,963.4323510883356,-0.797095,O,8.3972
212268,qmof-67a59c5,3.34121,1.9097150747454772,963.4323510883356,-0.797408,O,8.3964
212296,qmof-67a59c5,3.34121,1.9097150747454772,963.4323510883356,-0.797363,O,8.3973
212324,qmof-67a59c5,3.34121,1.9097150747454772,963.4323510883356,-0.732938,O,8.3969
212352,qmof-67a59c5,3.34121,1.9097150747454772,963.4323510883356,-0.732573,O,7.8117
212380,qmof-67a59c5,3.34121,1.9097150747454772,963.4323510883356,-0.733096,O,7.8104
212408,qmof-67a59c5,3.34121,1.9097150747454772,963.4323510883356,-0.732697,O,7.8122
212436,qmof-67a59c5,3.34121,1.9097150747454772,963.4323510883356,-0.650745,O,7.8111
212464,qmof-67a59c5,3.34121,1.9097150747454772,963.4323510883356,-0.650356,O,7.7594
212492,qmof-67a59c5,3.34121,1.9097150747454772,963.4323510883356,-0.650688,O,7.7595
212520,qmof-67a59c5,3.34121,1.9097150747454772,963.4323510883356,-0.650408,O,7.7602
212548,qmof-67a59c5,3.34121,1.9097150747454772,963.4323510883356,-0.635774,O,7.7594
212576,qmof-67a59c5,3.34121,1.9097150747454772,963.4323510883356,-0.635971,O,7.8423
212604,qmof-67a59c5,3.34121,1.9097150747454772,963.4323510883356,-0.635777,O,7.8423
212632,qmof-67a59c5,3.34121,1.9097150747454772,963.4323510883356,-0.635743,O,7.8425
212660,qmof-67a59c5,3.34121,1.9097150747454772,963.4323510883356,-0.766152,O,7.842
212800,qmof-688ca67,3.85382,1.1850277171876984,1394.025392971807,0.604354,Cu,12.8024
212840,qmof-688ca67,3.85382,1.1850277171876984,1394.025392971807,0.604474,Cu,12.8031
212880,qmof-688ca67,3.85382,1.1850277171876984,1394.025392971807,0.604504,Cu,12.8026
212920,qmof-688ca67,3.85382,1.1850277171876984,1394.025392971807,-0.467945,Cu,12.8025
220332,qmof-747ed4e,12.25093,0.729516835157617,7702.000741530709,2.086178,Hf,2.5877
220370,qmof-747ed4e,12.25093,0.729516835157617,7702.000741530709,2.132257,Hf,2.6698
220408,qmof-747ed4e,12.25093,0.729516835157617,7702.000741530709,2.125769,Hf,2.6598
220446,qmof-747ed4e,12.25093,0.729516835157617,7702.000741530709,2.144669,Hf,2.6429
220484,qmof-747ed4e,12.25093,0.729516835157617,7702.000741530709,2.162174,Hf,2.5673
220522,qmof-747ed4e,12.25093,0.729516835157617,7702.000741530709,-0.888185,Hf,2.6087
220560,qmof-747ed4e,12.25093,0.729516835157617,7702.000741530709,-0.586599,O,7.8413
220598,qmof-747ed4e,12.25093,0.729516835157617,7702.000741530709,-0.571664,O,7.7485
220636,qmof-747ed4e,12.25093,0.729516835157617,7702.000741530709,-0.637557,O,7.9843
220674,qmof-747ed4e,12.25093,0.729516835157617,7702.000741530709,-0.590824,O,8.3802
220712,qmof-747ed4e,12.25093,0.729516835157617,7702.000741530709,-0.54731,O,8.4794
220826,qmof-747ed4e,12.25093,0.729516835157617,7702.000741530709,-0.955921,O,7.7741
220864,qmof-747ed4e,12.25093,0.729516835157617,7702.000741530709,-0.936659,O,7.4406
220902,qmof-747ed4e,12.25093,0.729516835157617,7702.000741530709,-1.055827,O,7.427
220940,qmof-747ed4e,12.25093,0.729516835157617,7702.000741530709,-0.799857,O,7.6872
220978,qmof-747ed4e,12.25093,0.729516835157617,7702.000741530709,-0.769897,O,7.261
221016,qmof-747ed4e,12.25093,0.729516835157617,7702.000741530709,-1.051973,O,7.1511
221054,qmof-747ed4e,12.25093,0.729516835157617,7702.000741530709,-0.94341,O,7.7743
221092,qmof-747ed4e,12.25093,0.729516835157617,7702.000741530709,-1.069039,O,7.4206
221130,qmof-747ed4e,12.25093,0.729516835157617,7702.000741530709,-0.973886,O,7.6367
221168,qmof-747ed4e,12.25093,0.729516835157617,7702.000741530709,-0.902489,O,7.2674
221206,qmof-747ed4e,12.25093,0.729516835157617,7702.000741530709,-0.579924,O,7.6815
221244,qmof-747ed4e,12.25093,0.729516835157617,7702.000741530709,-0.607147,O,8.0793
221282,qmof-747ed4e,12.25093,0.729516835157617,7702.000741530709,-0.785328,O,8.1377
221358,qmof-747ed4e,12.25093,0.729516835157617,7702.000741530709,-0.776439,O,7.9373
221396,qmof-747ed4e,12.25093,0.729516835157617,7702.000741530709,-0.894896,O,7.1652
221434,qmof-747ed4e,12.25093,0.729516835157617,7702.000741530709,-0.915064,O,7.5806
221472,qmof-747ed4e,12.25093,0.729516835157617,7702.000741530709,-0.584449,O,8.0157
221510,qmof-747ed4e,12.25093,0.729516835157617,7702.000741530709,-0.740379,O,8.0115
221624,qmof-747ed4e,12.25093,0.729516835157617,7702.000741530709,-0.593558,O,8.1498
221662,qmof-747ed4e,12.25093,0.729516835157617,7702.000741530709,-0.952921,O,8.1033
221700,qmof-747ed4e,12.25093,0.729516835157617,7702.000741530709,-0.98317,O,7.3656
221738,qmof-747ed4e,12.25093,0.729516835157617,7702.000741530709,0.435561,O,7.6423
221776,qmof-7492a1f,7.69986,0.6242016499162721,7173.488515738773,2.372857,Zr,3.2506
221812,qmof-7492a1f,7.69986,0.6242016499162721,7173.488515738773,2.372651,Zr,3.2507
221850,qmof-7492a1f,7.69986,0.6242016499162721,7173.488515738773,2.372854,Zr,3.2507
221887,qmof-7492a1f,7.69986,0.6242016499162721,7173.488515738773,2.372747,Zr,3.2507
221923,qmof-7492a1f,7.69986,0.6242016499162721,7173.488515738773,2.373033,Zr,3.2505
221960,qmof-7492a1f,7.69986,0.6242016499162721,7173.488515738773,-0.616734,Zr,3.2507
221998,qmof-7492a1f,7.69986,0.6242016499162721,7173.488515738773,-0.616421,O,8.1574
222036,qmof-7492a1f,7.69986,0.6242016499162721,7173.488515738773,-0.616676,O,8.1578
222074,qmof-7492a1f,7.69986,0.6242016499162721,7173.488515738773,-0.616551,O,8.1574
222112,qmof-7492a1f,7.69986,0.6242016499162721,7173.488515738773,-0.616536,O,8.158
222150,qmof-7492a1f,7.69986,0.6242016499162721,7173.488515738773,-0.616456,O,8.1576
222188,qmof-7492a1f,7.69986,0.6242016499162721,7173.488515738773,-0.616471,O,8.1577
222226,qmof-7492a1f,7.69986,0.6242016499162721,7173.488515738773,-0.616246,O,8.1577
222264,qmof-7492a1f,7.69986,0.6242016499162721,7173.488515738773,-0.616475,O,8.1571
222302,qmof-7492a1f,7.69986,0.6242016499162721,7173.488515738773,-0.616341,O,8.1578
222340,qmof-7492a1f,7.69986,0.6242016499162721,7173.488515738773,-0.616498,O,8.1577
222378,qmof-7492a1f,7.69986,0.6242016499162721,7173.488515738773,-0.616268,O,8.1576
222416,qmof-7492a1f,7.69986,0.6242016499162721,7173.488515738773,-0.61642,O,8.1577
222454,qmof-7492a1f,7.69986,0.6242016499162721,7173.488515738773,-0.616531,O,8.1574
222492,qmof-7492a1f,7.69986,0.6242016499162721,7173.488515738773,-0.616374,O,8.1573
222530,qmof-7492a1f,7.69986,0.6242016499162721,7173.488515738773,-0.616604,O,8.1573
222568,qmof-7492a1f,7.69986,0.6242016499162721,7173.488515738773,-0.616159,O,8.1576
222606,qmof-7492a1f,7.69986,0.6242016499162721,7173.488515738773,-0.616422,O,8.1576
222644,qmof-7492a1f,7.69986,0.6242016499162721,7173.488515738773,-0.616572,O,8.1576
222682,qmof-7492a1f,7.69986,0.6242016499162721,7173.488515738773,-0.616217,O,8.1577
222720,qmof-7492a1f,7.69986,0.6242016499162721,7173.488515738773,-0.6167,O,8.1575
222758,qmof-7492a1f,7.69986,0.6242016499162721,7173.488515738773,-0.616134,O,8.1573
222796,qmof-7492a1f,7.69986,0.6242016499162721,7173.488515738773,-0.616445,O,8.158
222834,qmof-7492a1f,7.69986,0.6242016499162721,7173.488515738773,-0.616278,O,8.1575
222872,qmof-7492a1f,7.69986,0.6242016499162721,7173.488515738773,-1.070656,O,8.1579
222910,qmof-7492a1f,7.69986,0.6242016499162721,7173.488515738773,-1.070386,O,7.7283
222948,qmof-7492a1f,7.69986,0.6242016499162721,7173.488515738773,-1.070797,O,7.7282
222984,qmof-7492a1f,7.69986,0.6242016499162721,7173.488515738773,-1.070804,O,7.7282
223022,qmof-7492a1f,7.69986,0.6242016499162721,7173.488515738773,-1.148991,O,7.7284
223060,qmof-7492a1f,7.69986,0.6242016499162721,7173.488515738773,-1.149267,O,8.2853
223097,qmof-7492a1f,7.69986,0.6242016499162721,7173.488515738773,-1.149332,O,8.2854
223134,qmof-7492a1f,7.69986,0.6242016499162721,7173.488515738773,-1.149305,O,8.2854
223171,qmof-7492a1f,7.69986,0.6242016499162721,7173.488515738773,0.423151,O,8.2854
223209,qmof-75cdf73,6.12642,0.6918549709857719,7975.734876029715,2.139048,Hf,2.8242
223247,qmof-75cdf73,6.12642,0.6918549709857719,7975.734876029715,2.13893,Hf,2.8253
223285,qmof-75cdf73,6.12642,0.6918549709857719,7975.734876029715,2.142094,Hf,2.8239
223323,qmof-75cdf73,6.12642,0.6918549709857719,7975.734876029715,2.14077,Hf,2.8259
223361,qmof-75cdf73,6.12642,0.6918549709857719,7975.734876029715,2.137574,Hf,2.8274
223399,qmof-75cdf73,6.12642,0.6918549709857719,7975.734876029715,-0.566541,Hf,2.8251
223437,qmof-75cdf73,6.12642,0.6918549709857719,7975.734876029715,-0.565063,O,8.024
223475,qmof-75cdf73,6.12642,0.6918549709857719,7975.734876029715,-0.565932,O,7.9931
223513,qmof-75cdf73,6.12642,0.6918549709857719,7975.734876029715,-0.562895,O,8.0098
223551,qmof-75cdf73,6.12642,0.6918549709857719,7975.734876029715,-0.599591,O,8.0087
223589,qmof-75cdf73,6.12642,0.6918549709857719,7975.734876029715,-0.597463,O,7.9327
223627,qmof-75cdf73,6.12642,0.6918549709857719,7975.734876029715,-0.60257,O,7.9297
223665,qmof-75cdf73,6.12642,0.6918549709857719,7975.734876029715,-0.597894,O,7.9159
223703,qmof-75cdf73,6.12642,0.6918549709857719,7975.734876029715,-1.058015,O,7.9362
223741,qmof-75cdf73,6.12642,0.6918549709857719,7975.734876029715,-1.057938,O,7.5891
223779,qmof-75cdf73,6.12642,0.6918549709857719,7975.734876029715,-0.991614,O,7.5893
223817,qmof-75cdf73,6.12642,0.6918549709857719,7975.734876029715,-0.991624,O,7.284
223855,qmof-75cdf73,6.12642,0.6918549709857719,7975.734876029715,-0.569239,O,7.2643
223893,qmof-75cdf73,6.12642,0.6918549709857719,7975.734876029715,-0.566334,O,8.0155
223931,qmof-75cdf73,6.12642,0.6918549709857719,7975.734876029715,-0.5688,O,7.9722
223969,qmof-75cdf73,6.12642,0.6918549709857719,7975.734876029715,-0.564889,O,8.0244
224007,qmof-75cdf73,6.12642,0.6918549709857719,7975.734876029715,-0.568512,O,7.9987
224045,qmof-75cdf73,6.12642,0.6918549709857719,7975.734876029715,-0.567312,O,8.0167
224083,qmof-75cdf73,6.12642,0.6918549709857719,7975.734876029715,-0.56952,O,8.0065
224121,qmof-75cdf73,6.12642,0.6918549709857719,7975.734876029715,-0.56612,O,8.027
224159,qmof-75cdf73,6.12642,0.6918549709857719,7975.734876029715,-0.594852,O,7.9983
224197,qmof-75cdf73,6.12642,0.6918549709857719,7975.734876029715,-0.595641,O,7.9453
224235,qmof-75cdf73,6.12642,0.6918549709857719,7975.734876029715,-0.596095,O,7.9138
224273,qmof-75cdf73,6.12642,0.6918549709857719,7975.734876029715,-0.598615,O,7.9341
224311,qmof-75cdf73,6.12642,0.6918549709857719,7975.734876029715,-0.59857,O,7.916
224349,qmof-75cdf73,6.12642,0.6918549709857719,7975.734876029715,-0.596048,O,7.9391
224387,qmof-75cdf73,6.12642,0.6918549709857719,7975.734876029715,-0.597293,O,7.9249
224425,qmof-75cdf73,6.12642,0.6918549709857719,7975.734876029715,-0.600192,O,7.9379
224463,qmof-75cdf73,6.12642,0.6918549709857719,7975.734876029715,-1.056664,O,7.9113
224501,qmof-75cdf73,6.12642,0.6918549709857719,7975.734876029715,-1.058251,O,7.5974
224539,qmof-75cdf73,6.12642,0.6918549709857719,7975.734876029715,-0.991269,O,7.5971
224577,qmof-75cdf73,6.12642,0.6918549709857719,7975.734876029715,-0.99299,O,7.2785
224615,qmof-75cdf73,6.12642,0.6918549709857719,7975.734876029715,0.103546,O,7.2933
226097,qmof-7644c77,6.58945,0.77799634303958,4987.023601649086,2.379353,Zr,3.2506
226135,qmof-7644c77,6.58945,0.77799634303958,4987.023601649086,2.379194,Zr,3.2505
226173,qmof-7644c77,6.58945,0.77799634303958,4987.023601649086,2.379068,Zr,3.2505
226211,qmof-7644c77,6.58945,0.77799634303958,4987.023601649086,2.379955,Zr,3.2504
226249,qmof-7644c77,6.58945,0.77799634303958,4987.023601649086,2.379912,Zr,3.2506
226287,qmof-7644c77,6.58945,0.77799634303958,4987.023601649086,-0.620705,Zr,3.2505
226324,qmof-7644c77,6.58945,0.77799634303958,4987.023601649086,-0.620534,O,8.072
226362,qmof-7644c77,6.58945,0.77799634303958,4987.023601649086,-0.620668,O,8.0722
226400,qmof-7644c77,6.58945,0.77799634303958,4987.023601649086,-0.620423,O,8.0721
226438,qmof-7644c77,6.58945,0.77799634303958,4987.023601649086,-0.620642,O,8.0722
226476,qmof-7644c77,6.58945,0.77799634303958,4987.023601649086,-0.620705,O,8.0719
226514,qmof-7644c77,6.58945,0.77799634303958,4987.023601649086,-0.620511,O,8.0722
226552,qmof-7644c77,6.58945,0.77799634303958,4987.023601649086,-0.620491,O,8.0721
226590,qmof-7644c77,6.58945,0.77799634303958,4987.023601649086,-0.620845,O,8.0721
226628,qmof-7644c77,6.58945,0.77799634303958,4987.023601649086,-0.620858,O,8.0719
226666,qmof-7644c77,6.58945,0.77799634303958,4987.023601649086,-0.620685,O,8.0719
226704,qmof-7644c77,6.58945,0.77799634303958,4987.023601649086,-0.620679,O,8.0716
226742,qmof-7644c77,6.58945,0.77799634303958,4987.023601649086,-0.611431,O,8.0716
226780,qmof-7644c77,6.58945,0.77799634303958,4987.023601649086,-0.611302,O,8.1632
226818,qmof-7644c77,6.58945,0.77799634303958,4987.023601649086,-0.611314,O,8.1633
226856,qmof-7644c77,6.58945,0.77799634303958,4987.023601649086,-0.611426,O,8.1633
226894,qmof-7644c77,6.58945,0.77799634303958,4987.023601649086,-0.611381,O,8.1632
226932,qmof-7644c77,6.58945,0.77799634303958,4987.023601649086,-0.611359,O,8.163
226970,qmof-7644c77,6.58945,0.77799634303958,4987.023601649086,-0.611376,O,8.163
227008,qmof-7644c77,6.58945,0.77799634303958,4987.023601649086,-0.611452,O,8.1631
227046,qmof-7644c77,6.58945,0.77799634303958,4987.023601649086,-0.611268,O,8.163
227084,qmof-7644c77,6.58945,0.77799634303958,4987.023601649086,-0.61136,O,8.1629
227122,qmof-7644c77,6.58945,0.77799634303958,4987.023601649086,-0.61136,O,8.163
227160,qmof-7644c77,6.58945,0.77799634303958,4987.023601649086,-0.611345,O,8.163
227198,qmof-7644c77,6.58945,0.77799634303958,4987.023601649086,-1.07063,O,8.1631
227236,qmof-7644c77,6.58945,0.77799634303958,4987.023601649086,-1.070645,O,7.7141
227273,qmof-7644c77,6.58945,0.77799634303958,4987.023601649086,-1.070492,O,7.714
227311,qmof-7644c77,6.58945,0.77799634303958,4987.023601649086,-1.070685,O,7.7141
227349,qmof-7644c77,6.58945,0.77799634303958,4987.023601649086,-1.150238,O,7.714
227387,qmof-7644c77,6.58945,0.77799634303958,4987.023601649086,-1.150006,O,8.2634
227425,qmof-7644c77,6.58945,0.77799634303958,4987.023601649086,-1.150061,O,8.2634
227463,qmof-7644c77,6.58945,0.77799634303958,4987.023601649086,-1.14989,O,8.2634
227500,qmof-7644c77,6.58945,0.77799634303958,4987.023601649086,0.422046,O,8.2634
227538,qmof-77442e8,4.78409,1.1382381617382265,3198.868300995868,2.373334,Zr,3.2375
227585,qmof-77442e8,4.78409,1.1382381617382265,3198.868300995868,2.375829,Zr,3.256
227632,qmof-77442e8,4.78409,1.1382381617382265,3198.868300995868,2.374963,Zr,3.2683
227679,qmof-77442e8,4.78409,1.1382381617382265,3198.868300995868,2.37549,Zr,3.2458
227726,qmof-77442e8,4.78409,1.1382381617382265,3198.868300995868,2.375811,Zr,3.2628
227773,qmof-77442e8,4.78409,1.1382381617382265,3198.868300995868,-0.617344,Zr,3.2614
227820,qmof-77442e8,4.78409,1.1382381617382265,3198.868300995868,-0.619256,O,8.1377
227867,qmof-77442e8,4.78409,1.1382381617382265,3198.868300995868,-0.622754,O,8.0956
227914,qmof-77442e8,4.78409,1.1382381617382265,3198.868300995868,-0.619849,O,8.099
227961,qmof-77442e8,4.78409,1.1382381617382265,3198.868300995868,-0.599497,O,8.1496
228008,qmof-77442e8,4.78409,1.1382381617382265,3198.868300995868,-0.616248,O,8.2086
228055,qmof-77442e8,4.78409,1.1382381617382265,3198.868300995868,-0.612929,O,8.1532
228102,qmof-77442e8,4.78409,1.1382381617382265,3198.868300995868,-0.618355,O,8.2165
228149,qmof-77442e8,4.78409,1.1382381617382265,3198.868300995868,-0.62321,O,8.1022
228196,qmof-77442e8,4.78409,1.1382381617382265,3198.868300995868,-0.621307,O,8.1028
228243,qmof-77442e8,4.78409,1.1382381617382265,3198.868300995868,-0.608288,O,8.1029
228290,qmof-77442e8,4.78409,1.1382381617382265,3198.868300995868,-0.611876,O,8.1564
228337,qmof-77442e8,4.78409,1.1382381617382265,3198.868300995868,-0.606692,O,8.1529
228384,qmof-77442e8,4.78409,1.1382381617382265,3198.868300995868,-0.618885,O,8.052
228431,qmof-77442e8,4.78409,1.1382381617382265,3198.868300995868,-0.61629,O,8.1083
228478,qmof-77442e8,4.78409,1.1382381617382265,3198.868300995868,-0.605968,O,8.1049
228525,qmof-77442e8,4.78409,1.1382381617382265,3198.868300995868,-0.611384,O,8.0517
228572,qmof-77442e8,4.78409,1.1382381617382265,3198.868300995868,-0.604204,O,8.2038
228619,qmof-77442e8,4.78409,1.1382381617382265,3198.868300995868,-0.604397,O,8.0165
228666,qmof-77442e8,4.78409,1.1382381617382265,3198.868300995868,-0.61368,O,8.2137
228713,qmof-77442e8,4.78409,1.1382381617382265,3198.868300995868,-0.608167,O,8.0868
228760,qmof-77442e8,4.78409,1.1382381617382265,3198.868300995868,-0.606874,O,8.109
228807,qmof-77442e8,4.78409,1.1382381617382265,3198.868300995868,-0.606071,O,8.1112
228854,qmof-77442e8,4.78409,1.1382381617382265,3198.868300995868,-0.603923,O,8.0416
228901,qmof-77442e8,4.78409,1.1382381617382265,3198.868300995868,-1.06983,O,8.0397
228948,qmof-77442e8,4.78409,1.1382381617382265,3198.868300995868,-1.071523,O,7.7131
228995,qmof-77442e8,4.78409,1.1382381617382265,3198.868300995868,-1.070644,O,7.7033
229042,qmof-77442e8,4.78409,1.1382381617382265,3198.868300995868,-1.071487,O,7.7065
229089,qmof-77442e8,4.78409,1.1382381617382265,3198.868300995868,-1.149814,O,7.7067
229136,qmof-77442e8,4.78409,1.1382381617382265,3198.868300995868,-1.147442,O,8.258
229183,qmof-77442e8,4.78409,1.1382381617382265,3198.868300995868,-1.150653,O,8.2658
229230,qmof-77442e8,4.78409,1.1382381617382265,3198.868300995868,-1.149992,O,8.2718
229277,qmof-77442e8,4.78409,1.1382381617382265,3198.868300995868,-0.399341,O,8.2725
229606,qmof-77442e8,4.78409,1.1382381617382265,3198.868300995868,-0.479433,O,8.3108
229700,qmof-77442e8,4.78409,1.1382381617382265,3198.868300995868,0.422515,O,8.3193
229747,qmof-7770304,3.47812,1.351535285777918,2302.867455249157,2.368425,Zr,3.2478
229785,qmof-7770304,3.47812,1.351535285777918,2302.867455249157,2.370327,Zr,3.2361
229823,qmof-7770304,3.47812,1.351535285777918,2302.867455249157,2.369592,Zr,3.2411
229861,qmof-7770304,3.47812,1.351535285777918,2302.867455249157,2.369941,Zr,3.2426
229899,qmof-7770304,3.47812,1.351535285777918,2302.867455249157,2.370651,Zr,3.2391
229937,qmof-7770304,3.47812,1.351535285777918,2302.867455249157,-0.617856,Zr,3.2411
229975,qmof-7770304,3.47812,1.351535285777918,2302.867455249157,-0.613494,O,8.16
230013,qmof-7770304,3.47812,1.351535285777918,2302.867455249157,-0.619511,O,8.1144
230051,qmof-7770304,3.47812,1.351535285777918,2302.867455249157,-0.619019,O,8.1828
230089,qmof-7770304,3.47812,1.351535285777918,2302.867455249157,-0.62613,O,8.1509
230127,qmof-7770304,3.47812,1.351535285777918,2302.867455249157,-0.62254,O,8.2008
230165,qmof-7770304,3.47812,1.351535285777918,2302.867455249157,-0.612907,O,8.1468
230203,qmof-7770304,3.47812,1.351535285777918,2302.867455249157,-0.611132,O,8.1265
230241,qmof-7770304,3.47812,1.351535285777918,2302.867455249157,-0.613565,O,8.1251
230279,qmof-7770304,3.47812,1.351535285777918,2302.867455249157,-0.606611,O,8.1187
230317,qmof-7770304,3.47812,1.351535285777918,2302.867455249157,-0.621955,O,8.1417
230355,qmof-7770304,3.47812,1.351535285777918,2302.867455249157,-0.618939,O,8.134
230393,qmof-7770304,3.47812,1.351535285777918,2302.867455249157,-0.627875,O,8.1567
230431,qmof-7770304,3.47812,1.351535285777918,2302.867455249157,-0.610027,O,8.2102
230469,qmof-7770304,3.47812,1.351535285777918,2302.867455249157,-0.608524,O,8.1205
230507,qmof-7770304,3.47812,1.351535285777918,2302.867455249157,-0.621506,O,8.1233
230545,qmof-7770304,3.47812,1.351535285777918,2302.867455249157,-0.610443,O,8.1436
230583,qmof-7770304,3.47812,1.351535285777918,2302.867455249157,-0.62448,O,8.129
230621,qmof-7770304,3.47812,1.351535285777918,2302.867455249157,-0.635227,O,8.1594
230659,qmof-7770304,3.47812,1.351535285777918,2302.867455249157,-0.610333,O,8.2088
230697,qmof-7770304,3.47812,1.351535285777918,2302.867455249157,-0.612864,O,8.1198
230735,qmof-7770304,3.47812,1.351535285777918,2302.867455249157,-0.611884,O,8.1139
230773,qmof-7770304,3.47812,1.351535285777918,2302.867455249157,-0.618759,O,8.1293
230811,qmof-7770304,3.47812,1.351535285777918,2302.867455249157,-0.615388,O,8.1486
230849,qmof-7770304,3.47812,1.351535285777918,2302.867455249157,-1.071428,O,8.1577
230887,qmof-7770304,3.47812,1.351535285777918,2302.867455249157,-1.070192,O,7.7701
230925,qmof-7770304,3.47812,1.351535285777918,2302.867455249157,-1.067914,O,7.7352
230963,qmof-7770304,3.47812,1.351535285777918,2302.867455249157,-1.070775,O,7.7404
231001,qmof-7770304,3.47812,1.351535285777918,2302.867455249157,-1.149025,O,7.7378
231039,qmof-7770304,3.47812,1.351535285777918,2302.867455249157,-1.148703,O,8.3081
231077,qmof-7770304,3.47812,1.351535285777918,2302.867455249157,-1.148878,O,8.2905
231115,qmof-7770304,3.47812,1.351535285777918,2302.867455249157,-1.152012,O,8.3126
231153,qmof-7770304,3.47812,1.351535285777918,2302.867455249157,0.419795,O,8.3189
231191,qmof-7964502,4.94223,1.1655865872120983,3208.887001415387,2.376917,Zr,3.2456
231229,qmof-7964502,4.94223,1.1655865872120983,3208.887001415387,2.381744,Zr,3.2492
231267,qmof-7964502,4.94223,1.1655865872120983,3208.887001415387,2.375858,Zr,3.2584
231305,qmof-7964502,4.94223,1.1655865872120983,3208.887001415387,2.37746,Zr,3.2482
231343,qmof-7964502,4.94223,1.1655865872120983,3208.887001415387,2.379203,Zr,3.2552
231381,qmof-7964502,4.94223,1.1655865872120983,3208.887001415387,-0.621131,Zr,3.2586
231419,qmof-7964502,4.94223,1.1655865872120983,3208.887001415387,-0.618398,O,8.1215
231457,qmof-7964502,4.94223,1.1655865872120983,3208.887001415387,-0.618753,O,8.1099
231495,qmof-7964502,4.94223,1.1655865872120983,3208.887001415387,-0.620209,O,8.1107
231533,qmof-7964502,4.94223,1.1655865872120983,3208.887001415387,-0.606463,O,8.1447
231571,qmof-7964502,4.94223,1.1655865872120983,3208.887001415387,-0.618506,O,8.0098
231609,qmof-7964502,4.94223,1.1655865872120983,3208.887001415387,-0.617794,O,8.1415
231647,qmof-7964502,4.94223,1.1655865872120983,3208.887001415387,-0.612457,O,8.0306
231685,qmof-7964502,4.94223,1.1655865872120983,3208.887001415387,-0.617772,O,8.1093
231723,qmof-7964502,4.94223,1.1655865872120983,3208.887001415387,-0.619224,O,8.1193
231761,qmof-7964502,4.94223,1.1655865872120983,3208.887001415387,-0.615545,O,8.1155
231799,qmof-7964502,4.94223,1.1655865872120983,3208.887001415387,-0.617382,O,8.1317
231837,qmof-7964502,4.94223,1.1655865872120983,3208.887001415387,-0.611291,O,8.1312
231875,qmof-7964502,4.94223,1.1655865872120983,3208.887001415387,-0.613555,O,8.0362
231913,qmof-7964502,4.94223,1.1655865872120983,3208.887001415387,-0.608378,O,8.0782
231951,qmof-7964502,4.94223,1.1655865872120983,3208.887001415387,-0.618069,O,8.0922
231989,qmof-7964502,4.94223,1.1655865872120983,3208.887001415387,-0.617121,O,7.9978
232027,qmof-7964502,4.94223,1.1655865872120983,3208.887001415387,-0.614804,O,8.1347
232065,qmof-7964502,4.94223,1.1655865872120983,3208.887001415387,-0.607375,O,8.0256
232103,qmof-7964502,4.94223,1.1655865872120983,3208.887001415387,-0.61006,O,8.1623
232141,qmof-7964502,4.94223,1.1655865872120983,3208.887001415387,-0.60884,O,8.0982
232179,qmof-7964502,4.94223,1.1655865872120983,3208.887001415387,-0.606846,O,8.102
232217,qmof-7964502,4.94223,1.1655865872120983,3208.887001415387,-0.612308,O,8.1096
232255,qmof-7964502,4.94223,1.1655865872120983,3208.887001415387,-0.610275,O,8.0401
232293,qmof-7964502,4.94223,1.1655865872120983,3208.887001415387,-1.071239,O,8.0436
232331,qmof-7964502,4.94223,1.1655865872120983,3208.887001415387,-1.069796,O,7.7146
232369,qmof-7964502,4.94223,1.1655865872120983,3208.887001415387,-1.06763,O,7.7151
232407,qmof-7964502,4.94223,1.1655865872120983,3208.887001415387,-1.068245,O,7.7101
232445,qmof-7964502,4.94223,1.1655865872120983,3208.887001415387,-1.148729,O,7.7132
232483,qmof-7964502,4.94223,1.1655865872120983,3208.887001415387,-1.149281,O,8.2414
232521,qmof-7964502,4.94223,1.1655865872120983,3208.887001415387,-1.14883,O,8.2606
232559,qmof-7964502,4.94223,1.1655865872120983,3208.887001415387,-1.149503,O,8.259
232597,qmof-7964502,4.94223,1.1655865872120983,3208.887001415387,0.421644,O,8.2584
232635,qmof-7fc8f2f,5.6122,0.6137925542481004,7150.925266174034,2.371514,Zr,3.2538
232673,qmof-7fc8f2f,5.6122,0.6137925542481004,7150.925266174034,2.375143,Zr,3.2552
232711,qmof-7fc8f2f,5.6122,0.6137925542481004,7150.925266174034,2.373917,Zr,3.2571
232749,qmof-7fc8f2f,5.6122,0.6137925542481004,7150.925266174034,2.374218,Zr,3.2594
232787,qmof-7fc8f2f,5.6122,0.6137925542481004,7150.925266174034,2.373816,Zr,3.2559
232825,qmof-7fc8f2f,5.6122,0.6137925542481004,7150.925266174034,-0.604139,Zr,3.255
232863,qmof-7fc8f2f,5.6122,0.6137925542481004,7150.925266174034,-0.594487,O,8.2163
232901,qmof-7fc8f2f,5.6122,0.6137925542481004,7150.925266174034,-0.596862,O,8.2179
232939,qmof-7fc8f2f,5.6122,0.6137925542481004,7150.925266174034,-0.606521,O,8.237
232977,qmof-7fc8f2f,5.6122,0.6137925542481004,7150.925266174034,-0.637951,O,8.2083
233015,qmof-7fc8f2f,5.6122,0.6137925542481004,7150.925266174034,-0.64074,O,8.0959
233053,qmof-7fc8f2f,5.6122,0.6137925542481004,7150.925266174034,-0.645895,O,8.0464
233091,qmof-7fc8f2f,5.6122,0.6137925542481004,7150.925266174034,-0.635751,O,8.0201
233129,qmof-7fc8f2f,5.6122,0.6137925542481004,7150.925266174034,-1.150828,O,8.1077
233167,qmof-7fc8f2f,5.6122,0.6137925542481004,7150.925266174034,-1.151021,O,8.2865
233205,qmof-7fc8f2f,5.6122,0.6137925542481004,7150.925266174034,-1.070617,O,8.2936
233243,qmof-7fc8f2f,5.6122,0.6137925542481004,7150.925266174034,-1.073171,O,7.7717
233281,qmof-7fc8f2f,5.6122,0.6137925542481004,7150.925266174034,-0.604411,O,7.7068
233319,qmof-7fc8f2f,5.6122,0.6137925542481004,7150.925266174034,-0.604386,O,8.2037
233357,qmof-7fc8f2f,5.6122,0.6137925542481004,7150.925266174034,-0.597115,O,8.2369
233395,qmof-7fc8f2f,5.6122,0.6137925542481004,7150.925266174034,-0.602313,O,8.2453
233433,qmof-7fc8f2f,5.6122,0.6137925542481004,7150.925266174034,-0.603286,O,8.2121
233471,qmof-7fc8f2f,5.6122,0.6137925542481004,7150.925266174034,-0.604787,O,8.2409
233509,qmof-7fc8f2f,5.6122,0.6137925542481004,7150.925266174034,-0.603191,O,8.2064
233547,qmof-7fc8f2f,5.6122,0.6137925542481004,7150.925266174034,-0.602345,O,8.2131
233585,qmof-7fc8f2f,5.6122,0.6137925542481004,7150.925266174034,-0.633843,O,8.2439
233623,qmof-7fc8f2f,5.6122,0.6137925542481004,7150.925266174034,-0.637256,O,8.1002
233661,qmof-7fc8f2f,5.6122,0.6137925542481004,7150.925266174034,-0.637095,O,8.0573
233699,qmof-7fc8f2f,5.6122,0.6137925542481004,7150.925266174034,-0.6376,O,8.0612
233737,qmof-7fc8f2f,5.6122,0.6137925542481004,7150.925266174034,-0.638799,O,8.0931
233775,qmof-7fc8f2f,5.6122,0.6137925542481004,7150.925266174034,-0.636832,O,8.0598
233813,qmof-7fc8f2f,5.6122,0.6137925542481004,7150.925266174034,-0.639284,O,8.0935
233851,qmof-7fc8f2f,5.6122,0.6137925542481004,7150.925266174034,-0.637456,O,8.0861
233889,qmof-7fc8f2f,5.6122,0.6137925542481004,7150.925266174034,-1.152768,O,8.0634
233927,qmof-7fc8f2f,5.6122,0.6137925542481004,7150.925266174034,-1.150623,O,8.3069
233965,qmof-7fc8f2f,5.6122,0.6137925542481004,7150.925266174034,-1.070355,O,8.2774
234003,qmof-7fc8f2f,5.6122,0.6137925542481004,7150.925266174034,-1.072163,O,7.7199
234041,qmof-7fc8f2f,5.6122,0.6137925542481004,7150.925266174034,0.102973,O,7.721
234079,qmof-80fed89,3.70243,1.3105247926594168,3194.1696509367166,2.382222,Zr,3.2625
234137,qmof-80fed89,3.70243,1.3105247926594168,3194.1696509367166,2.373665,Zr,3.2616
234195,qmof-80fed89,3.70243,1.3105247926594168,3194.1696509367166,2.373886,Zr,3.2642
234253,qmof-80fed89,3.70243,1.3105247926594168,3194.1696509367166,2.363782,Zr,3.2673
234311,qmof-80fed89,3.70243,1.3105247926594168,3194.1696509367166,2.363554,Zr,3.2095
234369,qmof-80fed89,3.70243,1.3105247926594168,3194.1696509367166,-0.596811,Zr,3.21
234427,qmof-80fed89,3.70243,1.3105247926594168,3194.1696509367166,-0.596911,O,8.1385
234485,qmof-80fed89,3.70243,1.3105247926594168,3194.1696509367166,-0.583858,O,8.1393
234543,qmof-80fed89,3.70243,1.3105247926594168,3194.1696509367166,-0.58361,O,8.0919
234601,qmof-80fed89,3.70243,1.3105247926594168,3194.1696509367166,-0.609038,O,8.0943
234659,qmof-80fed89,3.70243,1.3105247926594168,3194.1696509367166,-0.596522,O,7.9866
234717,qmof-80fed89,3.70243,1.3105247926594168,3194.1696509367166,-0.607148,O,8.1009
234775,qmof-80fed89,3.70243,1.3105247926594168,3194.1696509367166,-0.600072,O,7.9839
234833,qmof-80fed89,3.70243,1.3105247926594168,3194.1696509367166,-0.611022,O,8.1054
234891,qmof-80fed89,3.70243,1.3105247926594168,3194.1696509367166,-0.616808,O,8.1051
234949,qmof-80fed89,3.70243,1.3105247926594168,3194.1696509367166,-0.619022,O,8.0722
235007,qmof-80fed89,3.70243,1.3105247926594168,3194.1696509367166,-0.61128,O,8.0744
235065,qmof-80fed89,3.70243,1.3105247926594168,3194.1696509367166,-0.597996,O,8.1052
235123,qmof-80fed89,3.70243,1.3105247926594168,3194.1696509367166,-0.597939,O,8.0433
235181,qmof-80fed89,3.70243,1.3105247926594168,3194.1696509367166,-0.605572,O,8.0378
235239,qmof-80fed89,3.70243,1.3105247926594168,3194.1696509367166,-0.608452,O,8.0585
235297,qmof-80fed89,3.70243,1.3105247926594168,3194.1696509367166,-0.633212,O,8.0657
235355,qmof-80fed89,3.70243,1.3105247926594168,3194.1696509367166,-0.620077,O,8.0017
235413,qmof-80fed89,3.70243,1.3105247926594168,3194.1696509367166,-0.63363,O,8.0269
235471,qmof-80fed89,3.70243,1.3105247926594168,3194.1696509367166,-0.621437,O,7.9992
235529,qmof-80fed89,3.70243,1.3105247926594168,3194.1696509367166,-0.613937,O,8.0264
235587,qmof-80fed89,3.70243,1.3105247926594168,3194.1696509367166,-0.608812,O,8.2545
235645,qmof-80fed89,3.70243,1.3105247926594168,3194.1696509367166,-0.609537,O,8.2718
235703,qmof-80fed89,3.70243,1.3105247926594168,3194.1696509367166,-0.614107,O,8.2719
235761,qmof-80fed89,3.70243,1.3105247926594168,3194.1696509367166,-1.071116,O,8.2255
235819,qmof-80fed89,3.70243,1.3105247926594168,3194.1696509367166,-1.07045,O,7.7932
235877,qmof-80fed89,3.70243,1.3105247926594168,3194.1696509367166,-1.070915,O,7.7594
235935,qmof-80fed89,3.70243,1.3105247926594168,3194.1696509367166,-1.072298,O,7.7356
235993,qmof-80fed89,3.70243,1.3105247926594168,3194.1696509367166,-1.152002,O,7.7353
236051,qmof-80fed89,3.70243,1.3105247926594168,3194.1696509367166,-1.151865,O,8.3535
236109,qmof-80fed89,3.70243,1.3105247926594168,3194.1696509367166,-1.151381,O,8.3527
236167,qmof-80fed89,3.70243,1.3105247926594168,3194.1696509367166,-1.150755,O,8.3236
236225,qmof-80fed89,3.70243,1.3105247926594168,3194.1696509367166,-0.464728,O,8.3251
236283,qmof-80fed89,3.70243,1.3105247926594168,3194.1696509367166,-0.453969,O,7.2153
236341,qmof-80fed89,3.70243,1.3105247926594168,3194.1696509367166,-0.476409,O,8.0446
236399,qmof-80fed89,3.70243,1.3105247926594168,3194.1696509367166,-0.460648,O,7.1926
236457,qmof-80fed89,3.70243,1.3105247926594168,3194.1696509367166,-0.477638,O,8.1067
236515,qmof-80fed89,3.70243,1.3105247926594168,3194.1696509367166,-0.462588,O,7.1942
236573,qmof-80fed89,3.70243,1.3105247926594168,3194.1696509367166,-0.463341,O,8.1105
236631,qmof-80fed89,3.70243,1.3105247926594168,3194.1696509367166,-0.453164,O,7.2218
236689,qmof-80fed89,3.70243,1.3105247926594168,3194.1696509367166,-0.442912,O,8.045
236805,qmof-80fed89,3.70243,1.3105247926594168,3194.1696509367166,-0.457734,O,8.2068
236921,qmof-80fed89,3.70243,1.3105247926594168,3194.1696509367166,-0.457526,O,8.3517
237037,qmof-80fed89,3.70243,1.3105247926594168,3194.1696509367166,-0.444492,O,8.3391
237153,qmof-80fed89,3.70243,1.3105247926594168,3194.1696509367166,-0.456631,O,8.221
237269,qmof-80fed89,3.70243,1.3105247926594168,3194.1696509367166,-0.457701,O,8.1787
237385,qmof-80fed89,3.70243,1.3105247926594168,3194.1696509367166,0.432375,O,8.1779
237671,qmof-82a687d,12.28886,0.6115818462666245,7765.579735924855,-0.624547,O,8.0294
237709,qmof-82a687d,12.28886,0.6115818462666245,7765.579735924855,-0.60839,O,8.0688
237747,qmof-82a687d,12.28886,0.6115818462666245,7765.579735924855,-0.667397,O,8.1071
237785,qmof-82a687d,12.28886,0.6115818462666245,7765.579735924855,-0.630279,O,8.2016
237823,qmof-82a687d,12.28886,0.6115818462666245,7765.579735924855,-0.588033,O,8.126
237861,qmof-82a687d,12.28886,0.6115818462666245,7765.579735924855,-0.575666,O,8.1755
237899,qmof-82a687d,12.28886,0.6115818462666245,7765.579735924855,-1.188664,O,8.0804
237937,qmof-82a687d,12.28886,0.6115818462666245,7765.579735924855,-1.042591,O,8.3979
237975,qmof-82a687d,12.28886,0.6115818462666245,7765.579735924855,-1.019044,O,7.8951
238013,qmof-82a687d,12.28886,0.6115818462666245,7765.579735924855,-1.153404,O,7.8043
238051,qmof-82a687d,12.28886,0.6115818462666245,7765.579735924855,-0.829516,O,8.3907
238089,qmof-82a687d,12.28886,0.6115818462666245,7765.579735924855,-0.797064,O,7.5326
238127,qmof-82a687d,12.28886,0.6115818462666245,7765.579735924855,-1.158408,O,7.3516
238165,qmof-82a687d,12.28886,0.6115818462666245,7765.579735924855,-1.029881,O,8.4164
238203,qmof-82a687d,12.28886,0.6115818462666245,7765.579735924855,-1.166052,O,7.8306
238241,qmof-82a687d,12.28886,0.6115818462666245,7765.579735924855,-1.05847,O,8.326
238279,qmof-82a687d,12.28886,0.6115818462666245,7765.579735924855,-0.931202,O,7.7164
238317,qmof-82a687d,12.28886,0.6115818462666245,7765.579735924855,-0.620149,O,7.9147
238355,qmof-82a687d,12.28886,0.6115818462666245,7765.579735924855,-0.638096,O,8.2002
238393,qmof-82a687d,12.28886,0.6115818462666245,7765.579735924855,-0.817636,O,8.2151
238431,qmof-82a687d,12.28886,0.6115818462666245,7765.579735924855,-0.621895,O,7.2681
238469,qmof-82a687d,12.28886,0.6115818462666245,7765.579735924855,-0.809131,O,8.1624
238507,qmof-82a687d,12.28886,0.6115818462666245,7765.579735924855,-0.926783,O,7.3988
238545,qmof-82a687d,12.28886,0.6115818462666245,7765.579735924855,-0.95104,O,7.7959
238583,qmof-82a687d,12.28886,0.6115818462666245,7765.579735924855,-0.620337,O,8.0567
238621,qmof-82a687d,12.28886,0.6115818462666245,7765.579735924855,-0.774981,O,8.0937
238735,qmof-82a687d,12.28886,0.6115818462666245,7765.579735924855,-0.627653,O,8.2432
238773,qmof-82a687d,12.28886,0.6115818462666245,7765.579735924855,-0.982356,O,8.1641
238811,qmof-82a687d,12.28886,0.6115818462666245,7765.579735924855,-1.013286,O,7.4733
238849,qmof-82a687d,12.28886,0.6115818462666245,7765.579735924855,0.440515,O,7.5703
238887,qmof-850a307,5.21694,1.301912070723294,3562.450622605125,0.37976,Ag,10.0018
238933,qmof-850a307,5.21694,1.301912070723294,3562.450622605125,0.37959,Ag,10.0024
238979,qmof-850a307,5.21694,1.301912070723294,3562.450622605125,0.379597,Ag,10.0021
239025,qmof-850a307,5.21694,1.301912070723294,3562.450622605125,0.345667,Ag,10.0021
239071,qmof-850a307,5.21694,1.301912070723294,3562.450622605125,0.345679,Ag,9.2618
239119,qmof-850a307,5.21694,1.301912070723294,3562.450622605125,0.345744,Ag,9.2644
239167,qmof-850a307,5.21694,1.301912070723294,3562.450622605125,0.345745,Ag,9.2625
239215,qmof-850a307,5.21694,1.301912070723294,3562.450622605125,-0.188918,Ag,9.2625
239263,qmof-850a307,5.21694,1.301912070723294,3562.450622605125,-0.189074,N,5.3403
239310,qmof-850a307,5.21694,1.301912070723294,3562.450622605125,-0.188993,N,5.3404
239357,qmof-850a307,5.21694,1.301912070723294,3562.450622605125,-0.18942,N,5.3404
239404,qmof-850a307,5.21694,1.301912070723294,3562.450622605125,-0.22292,N,5.3404
239451,qmof-850a307,5.21694,1.301912070723294,3562.450622605125,-0.222541,N,5.3067
239499,qmof-850a307,5.21694,1.301912070723294,3562.450622605125,-0.222537,N,5.3069
239547,qmof-850a307,5.21694,1.301912070723294,3562.450622605125,-0.222689,N,5.3069
239595,qmof-850a307,5.21694,1.301912070723294,3562.450622605125,-0.193705,N,5.307
239643,qmof-850a307,5.21694,1.301912070723294,3562.450622605125,-0.19357,N,5.4101
239691,qmof-850a307,5.21694,1.301912070723294,3562.450622605125,-0.193629,N,5.4102
239739,qmof-850a307,5.21694,1.301912070723294,3562.450622605125,-0.193941,N,5.4102
239787,qmof-850a307,5.21694,1.301912070723294,3562.450622605125,-0.184352,N,5.4102
239835,qmof-850a307,5.21694,1.301912070723294,3562.450622605125,-0.184371,N,5.4147
239883,qmof-850a307,5.21694,1.301912070723294,3562.450622605125,-0.184392,N,5.4148
239931,qmof-850a307,5.21694,1.301912070723294,3562.450622605125,-0.184463,N,5.4147
239979,qmof-850a307,5.21694,1.301912070723294,3562.450622605125,0.101089,N,5.4147
241871,qmof-8955ecc,14.38163,0.7773401669917397,4733.156695388796,2.083784,Hf,2.3665
242099,qmof-8955ecc,14.38163,0.7773401669917397,4733.156695388796,2.161284,Hf,2.5234
242175,qmof-8955ecc,14.38163,0.7773401669917397,4733.156695388796,2.149701,Hf,2.5705
242251,qmof-8955ecc,14.38163,0.7773401669917397,4733.156695388796,-0.741485,Hf,2.5228
242403,qmof-8955ecc,14.38163,0.7773401669917397,4733.156695388796,-0.565201,O,7.8765
242479,qmof-8955ecc,14.38163,0.7773401669917397,4733.156695388796,-0.508114,O,8.2374
242555,qmof-8955ecc,14.38163,0.7773401669917397,4733.156695388796,-0.607748,O,7.9827
242631,qmof-8955ecc,14.38163,0.7773401669917397,4733.156695388796,-0.630182,O,7.9564
242707,qmof-8955ecc,14.38163,0.7773401669917397,4733.156695388796,-0.575792,O,8.0436
242783,qmof-8955ecc,14.38163,0.7773401669917397,4733.156695388796,-1.070312,O,7.9239
242859,qmof-8955ecc,14.38163,0.7773401669917397,4733.156695388796,-0.97758,O,7.5317
242935,qmof-8955ecc,14.38163,0.7773401669917397,4733.156695388796,-0.965849,O,7.2496
243011,qmof-8955ecc,14.38163,0.7773401669917397,4733.156695388796,-1.036833,O,7.3594
243087,qmof-8955ecc,14.38163,0.7773401669917397,4733.156695388796,-0.916155,O,7.6308
243163,qmof-8955ecc,14.38163,0.7773401669917397,4733.156695388796,-0.800728,O,7.7014
243239,qmof-8955ecc,14.38163,0.7773401669917397,4733.156695388796,-1.06448,O,7.9969
243315,qmof-8955ecc,14.38163,0.7773401669917397,4733.156695388796,-0.941341,O,7.6235
243391,qmof-8955ecc,14.38163,0.7773401669917397,4733.156695388796,-1.060135,O,7.3187
243467,qmof-8955ecc,14.38163,0.7773401669917397,4733.156695388796,-0.975205,O,7.4898
243543,qmof-8955ecc,14.38163,0.7773401669917397,4733.156695388796,-0.921586,O,7.3703
243619,qmof-8955ecc,14.38163,0.7773401669917397,4733.156695388796,-0.538293,O,7.531
243695,qmof-8955ecc,14.38163,0.7773401669917397,4733.156695388796,-0.629486,O,8.2828
243771,qmof-8955ecc,14.38163,0.7773401669917397,4733.156695388796,-0.905253,O,8.2563
243847,qmof-8955ecc,14.38163,0.7773401669917397,4733.156695388796,-0.601405,O,7.5429
243923,qmof-8955ecc,14.38163,0.7773401669917397,4733.156695388796,-0.779754,O,7.8582
244075,qmof-8955ecc,14.38163,0.7773401669917397,4733.156695388796,-0.794324,O,7.2014
244151,qmof-8955ecc,14.38163,0.7773401669917397,4733.156695388796,-0.547541,O,7.4613
244227,qmof-8955ecc,14.38163,0.7773401669917397,4733.156695388796,-0.737445,O,7.988
244379,qmof-8955ecc,14.38163,0.7773401669917397,4733.156695388796,-0.600607,O,7.4826
244455,qmof-8955ecc,14.38163,0.7773401669917397,4733.156695388796,-0.567158,O,8.1491
244531,qmof-8955ecc,14.38163,0.7773401669917397,4733.156695388796,-0.834003,O,8.0471
244607,qmof-8955ecc,14.38163,0.7773401669917397,4733.156695388796,-0.910427,O,7.3757
244683,qmof-8955ecc,14.38163,0.7773401669917397,4733.156695388796,0.418155,O,7.4497
244759,qmof-89882f7,5.72032,1.3792529620933864,5985.318276564174,2.072123,Hf,2.703
244835,qmof-89882f7,5.72032,1.3792529620933864,5985.318276564174,2.155219,Hf,2.6368
244911,qmof-89882f7,5.72032,1.3792529620933864,5985.318276564174,2.124063,Hf,2.638
244987,qmof-89882f7,5.72032,1.3792529620933864,5985.318276564174,2.123785,Hf,2.6257
245063,qmof-89882f7,5.72032,1.3792529620933864,5985.318276564174,2.144211,Hf,2.5473
245139,qmof-89882f7,5.72032,1.3792529620933864,5985.318276564174,2.097178,Hf,2.5868
245215,qmof-89882f7,5.72032,1.3792529620933864,5985.318276564174,2.082799,Hf,2.6911
245291,qmof-89882f7,5.72032,1.3792529620933864,5985.318276564174,2.147673,Hf,2.6752
245367,qmof-89882f7,5.72032,1.3792529620933864,5985.318276564174,2.156185,Hf,2.6395
245443,qmof-89882f7,5.72032,1.3792529620933864,5985.318276564174,2.1587,Hf,2.6491
245519,qmof-89882f7,5.72032,1.3792529620933864,5985.318276564174,2.147458,Hf,2.6227
245595,qmof-89882f7,5.72032,1.3792529620933864,5985.318276564174,-0.74601,Hf,2.5619
245747,qmof-89882f7,5.72032,1.3792529620933864,5985.318276564174,-0.605665,O,8.0208
245823,qmof-89882f7,5.72032,1.3792529620933864,5985.318276564174,-0.576421,O,8.119
245899,qmof-89882f7,5.72032,1.3792529620933864,5985.318276564174,-0.570704,O,8.1964
245975,qmof-89882f7,5.72032,1.3792529620933864,5985.318276564174,-0.592286,O,7.992
246051,qmof-89882f7,5.72032,1.3792529620933864,5985.318276564174,-0.58612,O,8.1351
246127,qmof-89882f7,5.72032,1.3792529620933864,5985.318276564174,-1.085734,O,8.195
246203,qmof-89882f7,5.72032,1.3792529620933864,5985.318276564174,-0.961682,O,7.7861
246279,qmof-89882f7,5.72032,1.3792529620933864,5985.318276564174,-0.946018,O,7.4437
246355,qmof-89882f7,5.72032,1.3792529620933864,5985.318276564174,-1.043564,O,7.3595
246431,qmof-89882f7,5.72032,1.3792529620933864,5985.318276564174,-0.912223,O,7.7961
246507,qmof-89882f7,5.72032,1.3792529620933864,5985.318276564174,-0.746483,O,7.606
246583,qmof-89882f7,5.72032,1.3792529620933864,5985.318276564174,-1.054506,O,7.285
246659,qmof-89882f7,5.72032,1.3792529620933864,5985.318276564174,-0.957328,O,7.7834
246735,qmof-89882f7,5.72032,1.3792529620933864,5985.318276564174,-1.070988,O,7.4408
246811,qmof-89882f7,5.72032,1.3792529620933864,5985.318276564174,-0.977884,O,7.7747
246887,qmof-89882f7,5.72032,1.3792529620933864,5985.318276564174,-0.923709,O,7.302
246963,qmof-89882f7,5.72032,1.3792529620933864,5985.318276564174,-0.528449,O,7.2328
247039,qmof-89882f7,5.72032,1.3792529620933864,5985.318276564174,-0.618779,O,7.9916
247115,qmof-89882f7,5.72032,1.3792529620933864,5985.318276564174,-0.952649,O,8.2145
247191,qmof-89882f7,5.72032,1.3792529620933864,5985.318276564174,-0.574414,O,7.2551
247267,qmof-89882f7,5.72032,1.3792529620933864,5985.318276564174,-0.883442,O,8.0165
247343,qmof-89882f7,5.72032,1.3792529620933864,5985.318276564174,-0.81725,O,7.6489
247419,qmof-89882f7,5.72032,1.3792529620933864,5985.318276564174,-0.781832,O,7.2236
247571,qmof-89882f7,5.72032,1.3792529620933864,5985.318276564174,-0.751148,O,7.9972
247799,qmof-89882f7,5.72032,1.3792529620933864,5985.318276564174,-0.619166,O,8.3662
247875,qmof-89882f7,5.72032,1.3792529620933864,5985.318276564174,-0.951562,O,8.2841
247951,qmof-89882f7,5.72032,1.3792529620933864,5985.318276564174,-0.960005,O,7.2927
248027,qmof-89882f7,5.72032,1.3792529620933864,5985.318276564174,-0.744056,O,7.7354
248179,qmof-89882f7,5.72032,1.3792529620933864,5985.318276564174,-0.590965,O,7.9549
248255,qmof-89882f7,5.72032,1.3792529620933864,5985.318276564174,-0.594859,O,8.2613
248331,qmof-89882f7,5.72032,1.3792529620933864,5985.318276564174,-0.590936,O,8.137
248407,qmof-89882f7,5.72032,1.3792529620933864,5985.318276564174,-0.601499,O,8.1723
248483,qmof-89882f7,5.72032,1.3792529620933864,5985.318276564174,-0.560108,O,8.1351
248559,qmof-89882f7,5.72032,1.3792529620933864,5985.318276564174,-1.069063,O,7.9844
248635,qmof-89882f7,5.72032,1.3792529620933864,5985.318276564174,-0.981603,O,7.7394
248711,qmof-89882f7,5.72032,1.3792529620933864,5985.318276564174,-0.950795,O,7.3456
248787,qmof-89882f7,5.72032,1.3792529620933864,5985.318276564174,-1.056832,O,7.4004
248863,qmof-89882f7,5.72032,1.3792529620933864,5985.318276564174,-0.88295,O,7.7262
248939,qmof-89882f7,5.72032,1.3792529620933864,5985.318276564174,-0.778702,O,7.5437
249091,qmof-89882f7,5.72032,1.3792529620933864,5985.318276564174,-0.96354,O,7.7452
249167,qmof-89882f7,5.72032,1.3792529620933864,5985.318276564174,-1.074806,O,7.3883
249243,qmof-89882f7,5.72032,1.3792529620933864,5985.318276564174,-0.979083,O,7.7131
249319,qmof-89882f7,5.72032,1.3792529620933864,5985.318276564174,-0.900625,O,7.3609
249395,qmof-89882f7,5.72032,1.3792529620933864,5985.318276564174,-0.54074,O,7.587
249471,qmof-89882f7,5.72032,1.3792529620933864,5985.318276564174,-0.619734,O,7.9798
249547,qmof-89882f7,5.72032,1.3792529620933864,5985.318276564174,-0.932858,O,8.1512
249623,qmof-89882f7,5.72032,1.3792529620933864,5985.318276564174,-0.556093,O,7.1645
249699,qmof-89882f7,5.72032,1.3792529620933864,5985.318276564174,-0.896819,O,8.0924
249775,qmof-89882f7,5.72032,1.3792529620933864,5985.318276564174,-0.774393,O,7.5365
249927,qmof-89882f7,5.72032,1.3792529620933864,5985.318276564174,-0.605274,O,7.355
250003,qmof-89882f7,5.72032,1.3792529620933864,5985.318276564174,-0.746694,O,8.1987
250155,qmof-89882f7,5.72032,1.3792529620933864,5985.318276564174,-0.620583,O,7.7019
250231,qmof-89882f7,5.72032,1.3792529620933864,5985.318276564174,-0.542189,O,8.1957
250307,qmof-89882f7,5.72032,1.3792529620933864,5985.318276564174,-0.791295,O,7.9877
250459,qmof-89882f7,5.72032,1.3792529620933864,5985.318276564174,0.432578,O,7.767
250535,qmof-8995d9d,5.49888,0.638025349364424,6925.614333202588,2.371464,Zr,3.263
250573,qmof-8995d9d,5.49888,0.638025349364424,6925.614333202588,2.37143,Zr,3.2586
250611,qmof-8995d9d,5.49888,0.638025349364424,6925.614333202588,2.372185,Zr,3.2536
250649,qmof-8995d9d,5.49888,0.638025349364424,6925.614333202588,2.371777,Zr,3.2583
250687,qmof-8995d9d,5.49888,0.638025349364424,6925.614333202588,2.371429,Zr,3.2537
250725,qmof-8995d9d,5.49888,0.638025349364424,6925.614333202588,-0.59175,Zr,3.257
250763,qmof-8995d9d,5.49888,0.638025349364424,6925.614333202588,-0.591918,O,8.2804
250801,qmof-8995d9d,5.49888,0.638025349364424,6925.614333202588,-0.594646,O,8.2095
250839,qmof-8995d9d,5.49888,0.638025349364424,6925.614333202588,-0.593893,O,8.2106
250877,qmof-8995d9d,5.49888,0.638025349364424,6925.614333202588,-0.634577,O,8.2268
250915,qmof-8995d9d,5.49888,0.638025349364424,6925.614333202588,-0.640719,O,8.108
250953,qmof-8995d9d,5.49888,0.638025349364424,6925.614333202588,-0.640797,O,8.0111
250991,qmof-8995d9d,5.49888,0.638025349364424,6925.614333202588,-0.62871,O,8.0087
251029,qmof-8995d9d,5.49888,0.638025349364424,6925.614333202588,-1.152156,O,8.1533
251067,qmof-8995d9d,5.49888,0.638025349364424,6925.614333202588,-1.153237,O,8.289
251105,qmof-8995d9d,5.49888,0.638025349364424,6925.614333202588,-1.072252,O,8.2941
251143,qmof-8995d9d,5.49888,0.638025349364424,6925.614333202588,-1.074969,O,7.7759
251181,qmof-8995d9d,5.49888,0.638025349364424,6925.614333202588,-0.593624,O,7.7146
251219,qmof-8995d9d,5.49888,0.638025349364424,6925.614333202588,-0.598868,O,8.2442
251257,qmof-8995d9d,5.49888,0.638025349364424,6925.614333202588,-0.59088,O,8.2134
251295,qmof-8995d9d,5.49888,0.638025349364424,6925.614333202588,-0.597437,O,8.2147
251333,qmof-8995d9d,5.49888,0.638025349364424,6925.614333202588,-0.598008,O,8.2265
251371,qmof-8995d9d,5.49888,0.638025349364424,6925.614333202588,-0.597909,O,8.2099
251409,qmof-8995d9d,5.49888,0.638025349364424,6925.614333202588,-0.593787,O,8.2176
251447,qmof-8995d9d,5.49888,0.638025349364424,6925.614333202588,-0.599437,O,8.2337
251485,qmof-8995d9d,5.49888,0.638025349364424,6925.614333202588,-0.633068,O,8.207
251523,qmof-8995d9d,5.49888,0.638025349364424,6925.614333202588,-0.641063,O,8.1146
251561,qmof-8995d9d,5.49888,0.638025349364424,6925.614333202588,-0.640068,O,8.022
251599,qmof-8995d9d,5.49888,0.638025349364424,6925.614333202588,-0.637115,O,8.0021
251637,qmof-8995d9d,5.49888,0.638025349364424,6925.614333202588,-0.641094,O,8.0969
251675,qmof-8995d9d,5.49888,0.638025349364424,6925.614333202588,-0.633193,O,8.0238
251713,qmof-8995d9d,5.49888,0.638025349364424,6925.614333202588,-0.633463,O,8.1087
251751,qmof-8995d9d,5.49888,0.638025349364424,6925.614333202588,-0.640373,O,8.1173
251789,qmof-8995d9d,5.49888,0.638025349364424,6925.614333202588,-1.151756,O,8.0288
251827,qmof-8995d9d,5.49888,0.638025349364424,6925.614333202588,-1.152859,O,8.3057
251865,qmof-8995d9d,5.49888,0.638025349364424,6925.614333202588,-1.074432,O,8.292
251903,qmof-8995d9d,5.49888,0.638025349364424,6925.614333202588,-1.073466,O,7.7205
251941,qmof-8995d9d,5.49888,0.638025349364424,6925.614333202588,0.422972,O,7.7224
251979,qmof-8eb67f4,5.57623,0.8034823657790713,4977.887620906113,2.372642,Zr,3.2457
252017,qmof-8eb67f4,5.57623,0.8034823657790713,4977.887620906113,2.372538,Zr,3.2452
252055,qmof-8eb67f4,5.57623,0.8034823657790713,4977.887620906113,2.372914,Zr,3.2455
252093,qmof-8eb67f4,5.57623,0.8034823657790713,4977.887620906113,2.372432,Zr,3.2459
252131,qmof-8eb67f4,5.57623,0.8034823657790713,4977.887620906113,2.37291,Zr,3.2436
252169,qmof-8eb67f4,5.57623,0.8034823657790713,4977.887620906113,-0.617853,Zr,3.2442
252207,qmof-8eb67f4,5.57623,0.8034823657790713,4977.887620906113,-0.617331,O,8.1715
252245,qmof-8eb67f4,5.57623,0.8034823657790713,4977.887620906113,-0.617027,O,8.1716
252283,qmof-8eb67f4,5.57623,0.8034823657790713,4977.887620906113,-0.617838,O,8.1706
252321,qmof-8eb67f4,5.57623,0.8034823657790713,4977.887620906113,-0.624786,O,8.1695
252359,qmof-8eb67f4,5.57623,0.8034823657790713,4977.887620906113,-0.617376,O,8.122
252397,qmof-8eb67f4,5.57623,0.8034823657790713,4977.887620906113,-0.624762,O,8.1794
252435,qmof-8eb67f4,5.57623,0.8034823657790713,4977.887620906113,-0.617281,O,8.1223
252473,qmof-8eb67f4,5.57623,0.8034823657790713,4977.887620906113,-0.617475,O,8.1778
252511,qmof-8eb67f4,5.57623,0.8034823657790713,4977.887620906113,-0.616759,O,8.1688
252549,qmof-8eb67f4,5.57623,0.8034823657790713,4977.887620906113,-0.617396,O,8.1684
252587,qmof-8eb67f4,5.57623,0.8034823657790713,4977.887620906113,-0.617075,O,8.1676
252625,qmof-8eb67f4,5.57623,0.8034823657790713,4977.887620906113,-0.618952,O,8.1684
252663,qmof-8eb67f4,5.57623,0.8034823657790713,4977.887620906113,-0.618942,O,8.1619
252701,qmof-8eb67f4,5.57623,0.8034823657790713,4977.887620906113,-0.618612,O,8.1623
252739,qmof-8eb67f4,5.57623,0.8034823657790713,4977.887620906113,-0.619051,O,8.159
252777,qmof-8eb67f4,5.57623,0.8034823657790713,4977.887620906113,-0.626103,O,8.1586
252815,qmof-8eb67f4,5.57623,0.8034823657790713,4977.887620906113,-0.619953,O,8.1223
252853,qmof-8eb67f4,5.57623,0.8034823657790713,4977.887620906113,-0.625841,O,8.1688
252891,qmof-8eb67f4,5.57623,0.8034823657790713,4977.887620906113,-0.619774,O,8.1227
252929,qmof-8eb67f4,5.57623,0.8034823657790713,4977.887620906113,-0.619763,O,8.1679
252967,qmof-8eb67f4,5.57623,0.8034823657790713,4977.887620906113,-0.618733,O,8.1585
253005,qmof-8eb67f4,5.57623,0.8034823657790713,4977.887620906113,-0.618212,O,8.1607
253043,qmof-8eb67f4,5.57623,0.8034823657790713,4977.887620906113,-0.619265,O,8.1599
253081,qmof-8eb67f4,5.57623,0.8034823657790713,4977.887620906113,-1.070209,O,8.1578
253119,qmof-8eb67f4,5.57623,0.8034823657790713,4977.887620906113,-1.070532,O,7.7291
253157,qmof-8eb67f4,5.57623,0.8034823657790713,4977.887620906113,-1.068025,O,7.7291
253195,qmof-8eb67f4,5.57623,0.8034823657790713,4977.887620906113,-1.067207,O,7.7197
253233,qmof-8eb67f4,5.57623,0.8034823657790713,4977.887620906113,-1.149132,O,7.7206
253271,qmof-8eb67f4,5.57623,0.8034823657790713,4977.887620906113,-1.149203,O,8.2818
253309,qmof-8eb67f4,5.57623,0.8034823657790713,4977.887620906113,-1.148783,O,8.2823
253347,qmof-8eb67f4,5.57623,0.8034823657790713,4977.887620906113,-1.148044,O,8.2719
253385,qmof-8eb67f4,5.57623,0.8034823657790713,4977.887620906113,0.423076,O,8.2725
253423,qmof-8f8d1f6,3.65865,1.96117941777798,3301.162669403985,2.095795,Hf,2.7536
253499,qmof-8f8d1f6,3.65865,1.96117941777798,3301.162669403985,2.141545,Hf,2.6999
253575,qmof-8f8d1f6,3.65865,1.96117941777798,3301.162669403985,2.149205,Hf,2.6231
253651,qmof-8f8d1f6,3.65865,1.96117941777798,3301.162669403985,2.136979,Hf,2.6664
253727,qmof-8f8d1f6,3.65865,1.96117941777798,3301.162669403985,2.159633,Hf,2.6077
253803,qmof-8f8d1f6,3.65865,1.96117941777798,3301.162669403985,2.128199,Hf,2.6313
253879,qmof-8f8d1f6,3.65865,1.96117941777798,3301.162669403985,2.094984,Hf,2.7526
253955,qmof-8f8d1f6,3.65865,1.96117941777798,3301.162669403985,2.141566,Hf,2.6999
254031,qmof-8f8d1f6,3.65865,1.96117941777798,3301.162669403985,2.149328,Hf,2.6233
254107,qmof-8f8d1f6,3.65865,1.96117941777798,3301.162669403985,2.137882,Hf,2.6655
254183,qmof-8f8d1f6,3.65865,1.96117941777798,3301.162669403985,2.160553,Hf,2.6071
254259,qmof-8f8d1f6,3.65865,1.96117941777798,3301.162669403985,-0.795948,Hf,2.6307
254335,qmof-8f8d1f6,3.65865,1.96117941777798,3301.162669403985,-0.564156,O,7.2125
254411,qmof-8f8d1f6,3.65865,1.96117941777798,3301.162669403985,-0.593503,O,7.8636
254487,qmof-8f8d1f6,3.65865,1.96117941777798,3301.162669403985,-0.601275,O,8.0053
254563,qmof-8f8d1f6,3.65865,1.96117941777798,3301.162669403985,-0.580244,O,7.9959
254639,qmof-8f8d1f6,3.65865,1.96117941777798,3301.162669403985,-0.56402,O,7.9319
254715,qmof-8f8d1f6,3.65865,1.96117941777798,3301.162669403985,-0.588121,O,7.9514
254791,qmof-8f8d1f6,3.65865,1.96117941777798,3301.162669403985,-1.091134,O,7.974
254867,qmof-8f8d1f6,3.65865,1.96117941777798,3301.162669403985,-0.986873,O,7.7227
254943,qmof-8f8d1f6,3.65865,1.96117941777798,3301.162669403985,-0.950019,O,7.3863
255019,qmof-8f8d1f6,3.65865,1.96117941777798,3301.162669403985,-1.034601,O,7.3718
255095,qmof-8f8d1f6,3.65865,1.96117941777798,3301.162669403985,-0.881863,O,7.7262
255171,qmof-8f8d1f6,3.65865,1.96117941777798,3301.162669403985,-0.799332,O,7.5114
255323,qmof-8f8d1f6,3.65865,1.96117941777798,3301.162669403985,-0.93589,O,7.7921
255399,qmof-8f8d1f6,3.65865,1.96117941777798,3301.162669403985,-1.083135,O,7.4575
255475,qmof-8f8d1f6,3.65865,1.96117941777798,3301.162669403985,-0.988419,O,7.6703
255551,qmof-8f8d1f6,3.65865,1.96117941777798,3301.162669403985,-0.898013,O,7.3228
255627,qmof-8f8d1f6,3.65865,1.96117941777798,3301.162669403985,-0.563254,O,7.5363
255703,qmof-8f8d1f6,3.65865,1.96117941777798,3301.162669403985,-0.598739,O,7.9986
255779,qmof-8f8d1f6,3.65865,1.96117941777798,3301.162669403985,-0.88991,O,8.1456
255855,qmof-8f8d1f6,3.65865,1.96117941777798,3301.162669403985,-0.553611,O,7.6307
255931,qmof-8f8d1f6,3.65865,1.96117941777798,3301.162669403985,-0.890864,O,7.8919
256007,qmof-8f8d1f6,3.65865,1.96117941777798,3301.162669403985,-0.80874,O,7.628
256083,qmof-8f8d1f6,3.65865,1.96117941777798,3301.162669403985,-0.800778,O,7.253
256159,qmof-8f8d1f6,3.65865,1.96117941777798,3301.162669403985,-0.617449,O,7.2205
256235,qmof-8f8d1f6,3.65865,1.96117941777798,3301.162669403985,-0.744559,O,8.1042
256387,qmof-8f8d1f6,3.65865,1.96117941777798,3301.162669403985,-0.623626,O,7.7115
256463,qmof-8f8d1f6,3.65865,1.96117941777798,3301.162669403985,-0.542017,O,8.0586
256539,qmof-8f8d1f6,3.65865,1.96117941777798,3301.162669403985,-0.781821,O,7.8634
256691,qmof-8f8d1f6,3.65865,1.96117941777798,3301.162669403985,-0.796372,O,7.2634
256767,qmof-8f8d1f6,3.65865,1.96117941777798,3301.162669403985,-0.564839,O,7.2132
256843,qmof-8f8d1f6,3.65865,1.96117941777798,3301.162669403985,-0.592793,O,7.864
256919,qmof-8f8d1f6,3.65865,1.96117941777798,3301.162669403985,-0.601348,O,8.0056
256995,qmof-8f8d1f6,3.65865,1.96117941777798,3301.162669403985,-0.579692,O,8.0127
257071,qmof-8f8d1f6,3.65865,1.96117941777798,3301.162669403985,-0.564341,O,7.9307
257147,qmof-8f8d1f6,3.65865,1.96117941777798,3301.162669403985,-0.588874,O,7.9525
257223,qmof-8f8d1f6,3.65865,1.96117941777798,3301.162669403985,-1.090944,O,7.9715
257299,qmof-8f8d1f6,3.65865,1.96117941777798,3301.162669403985,-0.984891,O,7.721
257375,qmof-8f8d1f6,3.65865,1.96117941777798,3301.162669403985,-0.951477,O,7.3655
257451,qmof-8f8d1f6,3.65865,1.96117941777798,3301.162669403985,-1.033727,O,7.371
257527,qmof-8f8d1f6,3.65865,1.96117941777798,3301.162669403985,-0.881104,O,7.7244
257603,qmof-8f8d1f6,3.65865,1.96117941777798,3301.162669403985,-0.799279,O,7.5062
257755,qmof-8f8d1f6,3.65865,1.96117941777798,3301.162669403985,-0.936128,O,7.7986
257831,qmof-8f8d1f6,3.65865,1.96117941777798,3301.162669403985,-1.082038,O,7.4582
257907,qmof-8f8d1f6,3.65865,1.96117941777798,3301.162669403985,-0.988543,O,7.6698
257983,qmof-8f8d1f6,3.65865,1.96117941777798,3301.162669403985,-0.898383,O,7.3227
258059,qmof-8f8d1f6,3.65865,1.96117941777798,3301.162669403985,-0.563978,O,7.5363
258135,qmof-8f8d1f6,3.65865,1.96117941777798,3301.162669403985,-0.598044,O,7.9958
258211,qmof-8f8d1f6,3.65865,1.96117941777798,3301.162669403985,-0.891001,O,8.1453
258287,qmof-8f8d1f6,3.65865,1.96117941777798,3301.162669403985,-0.554356,O,7.6306
258363,qmof-8f8d1f6,3.65865,1.96117941777798,3301.162669403985,-0.891362,O,7.8927
258439,qmof-8f8d1f6,3.65865,1.96117941777798,3301.162669403985,-0.808343,O,7.6286
258515,qmof-8f8d1f6,3.65865,1.96117941777798,3301.162669403985,-0.800511,O,7.2525
258591,qmof-8f8d1f6,3.65865,1.96117941777798,3301.162669403985,-0.618496,O,7.2207
258667,qmof-8f8d1f6,3.65865,1.96117941777798,3301.162669403985,-0.744881,O,8.1043
258819,qmof-8f8d1f6,3.65865,1.96117941777798,3301.162669403985,-0.624435,O,7.7094
258895,qmof-8f8d1f6,3.65865,1.96117941777798,3301.162669403985,-0.54244,O,8.0572
258971,qmof-8f8d1f6,3.65865,1.96117941777798,3301.162669403985,-0.781949,O,7.8625
259123,qmof-8f8d1f6,3.65865,1.96117941777798,3301.162669403985,0.148794,O,7.2627
259199,qmof-918bad7,3.77855,1.9444099455779096,2582.0256346540987,0.272867,Ag,8.9094
259247,qmof-918bad7,3.77855,1.9444099455779096,2582.0256346540987,0.272863,Ag,8.9095
259295,qmof-918bad7,3.77855,1.9444099455779096,2582.0256346540987,0.272885,Ag,8.9095
259343,qmof-918bad7,3.77855,1.9444099455779096,2582.0256346540987,0.268506,Ag,8.9094
259391,qmof-918bad7,3.77855,1.9444099455779096,2582.0256346540987,0.268424,Ag,8.5743
259439,qmof-918bad7,3.77855,1.9444099455779096,2582.0256346540987,0.268508,Ag,8.5743
259487,qmof-918bad7,3.77855,1.9444099455779096,2582.0256346540987,0.268523,Ag,8.5743
259535,qmof-918bad7,3.77855,1.9444099455779096,2582.0256346540987,0.268464,Ag,8.5742
259583,qmof-918bad7,3.77855,1.9444099455779096,2582.0256346540987,0.268489,Ag,8.5743
259631,qmof-918bad7,3.77855,1.9444099455779096,2582.0256346540987,0.268491,Ag,8.5743
259679,qmof-918bad7,3.77855,1.9444099455779096,2582.0256346540987,0.268567,Ag,8.5742
259727,qmof-918bad7,3.77855,1.9444099455779096,2582.0256346540987,0.257011,Ag,8.5742
259775,qmof-918bad7,3.77855,1.9444099455779096,2582.0256346540987,0.256976,Ag,8.6899
259823,qmof-918bad7,3.77855,1.9444099455779096,2582.0256346540987,0.256982,Ag,8.6899
259871,qmof-918bad7,3.77855,1.9444099455779096,2582.0256346540987,0.257051,Ag,8.6898
259919,qmof-918bad7,3.77855,1.9444099455779096,2582.0256346540987,-0.300534,Ag,8.6899
259967,qmof-918bad7,3.77855,1.9444099455779096,2582.0256346540987,-0.300605,N,5.452
260015,qmof-918bad7,3.77855,1.9444099455779096,2582.0256346540987,-0.300565,N,5.452
260063,qmof-918bad7,3.77855,1.9444099455779096,2582.0256346540987,-0.300539,N,5.452
260111,qmof-918bad7,3.77855,1.9444099455779096,2582.0256346540987,-0.300629,N,5.452
260159,qmof-918bad7,3.77855,1.9444099455779096,2582.0256346540987,-0.300547,N,5.452
260207,qmof-918bad7,3.77855,1.9444099455779096,2582.0256346540987,-0.300508,N,5.452
260255,qmof-918bad7,3.77855,1.9444099455779096,2582.0256346540987,-0.300608,N,5.452
260303,qmof-918bad7,3.77855,1.9444099455779096,2582.0256346540987,-0.314473,N,5.452
260351,qmof-918bad7,3.77855,1.9444099455779096,2582.0256346540987,-0.314387,N,5.4103
260399,qmof-918bad7,3.77855,1.9444099455779096,2582.0256346540987,-0.314461,N,5.4102
260447,qmof-918bad7,3.77855,1.9444099455779096,2582.0256346540987,-0.314425,N,5.4102
260495,qmof-918bad7,3.77855,1.9444099455779096,2582.0256346540987,-0.314463,N,5.4103
260543,qmof-918bad7,3.77855,1.9444099455779096,2582.0256346540987,-0.314478,N,5.4103
260591,qmof-918bad7,3.77855,1.9444099455779096,2582.0256346540987,-0.314268,N,5.4103
260639,qmof-918bad7,3.77855,1.9444099455779096,2582.0256346540987,-0.31445,N,5.4103
260687,qmof-918bad7,3.77855,1.9444099455779096,2582.0256346540987,-0.307704,N,5.4103
260735,qmof-918bad7,3.77855,1.9444099455779096,2582.0256346540987,-0.307551,N,5.4349
260783,qmof-918bad7,3.77855,1.9444099455779096,2582.0256346540987,-0.30764,N,5.4348
260831,qmof-918bad7,3.77855,1.9444099455779096,2582.0256346540987,-0.307712,N,5.4348
260879,qmof-918bad7,3.77855,1.9444099455779096,2582.0256346540987,-0.307641,N,5.4349
260927,qmof-918bad7,3.77855,1.9444099455779096,2582.0256346540987,-0.307604,N,5.4349
260975,qmof-918bad7,3.77855,1.9444099455779096,2582.0256346540987,-0.307647,N,5.4348
261023,qmof-918bad7,3.77855,1.9444099455779096,2582.0256346540987,-0.307769,N,5.4349
261071,qmof-918bad7,3.77855,1.9444099455779096,2582.0256346540987,-0.31321,N,5.4349
261119,qmof-918bad7,3.77855,1.9444099455779096,2582.0256346540987,-0.313077,N,5.4738
261167,qmof-918bad7,3.77855,1.9444099455779096,2582.0256346540987,-0.313228,N,5.4738
261215,qmof-918bad7,3.77855,1.9444099455779096,2582.0256346540987,-0.313098,N,5.4738
261263,qmof-918bad7,3.77855,1.9444099455779096,2582.0256346540987,-0.312987,N,5.4738
261311,qmof-918bad7,3.77855,1.9444099455779096,2582.0256346540987,-0.313066,N,5.4738
261359,qmof-918bad7,3.77855,1.9444099455779096,2582.0256346540987,-0.31319,N,5.4738
261407,qmof-918bad7,3.77855,1.9444099455779096,2582.0256346540987,-0.3132,N,5.4738
261455,qmof-918bad7,3.77855,1.9444099455779096,2582.0256346540987,0.099614,N,5.4738
261503,qmof-91b0193,4.83452,1.17599643119178,2012.455762704263,1.049298,Ni,10.3284
261530,qmof-91b0193,4.83452,1.17599643119178,2012.455762704263,1.049807,Ni,10.328
261557,qmof-91b0193,4.83452,1.17599643119178,2012.455762704263,-0.51616,Ni,10.328
261584,qmof-91b0193,4.83452,1.17599643119178,2012.455762704263,-0.497233,O,7.929
261611,qmof-91b0193,4.83452,1.17599643119178,2012.455762704263,-0.482172,O,7.8027
261638,qmof-91b0193,4.83452,1.17599643119178,2012.455762704263,-0.3732,O,7.6892
261665,qmof-91b0193,4.83452,1.17599643119178,2012.455762704263,-0.516278,O,7.4317
261692,qmof-91b0193,4.83452,1.17599643119178,2012.455762704263,-0.497044,O,7.9313
261719,qmof-91b0193,4.83452,1.17599643119178,2012.455762704263,-0.48249,O,7.8028
261746,qmof-91b0193,4.83452,1.17599643119178,2012.455762704263,-0.373042,O,7.6889
261773,qmof-91b0193,4.83452,1.17599643119178,2012.455762704263,-0.516209,O,7.4326
261800,qmof-91b0193,4.83452,1.17599643119178,2012.455762704263,-0.496881,O,7.929
261827,qmof-91b0193,4.83452,1.17599643119178,2012.455762704263,-0.482037,O,7.8039
261854,qmof-91b0193,4.83452,1.17599643119178,2012.455762704263,-0.373566,O,7.6892
261881,qmof-91b0193,4.83452,1.17599643119178,2012.455762704263,-0.51583,O,7.4322
261908,qmof-91b0193,4.83452,1.17599643119178,2012.455762704263,-0.497134,O,7.9297
261935,qmof-91b0193,4.83452,1.17599643119178,2012.455762704263,-0.482087,O,7.8027
261962,qmof-91b0193,4.83452,1.17599643119178,2012.455762704263,-0.373075,O,7.6894
261989,qmof-91b0193,4.83452,1.17599643119178,2012.455762704263,-0.516025,O,7.4326
262016,qmof-91b0193,4.83452,1.17599643119178,2012.455762704263,-0.49703,O,7.9304
262043,qmof-91b0193,4.83452,1.17599643119178,2012.455762704263,-0.482291,O,7.8024
262070,qmof-91b0193,4.83452,1.17599643119178,2012.455762704263,-0.373431,O,7.6891
262097,qmof-91b0193,4.83452,1.17599643119178,2012.455762704263,-0.516269,O,7.4318
262124,qmof-91b0193,4.83452,1.17599643119178,2012.455762704263,-0.497056,O,7.9288
262151,qmof-91b0193,4.83452,1.17599643119178,2012.455762704263,-0.482271,O,7.804
262178,qmof-91b0193,4.83452,1.17599643119178,2012.455762704263,-0.373542,O,7.6894
262205,qmof-91b0193,4.83452,1.17599643119178,2012.455762704263,0.14364,O,7.4323
262232,qmof-93f225f,4.98821,1.0114977588954202,4881.229081233866,2.370348,Zr,3.2169
262300,qmof-93f225f,4.98821,1.0114977588954202,4881.229081233866,2.377678,Zr,3.2169
262368,qmof-93f225f,4.98821,1.0114977588954202,4881.229081233866,2.377218,Zr,3.2509
262436,qmof-93f225f,4.98821,1.0114977588954202,4881.229081233866,2.367226,Zr,3.251
262504,qmof-93f225f,4.98821,1.0114977588954202,4881.229081233866,2.371361,Zr,3.2138
262572,qmof-93f225f,4.98821,1.0114977588954202,4881.229081233866,-0.624152,Zr,3.2147
262640,qmof-93f225f,4.98821,1.0114977588954202,4881.229081233866,-0.625298,O,8.0644
262708,qmof-93f225f,4.98821,1.0114977588954202,4881.229081233866,-0.623339,O,8.0642
262776,qmof-93f225f,4.98821,1.0114977588954202,4881.229081233866,-0.62342,O,8.0816
262844,qmof-93f225f,4.98821,1.0114977588954202,4881.229081233866,-0.625956,O,8.0814
262912,qmof-93f225f,4.98821,1.0114977588954202,4881.229081233866,-0.626539,O,8.0427
262980,qmof-93f225f,4.98821,1.0114977588954202,4881.229081233866,-0.62491,O,8.128
263048,qmof-93f225f,4.98821,1.0114977588954202,4881.229081233866,-0.626819,O,8.0424
263116,qmof-93f225f,4.98821,1.0114977588954202,4881.229081233866,-0.636714,O,8.1273
263184,qmof-93f225f,4.98821,1.0114977588954202,4881.229081233866,-0.622578,O,8.0607
263252,qmof-93f225f,4.98821,1.0114977588954202,4881.229081233866,-0.623265,O,8.0802
263320,qmof-93f225f,4.98821,1.0114977588954202,4881.229081233866,-0.637127,O,8.0796
263388,qmof-93f225f,4.98821,1.0114977588954202,4881.229081233866,-0.625774,O,8.0611
263456,qmof-93f225f,4.98821,1.0114977588954202,4881.229081233866,-0.626626,O,8.3206
263524,qmof-93f225f,4.98821,1.0114977588954202,4881.229081233866,-0.601066,O,8.3201
263592,qmof-93f225f,4.98821,1.0114977588954202,4881.229081233866,-0.600227,O,8.0768
263660,qmof-93f225f,4.98821,1.0114977588954202,4881.229081233866,-0.622767,O,8.0762
263728,qmof-93f225f,4.98821,1.0114977588954202,4881.229081233866,-0.615078,O,8.2585
263796,qmof-93f225f,4.98821,1.0114977588954202,4881.229081233866,-0.621997,O,8.3056
263864,qmof-93f225f,4.98821,1.0114977588954202,4881.229081233866,-0.614501,O,8.2583
263932,qmof-93f225f,4.98821,1.0114977588954202,4881.229081233866,-0.619235,O,8.3057
264000,qmof-93f225f,4.98821,1.0114977588954202,4881.229081233866,-0.613415,O,8.3072
264068,qmof-93f225f,4.98821,1.0114977588954202,4881.229081233866,-0.613368,O,8.2902
264136,qmof-93f225f,4.98821,1.0114977588954202,4881.229081233866,-0.619455,O,8.2904
264204,qmof-93f225f,4.98821,1.0114977588954202,4881.229081233866,-1.077321,O,8.3065
264272,qmof-93f225f,4.98821,1.0114977588954202,4881.229081233866,-1.078124,O,7.7984
264340,qmof-93f225f,4.98821,1.0114977588954202,4881.229081233866,-1.076061,O,7.7988
264408,qmof-93f225f,4.98821,1.0114977588954202,4881.229081233866,-1.076574,O,7.8181
264476,qmof-93f225f,4.98821,1.0114977588954202,4881.229081233866,-1.143838,O,7.8183
264544,qmof-93f225f,4.98821,1.0114977588954202,4881.229081233866,-1.143639,O,8.3665
264612,qmof-93f225f,4.98821,1.0114977588954202,4881.229081233866,-1.141329,O,8.3674
264680,qmof-93f225f,4.98821,1.0114977588954202,4881.229081233866,-1.141335,O,8.362
264748,qmof-93f225f,4.98821,1.0114977588954202,4881.229081233866,-0.536281,O,8.3629
264816,qmof-93f225f,4.98821,1.0114977588954202,4881.229081233866,-0.506581,O,7.4507
264884,qmof-93f225f,4.98821,1.0114977588954202,4881.229081233866,-0.540185,O,8.6934
265020,qmof-93f225f,4.98821,1.0114977588954202,4881.229081233866,-0.513635,O,7.5286
265088,qmof-93f225f,4.98821,1.0114977588954202,4881.229081233866,-0.540874,O,8.6996
265224,qmof-93f225f,4.98821,1.0114977588954202,4881.229081233866,-0.513148,O,7.5276
265292,qmof-93f225f,4.98821,1.0114977588954202,4881.229081233866,-0.541144,O,8.6999
265428,qmof-93f225f,4.98821,1.0114977588954202,4881.229081233866,-0.50599,O,7.451
265496,qmof-93f225f,4.98821,1.0114977588954202,4881.229081233866,-0.540407,O,8.6935
265632,qmof-93f225f,4.98821,1.0114977588954202,4881.229081233866,-0.511716,O,7.4957
265700,qmof-93f225f,4.98821,1.0114977588954202,4881.229081233866,-0.541719,O,8.7022
265836,qmof-93f225f,4.98821,1.0114977588954202,4881.229081233866,-0.508419,O,7.4654
265904,qmof-93f225f,4.98821,1.0114977588954202,4881.229081233866,-0.539846,O,8.6989
266040,qmof-93f225f,4.98821,1.0114977588954202,4881.229081233866,-0.508333,O,7.4663
266108,qmof-93f225f,4.98821,1.0114977588954202,4881.229081233866,-0.539464,O,8.6994
266244,qmof-93f225f,4.98821,1.0114977588954202,4881.229081233866,-0.510997,O,7.4948
266312,qmof-93f225f,4.98821,1.0114977588954202,4881.229081233866,-0.541834,O,8.7019
266448,qmof-93f225f,4.98821,1.0114977588954202,4881.229081233866,-0.502932,O,7.4314
266516,qmof-93f225f,4.98821,1.0114977588954202,4881.229081233866,-0.541635,O,8.7096
266652,qmof-93f225f,4.98821,1.0114977588954202,4881.229081233866,-0.502652,O,7.4309
266720,qmof-93f225f,4.98821,1.0114977588954202,4881.229081233866,-0.541797,O,8.7098
266856,qmof-940f796,3.31953,1.547325001986576,2302.900186591684,2.379802,Zr,3.2532
266894,qmof-940f796,3.31953,1.547325001986576,2302.900186591684,2.380285,Zr,3.2614
266932,qmof-940f796,3.31953,1.547325001986576,2302.900186591684,2.37853,Zr,3.2612
266970,qmof-940f796,3.31953,1.547325001986576,2302.900186591684,2.378228,Zr,3.2539
267008,qmof-940f796,3.31953,1.547325001986576,2302.900186591684,2.380924,Zr,3.2574
267046,qmof-940f796,3.31953,1.547325001986576,2302.900186591684,-0.60197,Zr,3.2598
267084,qmof-940f796,3.31953,1.547325001986576,2302.900186591684,-0.607863,O,8.1877
267122,qmof-940f796,3.31953,1.547325001986576,2302.900186591684,-0.60295,O,8.0535
267160,qmof-940f796,3.31953,1.547325001986576,2302.900186591684,-0.605707,O,8.1197
267198,qmof-940f796,3.31953,1.547325001986576,2302.900186591684,-0.598595,O,8.0658
267236,qmof-940f796,3.31953,1.547325001986576,2302.900186591684,-0.609024,O,8.1642
267274,qmof-940f796,3.31953,1.547325001986576,2302.900186591684,-0.606852,O,8.0414
267312,qmof-940f796,3.31953,1.547325001986576,2302.900186591684,-0.605795,O,8.1759
267350,qmof-940f796,3.31953,1.547325001986576,2302.900186591684,-0.606181,O,8.0357
267388,qmof-940f796,3.31953,1.547325001986576,2302.900186591684,-0.595904,O,8.0534
267426,qmof-940f796,3.31953,1.547325001986576,2302.900186591684,-0.606386,O,8.1556
267464,qmof-940f796,3.31953,1.547325001986576,2302.900186591684,-0.597122,O,8.0394
267502,qmof-940f796,3.31953,1.547325001986576,2302.900186591684,-0.603902,O,8.1392
267540,qmof-940f796,3.31953,1.547325001986576,2302.900186591684,-0.605413,O,8.121
267578,qmof-940f796,3.31953,1.547325001986576,2302.900186591684,-0.601876,O,8.0661
267616,qmof-940f796,3.31953,1.547325001986576,2302.900186591684,-0.608248,O,8.1874
267654,qmof-940f796,3.31953,1.547325001986576,2302.900186591684,-0.607149,O,8.054
267692,qmof-940f796,3.31953,1.547325001986576,2302.900186591684,-0.605732,O,8.174
267730,qmof-940f796,3.31953,1.547325001986576,2302.900186591684,-0.597958,O,8.0376
267768,qmof-940f796,3.31953,1.547325001986576,2302.900186591684,-0.608845,O,8.163
267806,qmof-940f796,3.31953,1.547325001986576,2302.900186591684,-0.606886,O,8.0415
267844,qmof-940f796,3.31953,1.547325001986576,2302.900186591684,-0.597969,O,8.0383
267882,qmof-940f796,3.31953,1.547325001986576,2302.900186591684,-0.605756,O,8.1471
267920,qmof-940f796,3.31953,1.547325001986576,2302.900186591684,-0.595827,O,8.0522
267958,qmof-940f796,3.31953,1.547325001986576,2302.900186591684,-1.07111,O,8.155
267996,qmof-940f796,3.31953,1.547325001986576,2302.900186591684,-1.07513,O,7.7223
268034,qmof-940f796,3.31953,1.547325001986576,2302.900186591684,-1.075627,O,7.7087
268072,qmof-940f796,3.31953,1.547325001986576,2302.900186591684,-1.075108,O,7.726
268110,qmof-940f796,3.31953,1.547325001986576,2302.900186591684,-1.155605,O,7.7263
268148,qmof-940f796,3.31953,1.547325001986576,2302.900186591684,-1.151666,O,8.2557
268186,qmof-940f796,3.31953,1.547325001986576,2302.900186591684,-1.152121,O,8.2698
268224,qmof-940f796,3.31953,1.547325001986576,2302.900186591684,-1.151958,O,8.2644
268262,qmof-940f796,3.31953,1.547325001986576,2302.900186591684,0.418134,O,8.2645
269145,qmof-951ed7a,3.89787,1.31917412439703,3208.773783089225,2.376177,Zr,3.2417
269191,qmof-951ed7a,3.89787,1.31917412439703,3208.773783089225,2.380059,Zr,3.2415
269237,qmof-951ed7a,3.89787,1.31917412439703,3208.773783089225,2.379442,Zr,3.2474
269283,qmof-951ed7a,3.89787,1.31917412439703,3208.773783089225,2.377922,Zr,3.2475
269329,qmof-951ed7a,3.89787,1.31917412439703,3208.773783089225,2.382608,Zr,3.2555
269375,qmof-951ed7a,3.89787,1.31917412439703,3208.773783089225,-0.618093,Zr,3.2551
269421,qmof-951ed7a,3.89787,1.31917412439703,3208.773783089225,-0.618034,O,8.0962
269467,qmof-951ed7a,3.89787,1.31917412439703,3208.773783089225,-0.618533,O,8.0968
269513,qmof-951ed7a,3.89787,1.31917412439703,3208.773783089225,-0.618717,O,8.1107
269559,qmof-951ed7a,3.89787,1.31917412439703,3208.773783089225,-0.58451,O,8.1117
269605,qmof-951ed7a,3.89787,1.31917412439703,3208.773783089225,-0.610944,O,8.1571
269651,qmof-951ed7a,3.89787,1.31917412439703,3208.773783089225,-0.583972,O,8.0737
269697,qmof-951ed7a,3.89787,1.31917412439703,3208.773783089225,-0.610145,O,8.1563
269743,qmof-951ed7a,3.89787,1.31917412439703,3208.773783089225,-0.614502,O,8.0741
269789,qmof-951ed7a,3.89787,1.31917412439703,3208.773783089225,-0.612284,O,8.0864
269835,qmof-951ed7a,3.89787,1.31917412439703,3208.773783089225,-0.612685,O,8.0882
269881,qmof-951ed7a,3.89787,1.31917412439703,3208.773783089225,-0.616294,O,8.0489
269927,qmof-951ed7a,3.89787,1.31917412439703,3208.773783089225,-0.621751,O,8.0872
269973,qmof-951ed7a,3.89787,1.31917412439703,3208.773783089225,-0.621399,O,7.9525
270019,qmof-951ed7a,3.89787,1.31917412439703,3208.773783089225,-0.615473,O,7.9521
270065,qmof-951ed7a,3.89787,1.31917412439703,3208.773783089225,-0.614557,O,7.941
270111,qmof-951ed7a,3.89787,1.31917412439703,3208.773783089225,-0.600263,O,7.9405
270157,qmof-951ed7a,3.89787,1.31917412439703,3208.773783089225,-0.618936,O,8.2403
270203,qmof-951ed7a,3.89787,1.31917412439703,3208.773783089225,-0.599729,O,7.9416
270249,qmof-951ed7a,3.89787,1.31917412439703,3208.773783089225,-0.618906,O,8.24
270295,qmof-951ed7a,3.89787,1.31917412439703,3208.773783089225,-0.613486,O,7.9504
270341,qmof-951ed7a,3.89787,1.31917412439703,3208.773783089225,-0.614151,O,7.9749
270387,qmof-951ed7a,3.89787,1.31917412439703,3208.773783089225,-0.613465,O,7.9766
270433,qmof-951ed7a,3.89787,1.31917412439703,3208.773783089225,-0.613513,O,7.9776
270479,qmof-951ed7a,3.89787,1.31917412439703,3208.773783089225,-1.067914,O,7.9749
270525,qmof-951ed7a,3.89787,1.31917412439703,3208.773783089225,-1.068267,O,7.7523
270571,qmof-951ed7a,3.89787,1.31917412439703,3208.773783089225,-1.069847,O,7.7154
270617,qmof-951ed7a,3.89787,1.31917412439703,3208.773783089225,-1.071201,O,7.7374
270663,qmof-951ed7a,3.89787,1.31917412439703,3208.773783089225,-1.147404,O,7.7373
270709,qmof-951ed7a,3.89787,1.31917412439703,3208.773783089225,-1.146627,O,8.2642
270755,qmof-951ed7a,3.89787,1.31917412439703,3208.773783089225,-1.151675,O,8.2641
270801,qmof-951ed7a,3.89787,1.31917412439703,3208.773783089225,-1.151419,O,8.3026
270847,qmof-951ed7a,3.89787,1.31917412439703,3208.773783089225,-0.313095,O,8.2963
270893,qmof-951ed7a,3.89787,1.31917412439703,3208.773783089225,-0.301146,O,8.4534
270939,qmof-951ed7a,3.89787,1.31917412439703,3208.773783089225,-0.2813,O,8.5675
270985,qmof-951ed7a,3.89787,1.31917412439703,3208.773783089225,-0.300592,O,8.5145
271031,qmof-951ed7a,3.89787,1.31917412439703,3208.773783089225,-0.31373,O,8.5413
271077,qmof-951ed7a,3.89787,1.31917412439703,3208.773783089225,-0.3017,O,8.4548
271123,qmof-951ed7a,3.89787,1.31917412439703,3208.773783089225,-0.281994,O,8.569
271169,qmof-951ed7a,3.89787,1.31917412439703,3208.773783089225,-0.300248,O,8.513
271215,qmof-951ed7a,3.89787,1.31917412439703,3208.773783089225,0.423612,O,8.5394
271261,qmof-95355e3,4.46851,1.15472727584148,3202.425846872242,2.374778,Zr,3.244
271299,qmof-95355e3,4.46851,1.15472727584148,3202.425846872242,2.379072,Zr,3.2397
271337,qmof-95355e3,4.46851,1.15472727584148,3202.425846872242,2.375764,Zr,3.248
271375,qmof-95355e3,4.46851,1.15472727584148,3202.425846872242,2.379857,Zr,3.2524
271413,qmof-95355e3,4.46851,1.15472727584148,3202.425846872242,2.37807,Zr,3.2486
271451,qmof-95355e3,4.46851,1.15472727584148,3202.425846872242,-0.616527,Zr,3.2499
271489,qmof-95355e3,4.46851,1.15472727584148,3202.425846872242,-0.613141,O,8.1384
271527,qmof-95355e3,4.46851,1.15472727584148,3202.425846872242,-0.613885,O,8.1134
271565,qmof-95355e3,4.46851,1.15472727584148,3202.425846872242,-0.614905,O,8.1193
271603,qmof-95355e3,4.46851,1.15472727584148,3202.425846872242,-0.619771,O,8.1382
271641,qmof-95355e3,4.46851,1.15472727584148,3202.425846872242,-0.616927,O,8.0709
271679,qmof-95355e3,4.46851,1.15472727584148,3202.425846872242,-0.625859,O,8.1556
271717,qmof-95355e3,4.46851,1.15472727584148,3202.425846872242,-0.611497,O,8.0934
271755,qmof-95355e3,4.46851,1.15472727584148,3202.425846872242,-0.614271,O,8.1238
271793,qmof-95355e3,4.46851,1.15472727584148,3202.425846872242,-0.61681,O,8.1299
271831,qmof-95355e3,4.46851,1.15472727584148,3202.425846872242,-0.613905,O,8.1306
271869,qmof-95355e3,4.46851,1.15472727584148,3202.425846872242,-0.615127,O,8.1282
271907,qmof-95355e3,4.46851,1.15472727584148,3202.425846872242,-0.617477,O,8.1304
271945,qmof-95355e3,4.46851,1.15472727584148,3202.425846872242,-0.613291,O,7.9804
271983,qmof-95355e3,4.46851,1.15472727584148,3202.425846872242,-0.616954,O,8.102
272021,qmof-95355e3,4.46851,1.15472727584148,3202.425846872242,-0.620671,O,8.104
272059,qmof-95355e3,4.46851,1.15472727584148,3202.425846872242,-0.624665,O,7.9855
272097,qmof-95355e3,4.46851,1.15472727584148,3202.425846872242,-0.619425,O,8.0904
272135,qmof-95355e3,4.46851,1.15472727584148,3202.425846872242,-0.621413,O,7.9666
272173,qmof-95355e3,4.46851,1.15472727584148,3202.425846872242,-0.61337,O,8.0936
272211,qmof-95355e3,4.46851,1.15472727584148,3202.425846872242,-0.612928,O,8.0942
272249,qmof-95355e3,4.46851,1.15472727584148,3202.425846872242,-0.611098,O,8.0982
272287,qmof-95355e3,4.46851,1.15472727584148,3202.425846872242,-0.616911,O,8.1002
272325,qmof-95355e3,4.46851,1.15472727584148,3202.425846872242,-0.617077,O,7.9764
272363,qmof-95355e3,4.46851,1.15472727584148,3202.425846872242,-1.071744,O,7.9812
272401,qmof-95355e3,4.46851,1.15472727584148,3202.425846872242,-1.068464,O,7.7115
272439,qmof-95355e3,4.46851,1.15472727584148,3202.425846872242,-1.068822,O,7.7144
272477,qmof-95355e3,4.46851,1.15472727584148,3202.425846872242,-1.069246,O,7.7011
272515,qmof-95355e3,4.46851,1.15472727584148,3202.425846872242,-1.147529,O,7.7065
272553,qmof-95355e3,4.46851,1.15472727584148,3202.425846872242,-1.149282,O,8.2738
272591,qmof-95355e3,4.46851,1.15472727584148,3202.425846872242,-1.147888,O,8.2697
272629,qmof-95355e3,4.46851,1.15472727584148,3202.425846872242,-1.14743,O,8.2579
272667,qmof-95355e3,4.46851,1.15472727584148,3202.425846872242,0.425422,O,8.2614
272705,qmof-976b7ca,10.71299,1.2101100397083064,3007.3730300327297,2.120674,Hf,2.6217
272743,qmof-976b7ca,10.71299,1.2101100397083064,3007.3730300327297,2.138061,Hf,2.6351
272781,qmof-976b7ca,10.71299,1.2101100397083064,3007.3730300327297,2.131004,Hf,2.6641
272819,qmof-976b7ca,10.71299,1.2101100397083064,3007.3730300327297,2.121154,Hf,2.6514
272857,qmof-976b7ca,10.71299,1.2101100397083064,3007.3730300327297,2.127528,Hf,2.8378
272895,qmof-976b7ca,10.71299,1.2101100397083064,3007.3730300327297,-0.585636,Hf,2.8364
272933,qmof-976b7ca,10.71299,1.2101100397083064,3007.3730300327297,-0.569327,O,7.8184
272971,qmof-976b7ca,10.71299,1.2101100397083064,3007.3730300327297,-0.624494,O,7.8257
273009,qmof-976b7ca,10.71299,1.2101100397083064,3007.3730300327297,-0.548953,O,8.0806
273047,qmof-976b7ca,10.71299,1.2101100397083064,3007.3730300327297,-0.609832,O,7.9091
273085,qmof-976b7ca,10.71299,1.2101100397083064,3007.3730300327297,-0.549029,O,8.0121
273123,qmof-976b7ca,10.71299,1.2101100397083064,3007.3730300327297,-0.571697,O,7.883
273161,qmof-976b7ca,10.71299,1.2101100397083064,3007.3730300327297,-0.572062,O,8.0244
273199,qmof-976b7ca,10.71299,1.2101100397083064,3007.3730300327297,-0.918852,O,7.865
273237,qmof-976b7ca,10.71299,1.2101100397083064,3007.3730300327297,-0.783439,O,7.3937
273351,qmof-976b7ca,10.71299,1.2101100397083064,3007.3730300327297,-1.072395,O,7.6901
273389,qmof-976b7ca,10.71299,1.2101100397083064,3007.3730300327297,-0.965559,O,7.7321
273427,qmof-976b7ca,10.71299,1.2101100397083064,3007.3730300327297,-0.62554,O,7.3899
273465,qmof-976b7ca,10.71299,1.2101100397083064,3007.3730300327297,-0.54856,O,7.9977
273503,qmof-976b7ca,10.71299,1.2101100397083064,3007.3730300327297,-0.601273,O,7.8603
273541,qmof-976b7ca,10.71299,1.2101100397083064,3007.3730300327297,-0.561126,O,7.9362
273579,qmof-976b7ca,10.71299,1.2101100397083064,3007.3730300327297,-0.606608,O,7.88
273617,qmof-976b7ca,10.71299,1.2101100397083064,3007.3730300327297,-0.561875,O,7.941
273655,qmof-976b7ca,10.71299,1.2101100397083064,3007.3730300327297,-0.565109,O,7.845
273693,qmof-976b7ca,10.71299,1.2101100397083064,3007.3730300327297,-0.567933,O,7.8873
273731,qmof-976b7ca,10.71299,1.2101100397083064,3007.3730300327297,-0.779871,O,7.8621
273769,qmof-976b7ca,10.71299,1.2101100397083064,3007.3730300327297,-0.898826,O,7.1793
273807,qmof-976b7ca,10.71299,1.2101100397083064,3007.3730300327297,-0.897947,O,7.6136
273845,qmof-976b7ca,10.71299,1.2101100397083064,3007.3730300327297,-0.78378,O,7.6288
273883,qmof-976b7ca,10.71299,1.2101100397083064,3007.3730300327297,-0.972642,O,7.1486
273921,qmof-976b7ca,10.71299,1.2101100397083064,3007.3730300327297,-1.067408,O,7.3559
273959,qmof-976b7ca,10.71299,1.2101100397083064,3007.3730300327297,-1.081852,O,7.6525
273997,qmof-976b7ca,10.71299,1.2101100397083064,3007.3730300327297,-0.954908,O,7.6722
274035,qmof-976b7ca,10.71299,1.2101100397083064,3007.3730300327297,-0.958336,O,7.3684
274073,qmof-976b7ca,10.71299,1.2101100397083064,3007.3730300327297,-1.07615,O,7.3985
274111,qmof-976b7ca,10.71299,1.2101100397083064,3007.3730300327297,0.140232,O,7.6178
274301,qmof-9ad6bff,19.03838,0.4013217118093216,9287.864649885089,2.360651,Zr,3.2181
274339,qmof-9ad6bff,19.03838,0.4013217118093216,9287.864649885089,-0.655517,Zr,3.2216
274377,qmof-9ad6bff,19.03838,0.4013217118093216,9287.864649885089,-0.612791,O,8.216
274415,qmof-9ad6bff,19.03838,0.4013217118093216,9287.864649885089,-0.607412,O,8.1654
274453,qmof-9ad6bff,19.03838,0.4013217118093216,9287.864649885089,-0.627977,O,8.165
274491,qmof-9ad6bff,19.03838,0.4013217118093216,9287.864649885089,-0.59827,O,8.1336
274529,qmof-9ad6bff,19.03838,0.4013217118093216,9287.864649885089,-0.639363,O,8.1278
274567,qmof-9ad6bff,19.03838,0.4013217118093216,9287.864649885089,-0.598541,O,8.1158
274605,qmof-9ad6bff,19.03838,0.4013217118093216,9287.864649885089,-0.631984,O,8.1513
274643,qmof-9ad6bff,19.03838,0.4013217118093216,9287.864649885089,-0.933121,O,8.1119
274681,qmof-9ad6bff,19.03838,0.4013217118093216,9287.864649885089,-0.810885,O,7.7956
274719,qmof-9ad6bff,19.03838,0.4013217118093216,9287.864649885089,-0.811678,O,7.3851
274757,qmof-9ad6bff,19.03838,0.4013217118093216,9287.864649885089,-0.94546,O,7.3654
274795,qmof-9ad6bff,19.03838,0.4013217118093216,9287.864649885089,-1.164806,O,7.5177
274833,qmof-9ad6bff,19.03838,0.4013217118093216,9287.864649885089,-1.057137,O,8.3278
274871,qmof-9ad6bff,19.03838,0.4013217118093216,9287.864649885089,-0.661645,O,7.7782
274909,qmof-9ad6bff,19.03838,0.4013217118093216,9287.864649885089,-0.607545,O,8.1997
274947,qmof-9ad6bff,19.03838,0.4013217118093216,9287.864649885089,-0.656986,O,8.193
274985,qmof-9ad6bff,19.03838,0.4013217118093216,9287.864649885089,-0.606401,O,8.1964
275023,qmof-9ad6bff,19.03838,0.4013217118093216,9287.864649885089,-0.636792,O,8.2053
275061,qmof-9ad6bff,19.03838,0.4013217118093216,9287.864649885089,-0.614341,O,8.2814
275099,qmof-9ad6bff,19.03838,0.4013217118093216,9287.864649885089,-0.60326,O,8.1952
275137,qmof-9ad6bff,19.03838,0.4013217118093216,9287.864649885089,-0.630669,O,8.1481
275175,qmof-9ad6bff,19.03838,0.4013217118093216,9287.864649885089,-0.815314,O,8.1247
275213,qmof-9ad6bff,19.03838,0.4013217118093216,9287.864649885089,-0.931881,O,7.4068
275251,qmof-9ad6bff,19.03838,0.4013217118093216,9287.864649885089,-0.936357,O,7.7763
275289,qmof-9ad6bff,19.03838,0.4013217118093216,9287.864649885089,-0.779587,O,7.8349
275365,qmof-9ad6bff,19.03838,0.4013217118093216,9287.864649885089,-1.157839,O,7.7284
275403,qmof-9ad6bff,19.03838,0.4013217118093216,9287.864649885089,-1.158107,O,8.3293
275441,qmof-9ad6bff,19.03838,0.4013217118093216,9287.864649885089,-1.065396,O,8.2941
275479,qmof-9ad6bff,19.03838,0.4013217118093216,9287.864649885089,-1.052395,O,7.8396
275517,qmof-9ad6bff,19.03838,0.4013217118093216,9287.864649885089,-1.160235,O,7.7234
275555,qmof-9ad6bff,19.03838,0.4013217118093216,9287.864649885089,0.42084,O,8.4296
275593,qmof-9b53dfb,11.36139,0.5841250451112463,7960.063841802057,2.095026,Hf,2.7542
275631,qmof-9b53dfb,11.36139,0.5841250451112463,7960.063841802057,2.156641,Hf,2.7142
275669,qmof-9b53dfb,11.36139,0.5841250451112463,7960.063841802057,2.129661,Hf,2.6513
275707,qmof-9b53dfb,11.36139,0.5841250451112463,7960.063841802057,2.13682,Hf,2.6122
275745,qmof-9b53dfb,11.36139,0.5841250451112463,7960.063841802057,2.141984,Hf,2.5967
275783,qmof-9b53dfb,11.36139,0.5841250451112463,7960.063841802057,-0.785102,Hf,2.6122
275859,qmof-9b53dfb,11.36139,0.5841250451112463,7960.063841802057,-0.58058,O,8.0314
275897,qmof-9b53dfb,11.36139,0.5841250451112463,7960.063841802057,-0.564988,O,8.0487
275935,qmof-9b53dfb,11.36139,0.5841250451112463,7960.063841802057,-0.578727,O,8.0367
275973,qmof-9b53dfb,11.36139,0.5841250451112463,7960.063841802057,-0.573083,O,8.1244
276011,qmof-9b53dfb,11.36139,0.5841250451112463,7960.063841802057,-0.579803,O,7.9546
276049,qmof-9b53dfb,11.36139,0.5841250451112463,7960.063841802057,-1.0956,O,8.0589
276087,qmof-9b53dfb,11.36139,0.5841250451112463,7960.063841802057,-0.964107,O,7.7613
276125,qmof-9b53dfb,11.36139,0.5841250451112463,7960.063841802057,-0.976695,O,7.3939
276163,qmof-9b53dfb,11.36139,0.5841250451112463,7960.063841802057,-1.050798,O,7.3316
276201,qmof-9b53dfb,11.36139,0.5841250451112463,7960.063841802057,-0.896741,O,7.6939
276239,qmof-9b53dfb,11.36139,0.5841250451112463,7960.063841802057,-0.799268,O,7.5561
276277,qmof-9b53dfb,11.36139,0.5841250451112463,7960.063841802057,-1.062961,O,7.1512
276315,qmof-9b53dfb,11.36139,0.5841250451112463,7960.063841802057,-0.939596,O,7.7648
276353,qmof-9b53dfb,11.36139,0.5841250451112463,7960.063841802057,-1.073952,O,7.4146
276391,qmof-9b53dfb,11.36139,0.5841250451112463,7960.063841802057,-0.963066,O,7.7155
276429,qmof-9b53dfb,11.36139,0.5841250451112463,7960.063841802057,-0.896955,O,7.3889
276467,qmof-9b53dfb,11.36139,0.5841250451112463,7960.063841802057,-0.525424,O,7.5209
276505,qmof-9b53dfb,11.36139,0.5841250451112463,7960.063841802057,-0.607369,O,7.9937
276543,qmof-9b53dfb,11.36139,0.5841250451112463,7960.063841802057,-0.919607,O,8.1234
276581,qmof-9b53dfb,11.36139,0.5841250451112463,7960.063841802057,-0.549721,O,7.8537
276619,qmof-9b53dfb,11.36139,0.5841250451112463,7960.063841802057,-0.895725,O,8.0219
276657,qmof-9b53dfb,11.36139,0.5841250451112463,7960.063841802057,-0.809954,O,7.6228
276695,qmof-9b53dfb,11.36139,0.5841250451112463,7960.063841802057,-0.792117,O,7.2994
276771,qmof-9b53dfb,11.36139,0.5841250451112463,7960.063841802057,-0.741412,O,8.0719
276847,qmof-9b53dfb,11.36139,0.5841250451112463,7960.063841802057,-0.607269,O,7.5655
276885,qmof-9b53dfb,11.36139,0.5841250451112463,7960.063841802057,-0.546113,O,8.1078
276923,qmof-9b53dfb,11.36139,0.5841250451112463,7960.063841802057,-0.780065,O,8.0881
276999,qmof-9b53dfb,11.36139,0.5841250451112463,7960.063841802057,0.136663,O,7.272
277037,qmof-9b8979a,4.85986,1.1111762516994967,3204.9919756100785,2.374855,Zr,3.2425
277075,qmof-9b8979a,4.85986,1.1111762516994967,3204.9919756100785,2.378317,Zr,3.2486
277113,qmof-9b8979a,4.85986,1.1111762516994967,3204.9919756100785,2.374702,Zr,3.2607
277151,qmof-9b8979a,4.85986,1.1111762516994967,3204.9919756100785,2.378961,Zr,3.2513
277189,qmof-9b8979a,4.85986,1.1111762516994967,3204.9919756100785,2.37776,Zr,3.2543
277227,qmof-9b8979a,4.85986,1.1111762516994967,3204.9919756100785,-0.617295,Zr,3.2539
277265,qmof-9b8979a,4.85986,1.1111762516994967,3204.9919756100785,-0.613312,O,8.1442
277303,qmof-9b8979a,4.85986,1.1111762516994967,3204.9919756100785,-0.612948,O,8.1219
277341,qmof-9b8979a,4.85986,1.1111762516994967,3204.9919756100785,-0.616899,O,8.1246
277379,qmof-9b8979a,4.85986,1.1111762516994967,3204.9919756100785,-0.617863,O,8.1456
277417,qmof-9b8979a,4.85986,1.1111762516994967,3204.9919756100785,-0.616744,O,8.0803
277455,qmof-9b8979a,4.85986,1.1111762516994967,3204.9919756100785,-0.625896,O,8.1638
277493,qmof-9b8979a,4.85986,1.1111762516994967,3204.9919756100785,-0.612059,O,8.0818
277531,qmof-9b8979a,4.85986,1.1111762516994967,3204.9919756100785,-0.616376,O,8.1371
277569,qmof-9b8979a,4.85986,1.1111762516994967,3204.9919756100785,-0.618063,O,8.1296
277607,qmof-9b8979a,4.85986,1.1111762516994967,3204.9919756100785,-0.614762,O,8.1307
277645,qmof-9b8979a,4.85986,1.1111762516994967,3204.9919756100785,-0.614189,O,8.145
277683,qmof-9b8979a,4.85986,1.1111762516994967,3204.9919756100785,-0.613505,O,8.1459
277721,qmof-9b8979a,4.85986,1.1111762516994967,3204.9919756100785,-0.612907,O,8.0415
277759,qmof-9b8979a,4.85986,1.1111762516994967,3204.9919756100785,-0.616916,O,8.1074
277797,qmof-9b8979a,4.85986,1.1111762516994967,3204.9919756100785,-0.616597,O,8.1075
277835,qmof-9b8979a,4.85986,1.1111762516994967,3204.9919756100785,-0.623874,O,8.0448
277873,qmof-9b8979a,4.85986,1.1111762516994967,3204.9919756100785,-0.617013,O,8.0939
277911,qmof-9b8979a,4.85986,1.1111762516994967,3204.9919756100785,-0.621479,O,8.0276
277949,qmof-9b8979a,4.85986,1.1111762516994967,3204.9919756100785,-0.612539,O,8.0979
277987,qmof-9b8979a,4.85986,1.1111762516994967,3204.9919756100785,-0.61135,O,8.0995
278025,qmof-9b8979a,4.85986,1.1111762516994967,3204.9919756100785,-0.609337,O,8.1044
278063,qmof-9b8979a,4.85986,1.1111762516994967,3204.9919756100785,-0.612819,O,8.1064
278101,qmof-9b8979a,4.85986,1.1111762516994967,3204.9919756100785,-0.614087,O,8.0388
278139,qmof-9b8979a,4.85986,1.1111762516994967,3204.9919756100785,-1.070572,O,8.0403
278177,qmof-9b8979a,4.85986,1.1111762516994967,3204.9919756100785,-1.069635,O,7.7101
278215,qmof-9b8979a,4.85986,1.1111762516994967,3204.9919756100785,-1.071337,O,7.7064
278253,qmof-9b8979a,4.85986,1.1111762516994967,3204.9919756100785,-1.070469,O,7.6987
278291,qmof-9b8979a,4.85986,1.1111762516994967,3204.9919756100785,-1.15012,O,7.6995
278329,qmof-9b8979a,4.85986,1.1111762516994967,3204.9919756100785,-1.149524,O,8.2609
278367,qmof-9b8979a,4.85986,1.1111762516994967,3204.9919756100785,-1.148488,O,8.2768
278405,qmof-9b8979a,4.85986,1.1111762516994967,3204.9919756100785,-1.148473,O,8.2532
278443,qmof-9b8979a,4.85986,1.1111762516994967,3204.9919756100785,0.42535,O,8.2515
278481,qmof-9bfdab6,6.87457,0.7440741987175065,4643.371011597585,2.361983,Zr,3.2213
278519,qmof-9bfdab6,6.87457,0.7440741987175065,4643.371011597585,2.357425,Zr,3.2212
278709,qmof-9bfdab6,6.87457,0.7440741987175065,4643.371011597585,-0.628122,O,8.1572
278747,qmof-9bfdab6,6.87457,0.7440741987175065,4643.371011597585,-0.628047,O,8.1363
278785,qmof-9bfdab6,6.87457,0.7440741987175065,4643.371011597585,-0.618791,O,8.1377
278823,qmof-9bfdab6,6.87457,0.7440741987175065,4643.371011597585,-0.620345,O,8.1547
278861,qmof-9bfdab6,6.87457,0.7440741987175065,4643.371011597585,-0.628288,O,8.157
278899,qmof-9bfdab6,6.87457,0.7440741987175065,4643.371011597585,-0.62799,O,8.1363
278937,qmof-9bfdab6,6.87457,0.7440741987175065,4643.371011597585,-0.618684,O,8.1379
278975,qmof-9bfdab6,6.87457,0.7440741987175065,4643.371011597585,-1.058275,O,8.1546
279013,qmof-9bfdab6,6.87457,0.7440741987175065,4643.371011597585,-1.05717,O,7.8154
279051,qmof-9bfdab6,6.87457,0.7440741987175065,4643.371011597585,-1.05815,O,7.8158
279089,qmof-9bfdab6,6.87457,0.7440741987175065,4643.371011597585,-1.057366,O,7.8154
279127,qmof-9bfdab6,6.87457,0.7440741987175065,4643.371011597585,-1.1903,O,7.8157
279165,qmof-9bfdab6,6.87457,0.7440741987175065,4643.371011597585,-1.181001,O,8.3663
279203,qmof-9bfdab6,6.87457,0.7440741987175065,4643.371011597585,-1.180966,O,8.3659
279241,qmof-9bfdab6,6.87457,0.7440741987175065,4643.371011597585,-1.190318,O,8.3658
279279,qmof-9bfdab6,6.87457,0.7440741987175065,4643.371011597585,-0.640136,O,8.3662
279317,qmof-9bfdab6,6.87457,0.7440741987175065,4643.371011597585,-0.600238,O,8.1688
279355,qmof-9bfdab6,6.87457,0.7440741987175065,4643.371011597585,-0.601077,O,8.2293
279393,qmof-9bfdab6,6.87457,0.7440741987175065,4643.371011597585,-0.637984,O,8.229
279431,qmof-9bfdab6,6.87457,0.7440741987175065,4643.371011597585,-0.640247,O,8.169
279469,qmof-9bfdab6,6.87457,0.7440741987175065,4643.371011597585,-0.600298,O,8.1686
279507,qmof-9bfdab6,6.87457,0.7440741987175065,4643.371011597585,-0.601094,O,8.2293
279545,qmof-9bfdab6,6.87457,0.7440741987175065,4643.371011597585,-0.637844,O,8.2288
279583,qmof-9bfdab6,6.87457,0.7440741987175065,4643.371011597585,-0.979292,O,8.169
279621,qmof-9bfdab6,6.87457,0.7440741987175065,4643.371011597585,-0.979379,O,7.4677
279659,qmof-9bfdab6,6.87457,0.7440741987175065,4643.371011597585,-0.97922,O,7.4678
279697,qmof-9bfdab6,6.87457,0.7440741987175065,4643.371011597585,-0.978877,O,7.4598
279735,qmof-9bfdab6,6.87457,0.7440741987175065,4643.371011597585,-0.769371,O,7.4598
279925,qmof-9db0389,10.72165,1.1557858980897275,2924.3900835574627,2.153568,Hf,2.6291
279963,qmof-9db0389,10.72165,1.1557858980897275,2924.3900835574627,2.125462,Hf,2.6868
280001,qmof-9db0389,10.72165,1.1557858980897275,2924.3900835574627,2.136049,Hf,2.6118
280039,qmof-9db0389,10.72165,1.1557858980897275,2924.3900835574627,2.122923,Hf,2.6468
280077,qmof-9db0389,10.72165,1.1557858980897275,2924.3900835574627,2.117566,Hf,2.8274
280115,qmof-9db0389,10.72165,1.1557858980897275,2924.3900835574627,-0.625233,Hf,2.8291
280153,qmof-9db0389,10.72165,1.1557858980897275,2924.3900835574627,-0.543132,O,8.1286
280191,qmof-9db0389,10.72165,1.1557858980897275,2924.3900835574627,-0.567352,O,7.9182
280229,qmof-9db0389,10.72165,1.1557858980897275,2924.3900835574627,-0.566154,O,7.8572
280267,qmof-9db0389,10.72165,1.1557858980897275,2924.3900835574627,-0.620992,O,7.8615
280305,qmof-9db0389,10.72165,1.1557858980897275,2924.3900835574627,-0.547508,O,8.0666
280343,qmof-9db0389,10.72165,1.1557858980897275,2924.3900835574627,-0.605139,O,7.8886
280381,qmof-9db0389,10.72165,1.1557858980897275,2924.3900835574627,-0.545442,O,8.0836
280419,qmof-9db0389,10.72165,1.1557858980897275,2924.3900835574627,-0.900482,O,7.9016
280457,qmof-9db0389,10.72165,1.1557858980897275,2924.3900835574627,-0.739874,O,7.5692
280571,qmof-9db0389,10.72165,1.1557858980897275,2924.3900835574627,-1.079877,O,7.6462
280609,qmof-9db0389,10.72165,1.1557858980897275,2924.3900835574627,-0.956964,O,7.6324
280647,qmof-9db0389,10.72165,1.1557858980897275,2924.3900835574627,-0.578614,O,7.3542
280685,qmof-9db0389,10.72165,1.1557858980897275,2924.3900835574627,-0.564547,O,7.8968
280723,qmof-9db0389,10.72165,1.1557858980897275,2924.3900835574627,-0.592723,O,7.8667
280761,qmof-9db0389,10.72165,1.1557858980897275,2924.3900835574627,-0.55342,O,7.967
280799,qmof-9db0389,10.72165,1.1557858980897275,2924.3900835574627,-0.59876,O,7.8705
280837,qmof-9db0389,10.72165,1.1557858980897275,2924.3900835574627,-0.553813,O,8.043
280875,qmof-9db0389,10.72165,1.1557858980897275,2924.3900835574627,-0.572665,O,7.8859
280913,qmof-9db0389,10.72165,1.1557858980897275,2924.3900835574627,-0.570432,O,8.0394
280951,qmof-9db0389,10.72165,1.1557858980897275,2924.3900835574627,-0.780933,O,7.8597
281027,qmof-9db0389,10.72165,1.1557858980897275,2924.3900835574627,-0.900916,O,7.1785
281065,qmof-9db0389,10.72165,1.1557858980897275,2924.3900835574627,-0.790625,O,7.5924
281103,qmof-9db0389,10.72165,1.1557858980897275,2924.3900835574627,-0.953074,O,7.1456
281141,qmof-9db0389,10.72165,1.1557858980897275,2924.3900835574627,-1.080911,O,7.4025
281179,qmof-9db0389,10.72165,1.1557858980897275,2924.3900835574627,-1.069689,O,7.6434
281217,qmof-9db0389,10.72165,1.1557858980897275,2924.3900835574627,-0.974721,O,7.7276
281255,qmof-9db0389,10.72165,1.1557858980897275,2924.3900835574627,-0.957725,O,7.3428
281293,qmof-9db0389,10.72165,1.1557858980897275,2924.3900835574627,-1.067029,O,7.4061
281331,qmof-9db0389,10.72165,1.1557858980897275,2924.3900835574627,0.432568,O,7.6703
281369,qmof-9f9d39c,4.14504,1.5741901663640088,1754.761474756065,0.14576,Cu,15.3091
281401,qmof-9f9d39c,4.14504,1.5741901663640088,1754.761474756065,0.145837,Cu,15.3085
281433,qmof-9f9d39c,4.14504,1.5741901663640088,1754.761474756065,0.145811,Cu,15.3088
281465,qmof-9f9d39c,4.14504,1.5741901663640088,1754.761474756065,0.049246,Cu,15.3088
281497,qmof-9f9d39c,4.14504,1.5741901663640088,1754.761474756065,0.049265,S,2.8858
281529,qmof-9f9d39c,4.14504,1.5741901663640088,1754.761474756065,0.049278,S,2.886
281561,qmof-9f9d39c,4.14504,1.5741901663640088,1754.761474756065,0.049212,S,2.8858
281593,qmof-9f9d39c,4.14504,1.5741901663640088,1754.761474756065,0.049208,S,2.8859
281625,qmof-9f9d39c,4.14504,1.5741901663640088,1754.761474756065,0.049274,S,2.8859
281657,qmof-9f9d39c,4.14504,1.5741901663640088,1754.761474756065,0.049098,S,2.8859
281689,qmof-9f9d39c,4.14504,1.5741901663640088,1754.761474756065,0.049225,S,2.8859
281721,qmof-9f9d39c,4.14504,1.5741901663640088,1754.761474756065,-0.416022,S,2.8859
281753,qmof-9f9d39c,4.14504,1.5741901663640088,1754.761474756065,-0.41605,Br,4.8413
281785,qmof-9f9d39c,4.14504,1.5741901663640088,1754.761474756065,-0.416097,Br,4.8412
281817,qmof-9f9d39c,4.14504,1.5741901663640088,1754.761474756065,-0.415983,Br,4.8413
281849,qmof-9f9d39c,4.14504,1.5741901663640088,1754.761474756065,0.092555,Br,4.8412
281881,qmof-a33f06a,4.74507,1.1059064851998457,3205.3160248955915,2.373251,Zr,3.2385
281924,qmof-a33f06a,4.74507,1.1059064851998457,3205.3160248955915,2.374672,Zr,3.2559
281967,qmof-a33f06a,4.74507,1.1059064851998457,3205.3160248955915,2.372798,Zr,3.2696
282010,qmof-a33f06a,4.74507,1.1059064851998457,3205.3160248955915,2.37692,Zr,3.2473
282053,qmof-a33f06a,4.74507,1.1059064851998457,3205.3160248955915,2.375533,Zr,3.2587
282096,qmof-a33f06a,4.74507,1.1059064851998457,3205.3160248955915,-0.616216,Zr,3.2583
282139,qmof-a33f06a,4.74507,1.1059064851998457,3205.3160248955915,-0.61884,O,8.1586
282182,qmof-a33f06a,4.74507,1.1059064851998457,3205.3160248955915,-0.6182,O,8.1108
282225,qmof-a33f06a,4.74507,1.1059064851998457,3205.3160248955915,-0.615935,O,8.1104
282268,qmof-a33f06a,4.74507,1.1059064851998457,3205.3160248955915,-0.614133,O,8.1582
282311,qmof-a33f06a,4.74507,1.1059064851998457,3205.3160248955915,-0.616933,O,8.1092
282354,qmof-a33f06a,4.74507,1.1059064851998457,3205.3160248955915,-0.62618,O,8.175
282397,qmof-a33f06a,4.74507,1.1059064851998457,3205.3160248955915,-0.617493,O,8.1126
282440,qmof-a33f06a,4.74507,1.1059064851998457,3205.3160248955915,-0.624628,O,8.1194
282483,qmof-a33f06a,4.74507,1.1059064851998457,3205.3160248955915,-0.626473,O,8.1152
282526,qmof-a33f06a,4.74507,1.1059064851998457,3205.3160248955915,-0.611617,O,8.1127
282569,qmof-a33f06a,4.74507,1.1059064851998457,3205.3160248955915,-0.612012,O,8.1652
282612,qmof-a33f06a,4.74507,1.1059064851998457,3205.3160248955915,-0.602534,O,8.1635
282655,qmof-a33f06a,4.74507,1.1059064851998457,3205.3160248955915,-0.61343,O,8.0598
282698,qmof-a33f06a,4.74507,1.1059064851998457,3205.3160248955915,-0.617279,O,8.1173
282741,qmof-a33f06a,4.74507,1.1059064851998457,3205.3160248955915,-0.60576,O,8.118
282784,qmof-a33f06a,4.74507,1.1059064851998457,3205.3160248955915,-0.625425,O,8.0687
282827,qmof-a33f06a,4.74507,1.1059064851998457,3205.3160248955915,-0.604079,O,8.1112
282870,qmof-a33f06a,4.74507,1.1059064851998457,3205.3160248955915,-0.618244,O,8.0407
282913,qmof-a33f06a,4.74507,1.1059064851998457,3205.3160248955915,-0.614339,O,8.126
282956,qmof-a33f06a,4.74507,1.1059064851998457,3205.3160248955915,-0.610007,O,8.1099
282999,qmof-a33f06a,4.74507,1.1059064851998457,3205.3160248955915,-0.607988,O,8.1218
283042,qmof-a33f06a,4.74507,1.1059064851998457,3205.3160248955915,-0.604548,O,8.1219
283085,qmof-a33f06a,4.74507,1.1059064851998457,3205.3160248955915,-0.604144,O,8.0535
283128,qmof-a33f06a,4.74507,1.1059064851998457,3205.3160248955915,-1.069471,O,8.053
283171,qmof-a33f06a,4.74507,1.1059064851998457,3205.3160248955915,-1.070968,O,7.7124
283214,qmof-a33f06a,4.74507,1.1059064851998457,3205.3160248955915,-1.071187,O,7.7016
283257,qmof-a33f06a,4.74507,1.1059064851998457,3205.3160248955915,-1.070746,O,7.7007
283300,qmof-a33f06a,4.74507,1.1059064851998457,3205.3160248955915,-1.150176,O,7.7019
283343,qmof-a33f06a,4.74507,1.1059064851998457,3205.3160248955915,-1.147959,O,8.2634
283386,qmof-a33f06a,4.74507,1.1059064851998457,3205.3160248955915,-1.147327,O,8.2757
283429,qmof-a33f06a,4.74507,1.1059064851998457,3205.3160248955915,-1.148657,O,8.2606
283472,qmof-a33f06a,4.74507,1.1059064851998457,3205.3160248955915,-0.400459,O,8.2603
283730,qmof-a37f8d6,3.35552,1.3963317451116504,2305.760913847981,2.381324,Zr,3.2458
283768,qmof-a37f8d6,3.35552,1.3963317451116504,2305.760913847981,2.380066,Zr,3.2474
283806,qmof-a37f8d6,3.35552,1.3963317451116504,2305.760913847981,2.372702,Zr,3.2413
283844,qmof-a37f8d6,3.35552,1.3963317451116504,2305.760913847981,2.378157,Zr,3.2421
283882,qmof-a37f8d6,3.35552,1.3963317451116504,2305.760913847981,2.378572,Zr,3.2496
283920,qmof-a37f8d6,3.35552,1.3963317451116504,2305.760913847981,-0.615984,Zr,3.2502
283958,qmof-a37f8d6,3.35552,1.3963317451116504,2305.760913847981,-0.613713,O,8.0701
283996,qmof-a37f8d6,3.35552,1.3963317451116504,2305.760913847981,-0.609775,O,8.0584
284034,qmof-a37f8d6,3.35552,1.3963317451116504,2305.760913847981,-0.618021,O,8.0617
284072,qmof-a37f8d6,3.35552,1.3963317451116504,2305.760913847981,-0.631096,O,8.0713
284110,qmof-a37f8d6,3.35552,1.3963317451116504,2305.760913847981,-0.616155,O,7.9416
284148,qmof-a37f8d6,3.35552,1.3963317451116504,2305.760913847981,-0.61154,O,8.0723
284186,qmof-a37f8d6,3.35552,1.3963317451116504,2305.760913847981,-0.616008,O,8.0985
284224,qmof-a37f8d6,3.35552,1.3963317451116504,2305.760913847981,-0.616279,O,8.0901
284262,qmof-a37f8d6,3.35552,1.3963317451116504,2305.760913847981,-0.619242,O,8.0781
284300,qmof-a37f8d6,3.35552,1.3963317451116504,2305.760913847981,-0.614561,O,8.0764
284338,qmof-a37f8d6,3.35552,1.3963317451116504,2305.760913847981,-0.615862,O,8.0818
284376,qmof-a37f8d6,3.35552,1.3963317451116504,2305.760913847981,-0.603647,O,8.0772
284414,qmof-a37f8d6,3.35552,1.3963317451116504,2305.760913847981,-0.612181,O,8.1613
284452,qmof-a37f8d6,3.35552,1.3963317451116504,2305.760913847981,-0.610539,O,8.1695
284490,qmof-a37f8d6,3.35552,1.3963317451116504,2305.760913847981,-0.606337,O,8.1701
284528,qmof-a37f8d6,3.35552,1.3963317451116504,2305.760913847981,-0.594024,O,8.1611
284566,qmof-a37f8d6,3.35552,1.3963317451116504,2305.760913847981,-0.606694,O,8.1047
284604,qmof-a37f8d6,3.35552,1.3963317451116504,2305.760913847981,-0.616772,O,8.1749
284642,qmof-a37f8d6,3.35552,1.3963317451116504,2305.760913847981,-0.605522,O,7.9622
284680,qmof-a37f8d6,3.35552,1.3963317451116504,2305.760913847981,-0.605054,O,8.164
284718,qmof-a37f8d6,3.35552,1.3963317451116504,2305.760913847981,-0.606647,O,8.1706
284756,qmof-a37f8d6,3.35552,1.3963317451116504,2305.760913847981,-0.608101,O,8.1684
284794,qmof-a37f8d6,3.35552,1.3963317451116504,2305.760913847981,-0.609781,O,8.1686
284832,qmof-a37f8d6,3.35552,1.3963317451116504,2305.760913847981,-1.068081,O,8.1664
284870,qmof-a37f8d6,3.35552,1.3963317451116504,2305.760913847981,-1.073704,O,7.7164
284908,qmof-a37f8d6,3.35552,1.3963317451116504,2305.760913847981,-1.068571,O,7.7281
284946,qmof-a37f8d6,3.35552,1.3963317451116504,2305.760913847981,-1.07023,O,7.7191
284984,qmof-a37f8d6,3.35552,1.3963317451116504,2305.760913847981,-1.154557,O,7.7182
285022,qmof-a37f8d6,3.35552,1.3963317451116504,2305.760913847981,-1.148891,O,8.2885
285060,qmof-a37f8d6,3.35552,1.3963317451116504,2305.760913847981,-1.150017,O,8.2743
285098,qmof-a37f8d6,3.35552,1.3963317451116504,2305.760913847981,-1.150468,O,8.2724
285136,qmof-a37f8d6,3.35552,1.3963317451116504,2305.760913847981,0.42253,O,8.2756
285174,qmof-a559dcb,7.75205,0.7141504590197012,7273.924015376399,2.383087,Zr,3.2584
285211,qmof-a559dcb,7.75205,0.7141504590197012,7273.924015376399,2.382946,Zr,3.2584
285249,qmof-a559dcb,7.75205,0.7141504590197012,7273.924015376399,2.382853,Zr,3.2584
285287,qmof-a559dcb,7.75205,0.7141504590197012,7273.924015376399,2.383273,Zr,3.2583
285325,qmof-a559dcb,7.75205,0.7141504590197012,7273.924015376399,2.382876,Zr,3.2584
285363,qmof-a559dcb,7.75205,0.7141504590197012,7273.924015376399,-0.606329,Zr,3.2584
285399,qmof-a559dcb,7.75205,0.7141504590197012,7273.924015376399,-0.606214,O,8.06
285437,qmof-a559dcb,7.75205,0.7141504590197012,7273.924015376399,-0.606682,O,8.0598
285475,qmof-a559dcb,7.75205,0.7141504590197012,7273.924015376399,-0.606741,O,8.0598
285513,qmof-a559dcb,7.75205,0.7141504590197012,7273.924015376399,-0.606264,O,8.0601
285551,qmof-a559dcb,7.75205,0.7141504590197012,7273.924015376399,-0.606316,O,8.0601
285589,qmof-a559dcb,7.75205,0.7141504590197012,7273.924015376399,-0.606547,O,8.0599
285627,qmof-a559dcb,7.75205,0.7141504590197012,7273.924015376399,-0.606445,O,8.0598
285665,qmof-a559dcb,7.75205,0.7141504590197012,7273.924015376399,-0.606561,O,8.0596
285703,qmof-a559dcb,7.75205,0.7141504590197012,7273.924015376399,-0.606674,O,8.0597
285741,qmof-a559dcb,7.75205,0.7141504590197012,7273.924015376399,-0.606204,O,8.0598
285779,qmof-a559dcb,7.75205,0.7141504590197012,7273.924015376399,-0.606418,O,8.0599
285817,qmof-a559dcb,7.75205,0.7141504590197012,7273.924015376399,-0.606513,O,8.0599
285855,qmof-a559dcb,7.75205,0.7141504590197012,7273.924015376399,-0.606541,O,8.0597
285893,qmof-a559dcb,7.75205,0.7141504590197012,7273.924015376399,-0.606248,O,8.0598
285931,qmof-a559dcb,7.75205,0.7141504590197012,7273.924015376399,-0.606109,O,8.0598
285969,qmof-a559dcb,7.75205,0.7141504590197012,7273.924015376399,-0.606504,O,8.0598
286007,qmof-a559dcb,7.75205,0.7141504590197012,7273.924015376399,-0.606139,O,8.0598
286045,qmof-a559dcb,7.75205,0.7141504590197012,7273.924015376399,-0.606502,O,8.06
286083,qmof-a559dcb,7.75205,0.7141504590197012,7273.924015376399,-0.606479,O,8.0597
286121,qmof-a559dcb,7.75205,0.7141504590197012,7273.924015376399,-0.606217,O,8.0599
286159,qmof-a559dcb,7.75205,0.7141504590197012,7273.924015376399,-0.60618,O,8.0596
286197,qmof-a559dcb,7.75205,0.7141504590197012,7273.924015376399,-0.606736,O,8.0598
286235,qmof-a559dcb,7.75205,0.7141504590197012,7273.924015376399,-0.606652,O,8.06
286273,qmof-a559dcb,7.75205,0.7141504590197012,7273.924015376399,-1.072058,O,8.0601
286311,qmof-a559dcb,7.75205,0.7141504590197012,7273.924015376399,-1.072176,O,7.7096
286348,qmof-a559dcb,7.75205,0.7141504590197012,7273.924015376399,-1.072234,O,7.7096
286385,qmof-a559dcb,7.75205,0.7141504590197012,7273.924015376399,-1.071595,O,7.7095
286423,qmof-a559dcb,7.75205,0.7141504590197012,7273.924015376399,-1.154233,O,7.7095
286460,qmof-a559dcb,7.75205,0.7141504590197012,7273.924015376399,-1.154024,O,8.2591
286498,qmof-a559dcb,7.75205,0.7141504590197012,7273.924015376399,-1.154138,O,8.2591
286535,qmof-a559dcb,7.75205,0.7141504590197012,7273.924015376399,-1.15399,O,8.2591
286572,qmof-a559dcb,7.75205,0.7141504590197012,7273.924015376399,0.420599,O,8.2592
289542,qmof-a67842f,4.88008,0.6822693774119488,5292.54020861313,-0.604767,O,8.1666
289580,qmof-a67842f,4.88008,0.6822693774119488,5292.54020861313,-0.60577,O,8.1167
289618,qmof-a67842f,4.88008,0.6822693774119488,5292.54020861313,-0.599687,O,8.1164
289656,qmof-a67842f,4.88008,0.6822693774119488,5292.54020861313,-0.610388,O,8.1737
289694,qmof-a67842f,4.88008,0.6822693774119488,5292.54020861313,-0.617153,O,8.0668
289732,qmof-a67842f,4.88008,0.6822693774119488,5292.54020861313,-0.616257,O,8.0495
289770,qmof-a67842f,4.88008,0.6822693774119488,5292.54020861313,-0.609463,O,8.0513
289808,qmof-a67842f,4.88008,0.6822693774119488,5292.54020861313,-1.154471,O,8.0792
289846,qmof-a67842f,4.88008,0.6822693774119488,5292.54020861313,-1.154587,O,8.2193
289884,qmof-a67842f,4.88008,0.6822693774119488,5292.54020861313,-1.075012,O,8.2188
289922,qmof-a67842f,4.88008,0.6822693774119488,5292.54020861313,-1.07674,O,7.6736
289960,qmof-a67842f,4.88008,0.6822693774119488,5292.54020861313,-0.600014,O,7.6788
289998,qmof-a67842f,4.88008,0.6822693774119488,5292.54020861313,-0.605062,O,8.176
290036,qmof-a67842f,4.88008,0.6822693774119488,5292.54020861313,-0.60398,O,8.1109
290074,qmof-a67842f,4.88008,0.6822693774119488,5292.54020861313,-0.602124,O,8.1173
290112,qmof-a67842f,4.88008,0.6822693774119488,5292.54020861313,-0.605332,O,8.1693
290150,qmof-a67842f,4.88008,0.6822693774119488,5292.54020861313,-0.599994,O,8.1115
290188,qmof-a67842f,4.88008,0.6822693774119488,5292.54020861313,-0.601643,O,8.1704
290226,qmof-a67842f,4.88008,0.6822693774119488,5292.54020861313,-0.604684,O,8.1648
290264,qmof-a67842f,4.88008,0.6822693774119488,5292.54020861313,-0.610364,O,8.1133
290302,qmof-a67842f,4.88008,0.6822693774119488,5292.54020861313,-0.614421,O,8.0767
290340,qmof-a67842f,4.88008,0.6822693774119488,5292.54020861313,-0.617977,O,8.0595
290378,qmof-a67842f,4.88008,0.6822693774119488,5292.54020861313,-0.609452,O,8.0463
290416,qmof-a67842f,4.88008,0.6822693774119488,5292.54020861313,-0.615316,O,8.0754
290454,qmof-a67842f,4.88008,0.6822693774119488,5292.54020861313,-0.61077,O,8.058
290492,qmof-a67842f,4.88008,0.6822693774119488,5292.54020861313,-0.609207,O,8.0736
290530,qmof-a67842f,4.88008,0.6822693774119488,5292.54020861313,-0.614224,O,8.0693
290568,qmof-a67842f,4.88008,0.6822693774119488,5292.54020861313,-1.152627,O,8.0548
290606,qmof-a67842f,4.88008,0.6822693774119488,5292.54020861313,-1.154787,O,8.2137
290644,qmof-a67842f,4.88008,0.6822693774119488,5292.54020861313,-1.077907,O,8.2202
290682,qmof-a67842f,4.88008,0.6822693774119488,5292.54020861313,-1.076219,O,7.6795
290720,qmof-a67842f,4.88008,0.6822693774119488,5292.54020861313,0.115735,O,7.681
294854,qmof-a797022,4.75223,1.1243511698715458,3167.4610825239392,2.379411,Zr,3.2493
294892,qmof-a797022,4.75223,1.1243511698715458,3167.4610825239392,2.379161,Zr,3.259
294930,qmof-a797022,4.75223,1.1243511698715458,3167.4610825239392,2.375534,Zr,3.2582
294968,qmof-a797022,4.75223,1.1243511698715458,3167.4610825239392,2.377781,Zr,3.2503
295006,qmof-a797022,4.75223,1.1243511698715458,3167.4610825239392,2.377836,Zr,3.2544
295044,qmof-a797022,4.75223,1.1243511698715458,3167.4610825239392,-0.620271,Zr,3.2545
295082,qmof-a797022,4.75223,1.1243511698715458,3167.4610825239392,-0.614519,O,8.1345
295120,qmof-a797022,4.75223,1.1243511698715458,3167.4610825239392,-0.614498,O,8.1108
295158,qmof-a797022,4.75223,1.1243511698715458,3167.4610825239392,-0.620763,O,8.1102
295196,qmof-a797022,4.75223,1.1243511698715458,3167.4610825239392,-0.61181,O,8.1351
295234,qmof-a797022,4.75223,1.1243511698715458,3167.4610825239392,-0.62042,O,8.1244
295272,qmof-a797022,4.75223,1.1243511698715458,3167.4610825239392,-0.622734,O,8.1347
295310,qmof-a797022,4.75223,1.1243511698715458,3167.4610825239392,-0.614641,O,8.121
295348,qmof-a797022,4.75223,1.1243511698715458,3167.4610825239392,-0.618055,O,8.1109
295386,qmof-a797022,4.75223,1.1243511698715458,3167.4610825239392,-0.619381,O,8.1161
295424,qmof-a797022,4.75223,1.1243511698715458,3167.4610825239392,-0.615734,O,8.115
295462,qmof-a797022,4.75223,1.1243511698715458,3167.4610825239392,-0.616273,O,8.1303
295500,qmof-a797022,4.75223,1.1243511698715458,3167.4610825239392,-0.609795,O,8.1291
295538,qmof-a797022,4.75223,1.1243511698715458,3167.4610825239392,-0.609255,O,8.0373
295576,qmof-a797022,4.75223,1.1243511698715458,3167.4610825239392,-0.608745,O,8.1028
295614,qmof-a797022,4.75223,1.1243511698715458,3167.4610825239392,-0.609967,O,8.1028
295652,qmof-a797022,4.75223,1.1243511698715458,3167.4610825239392,-0.610027,O,8.0376
295690,qmof-a797022,4.75223,1.1243511698715458,3167.4610825239392,-0.611858,O,8.1024
295728,qmof-a797022,4.75223,1.1243511698715458,3167.4610825239392,-0.60929,O,8.0355
295766,qmof-a797022,4.75223,1.1243511698715458,3167.4610825239392,-0.607881,O,8.0381
295804,qmof-a797022,4.75223,1.1243511698715458,3167.4610825239392,-0.606501,O,8.1043
295842,qmof-a797022,4.75223,1.1243511698715458,3167.4610825239392,-0.606559,O,8.1047
295880,qmof-a797022,4.75223,1.1243511698715458,3167.4610825239392,-0.613188,O,8.1045
295918,qmof-a797022,4.75223,1.1243511698715458,3167.4610825239392,-0.613223,O,8.0353
295956,qmof-a797022,4.75223,1.1243511698715458,3167.4610825239392,-1.068443,O,8.035
295994,qmof-a797022,4.75223,1.1243511698715458,3167.4610825239392,-1.070275,O,7.7076
296032,qmof-a797022,4.75223,1.1243511698715458,3167.4610825239392,-1.069658,O,7.7063
296070,qmof-a797022,4.75223,1.1243511698715458,3167.4610825239392,-1.070646,O,7.7059
296108,qmof-a797022,4.75223,1.1243511698715458,3167.4610825239392,-1.150749,O,7.708
296146,qmof-a797022,4.75223,1.1243511698715458,3167.4610825239392,-1.148619,O,8.2486
296184,qmof-a797022,4.75223,1.1243511698715458,3167.4610825239392,-1.149527,O,8.2542
296222,qmof-a797022,4.75223,1.1243511698715458,3167.4610825239392,-1.150402,O,8.2494
296260,qmof-a797022,4.75223,1.1243511698715458,3167.4610825239392,0.42308,O,8.2532
296298,qmof-a8728d7,4.99199,0.8066176439762939,4897.277222905808,2.372741,Zr,3.2462
296336,qmof-a8728d7,4.99199,0.8066176439762939,4897.277222905808,2.372404,Zr,3.2461
296374,qmof-a8728d7,4.99199,0.8066176439762939,4897.277222905808,2.372247,Zr,3.247
296412,qmof-a8728d7,4.99199,0.8066176439762939,4897.277222905808,2.372951,Zr,3.2469
296450,qmof-a8728d7,4.99199,0.8066176439762939,4897.277222905808,2.372263,Zr,3.2501
296488,qmof-a8728d7,4.99199,0.8066176439762939,4897.277222905808,-0.623665,Zr,3.2493
296526,qmof-a8728d7,4.99199,0.8066176439762939,4897.277222905808,-0.623759,O,8.177
296564,qmof-a8728d7,4.99199,0.8066176439762939,4897.277222905808,-0.621509,O,8.1774
296602,qmof-a8728d7,4.99199,0.8066176439762939,4897.277222905808,-0.621649,O,8.1599
296640,qmof-a8728d7,4.99199,0.8066176439762939,4897.277222905808,-0.620449,O,8.1595
296678,qmof-a8728d7,4.99199,0.8066176439762939,4897.277222905808,-0.62134,O,8.169
296716,qmof-a8728d7,4.99199,0.8066176439762939,4897.277222905808,-0.619913,O,8.1686
296754,qmof-a8728d7,4.99199,0.8066176439762939,4897.277222905808,-0.621183,O,8.1684
296792,qmof-a8728d7,4.99199,0.8066176439762939,4897.277222905808,-0.620934,O,8.1681
296830,qmof-a8728d7,4.99199,0.8066176439762939,4897.277222905808,-0.621911,O,8.1707
296868,qmof-a8728d7,4.99199,0.8066176439762939,4897.277222905808,-0.622219,O,8.1709
296906,qmof-a8728d7,4.99199,0.8066176439762939,4897.277222905808,-0.620465,O,8.1702
296944,qmof-a8728d7,4.99199,0.8066176439762939,4897.277222905808,-0.621503,O,8.1705
296982,qmof-a8728d7,4.99199,0.8066176439762939,4897.277222905808,-0.621224,O,8.1594
297020,qmof-a8728d7,4.99199,0.8066176439762939,4897.277222905808,-0.621591,O,8.1592
297058,qmof-a8728d7,4.99199,0.8066176439762939,4897.277222905808,-0.621116,O,8.1645
297096,qmof-a8728d7,4.99199,0.8066176439762939,4897.277222905808,-0.622691,O,8.1643
297134,qmof-a8728d7,4.99199,0.8066176439762939,4897.277222905808,-0.620722,O,8.1662
297172,qmof-a8728d7,4.99199,0.8066176439762939,4897.277222905808,-0.622853,O,8.1591
297210,qmof-a8728d7,4.99199,0.8066176439762939,4897.277222905808,-0.620891,O,8.1655
297248,qmof-a8728d7,4.99199,0.8066176439762939,4897.277222905808,-0.620757,O,8.1589
297286,qmof-a8728d7,4.99199,0.8066176439762939,4897.277222905808,-0.620363,O,8.1628
297324,qmof-a8728d7,4.99199,0.8066176439762939,4897.277222905808,-0.620948,O,8.1582
297362,qmof-a8728d7,4.99199,0.8066176439762939,4897.277222905808,-0.620779,O,8.1587
297400,qmof-a8728d7,4.99199,0.8066176439762939,4897.277222905808,-1.065204,O,8.1625
297438,qmof-a8728d7,4.99199,0.8066176439762939,4897.277222905808,-1.065017,O,7.7292
297476,qmof-a8728d7,4.99199,0.8066176439762939,4897.277222905808,-1.065757,O,7.73
297514,qmof-a8728d7,4.99199,0.8066176439762939,4897.277222905808,-1.067131,O,7.7346
297552,qmof-a8728d7,4.99199,0.8066176439762939,4897.277222905808,-1.148769,O,7.7349
297590,qmof-a8728d7,4.99199,0.8066176439762939,4897.277222905808,-1.148299,O,8.2697
297628,qmof-a8728d7,4.99199,0.8066176439762939,4897.277222905808,-1.147919,O,8.2695
297666,qmof-a8728d7,4.99199,0.8066176439762939,4897.277222905808,-1.147735,O,8.2635
297704,qmof-a8728d7,4.99199,0.8066176439762939,4897.277222905808,0.421689,O,8.2639
299414,qmof-aa2679c,4.72367,0.7057339288195975,4748.988892876226,-0.597664,O,8.1732
299452,qmof-aa2679c,4.72367,0.7057339288195975,4748.988892876226,-0.599086,O,8.1416
299490,qmof-aa2679c,4.72367,0.7057339288195975,4748.988892876226,-0.596508,O,8.1423
299528,qmof-aa2679c,4.72367,0.7057339288195975,4748.988892876226,-0.615271,O,8.1688
299566,qmof-aa2679c,4.72367,0.7057339288195975,4748.988892876226,-0.618605,O,8.0657
299604,qmof-aa2679c,4.72367,0.7057339288195975,4748.988892876226,-0.617948,O,8.0013
299642,qmof-aa2679c,4.72367,0.7057339288195975,4748.988892876226,-0.612645,O,8.001
299680,qmof-aa2679c,4.72367,0.7057339288195975,4748.988892876226,-1.156188,O,8.0759
299718,qmof-aa2679c,4.72367,0.7057339288195975,4748.988892876226,-1.155008,O,8.2253
299756,qmof-aa2679c,4.72367,0.7057339288195975,4748.988892876226,-1.074979,O,8.2253
299794,qmof-aa2679c,4.72367,0.7057339288195975,4748.988892876226,-1.078199,O,7.6788
299832,qmof-aa2679c,4.72367,0.7057339288195975,4748.988892876226,-0.59651,O,7.6831
299870,qmof-aa2679c,4.72367,0.7057339288195975,4748.988892876226,-0.599684,O,8.1693
299908,qmof-aa2679c,4.72367,0.7057339288195975,4748.988892876226,-0.598472,O,8.1394
299946,qmof-aa2679c,4.72367,0.7057339288195975,4748.988892876226,-0.594647,O,8.142
299984,qmof-aa2679c,4.72367,0.7057339288195975,4748.988892876226,-0.600026,O,8.1746
300022,qmof-aa2679c,4.72367,0.7057339288195975,4748.988892876226,-0.595085,O,8.1369
300060,qmof-aa2679c,4.72367,0.7057339288195975,4748.988892876226,-0.593996,O,8.1693
300098,qmof-aa2679c,4.72367,0.7057339288195975,4748.988892876226,-0.59928,O,8.1731
300136,qmof-aa2679c,4.72367,0.7057339288195975,4748.988892876226,-0.613167,O,8.1203
300174,qmof-aa2679c,4.72367,0.7057339288195975,4748.988892876226,-0.617734,O,8.075
300212,qmof-aa2679c,4.72367,0.7057339288195975,4748.988892876226,-0.619012,O,8.0005
300250,qmof-aa2679c,4.72367,0.7057339288195975,4748.988892876226,-0.615012,O,8.0026
300288,qmof-aa2679c,4.72367,0.7057339288195975,4748.988892876226,-0.618805,O,8.0659
300326,qmof-aa2679c,4.72367,0.7057339288195975,4748.988892876226,-0.613736,O,8.0005
300364,qmof-aa2679c,4.72367,0.7057339288195975,4748.988892876226,-0.614601,O,8.0743
300402,qmof-aa2679c,4.72367,0.7057339288195975,4748.988892876226,-0.619293,O,8.0658
300440,qmof-aa2679c,4.72367,0.7057339288195975,4748.988892876226,-1.154656,O,7.9918
300478,qmof-aa2679c,4.72367,0.7057339288195975,4748.988892876226,-1.155102,O,8.2212
300516,qmof-aa2679c,4.72367,0.7057339288195975,4748.988892876226,-1.07877,O,8.2257
300554,qmof-aa2679c,4.72367,0.7057339288195975,4748.988892876226,-1.076497,O,7.6948
300592,qmof-aa2679c,4.72367,0.7057339288195975,4748.988892876226,0.12804,O,7.6835
300630,qmof-ab0e24b,3.37627,1.4668193916263097,2314.5478696207697,2.372666,Zr,3.235
300688,qmof-ab0e24b,3.37627,1.4668193916263097,2314.5478696207697,2.369433,Zr,3.2382
300746,qmof-ab0e24b,3.37627,1.4668193916263097,2314.5478696207697,2.366677,Zr,3.2378
300804,qmof-ab0e24b,3.37627,1.4668193916263097,2314.5478696207697,2.366911,Zr,3.236
300862,qmof-ab0e24b,3.37627,1.4668193916263097,2314.5478696207697,2.365871,Zr,3.2197
300920,qmof-ab0e24b,3.37627,1.4668193916263097,2314.5478696207697,-0.629605,Zr,3.2219
300978,qmof-ab0e24b,3.37627,1.4668193916263097,2314.5478696207697,-0.625527,O,8.2103
301036,qmof-ab0e24b,3.37627,1.4668193916263097,2314.5478696207697,-0.623642,O,8.197
301094,qmof-ab0e24b,3.37627,1.4668193916263097,2314.5478696207697,-0.629578,O,8.1973
301152,qmof-ab0e24b,3.37627,1.4668193916263097,2314.5478696207697,-0.626624,O,8.2132
301210,qmof-ab0e24b,3.37627,1.4668193916263097,2314.5478696207697,-0.632446,O,8.046
301268,qmof-ab0e24b,3.37627,1.4668193916263097,2314.5478696207697,-0.620657,O,8.213
301326,qmof-ab0e24b,3.37627,1.4668193916263097,2314.5478696207697,-0.633978,O,7.9859
301384,qmof-ab0e24b,3.37627,1.4668193916263097,2314.5478696207697,-0.633148,O,8.2142
301442,qmof-ab0e24b,3.37627,1.4668193916263097,2314.5478696207697,-0.633511,O,8.2093
301500,qmof-ab0e24b,3.37627,1.4668193916263097,2314.5478696207697,-0.631275,O,8.2061
301558,qmof-ab0e24b,3.37627,1.4668193916263097,2314.5478696207697,-0.631278,O,8.2072
301616,qmof-ab0e24b,3.37627,1.4668193916263097,2314.5478696207697,-0.628353,O,8.2084
301674,qmof-ab0e24b,3.37627,1.4668193916263097,2314.5478696207697,-0.628603,O,8.2089
301732,qmof-ab0e24b,3.37627,1.4668193916263097,2314.5478696207697,-0.629154,O,8.2145
301790,qmof-ab0e24b,3.37627,1.4668193916263097,2314.5478696207697,-0.630081,O,8.2096
301848,qmof-ab0e24b,3.37627,1.4668193916263097,2314.5478696207697,-0.619176,O,8.2069
301906,qmof-ab0e24b,3.37627,1.4668193916263097,2314.5478696207697,-0.632429,O,8.0137
301964,qmof-ab0e24b,3.37627,1.4668193916263097,2314.5478696207697,-0.640237,O,8.2167
302022,qmof-ab0e24b,3.37627,1.4668193916263097,2314.5478696207697,-0.633448,O,7.8817
302080,qmof-ab0e24b,3.37627,1.4668193916263097,2314.5478696207697,-0.63397,O,8.2137
302138,qmof-ab0e24b,3.37627,1.4668193916263097,2314.5478696207697,-0.633599,O,8.2023
302196,qmof-ab0e24b,3.37627,1.4668193916263097,2314.5478696207697,-0.633354,O,8.2048
302254,qmof-ab0e24b,3.37627,1.4668193916263097,2314.5478696207697,-0.635938,O,8.2058
302312,qmof-ab0e24b,3.37627,1.4668193916263097,2314.5478696207697,-1.067394,O,8.2031
302370,qmof-ab0e24b,3.37627,1.4668193916263097,2314.5478696207697,-1.068677,O,7.7731
302428,qmof-ab0e24b,3.37627,1.4668193916263097,2314.5478696207697,-1.068215,O,7.772
302486,qmof-ab0e24b,3.37627,1.4668193916263097,2314.5478696207697,-1.070064,O,7.7561
302544,qmof-ab0e24b,3.37627,1.4668193916263097,2314.5478696207697,-1.144109,O,7.7569
302602,qmof-ab0e24b,3.37627,1.4668193916263097,2314.5478696207697,-1.141165,O,8.366
302660,qmof-ab0e24b,3.37627,1.4668193916263097,2314.5478696207697,-1.141917,O,8.3672
302718,qmof-ab0e24b,3.37627,1.4668193916263097,2314.5478696207697,-1.143091,O,8.3384
302776,qmof-ab0e24b,3.37627,1.4668193916263097,2314.5478696207697,-0.400329,O,8.3383
303994,qmof-abab937,3.6213,1.368926864247321,2288.1785354881767,2.380507,Zr,3.2438
304032,qmof-abab937,3.6213,1.368926864247321,2288.1785354881767,2.377116,Zr,3.2437
304070,qmof-abab937,3.6213,1.368926864247321,2288.1785354881767,2.373067,Zr,3.2471
304108,qmof-abab937,3.6213,1.368926864247321,2288.1785354881767,2.374565,Zr,3.2457
304146,qmof-abab937,3.6213,1.368926864247321,2288.1785354881767,2.376478,Zr,3.2374
304184,qmof-abab937,3.6213,1.368926864247321,2288.1785354881767,-0.614218,Zr,3.2401
304222,qmof-abab937,3.6213,1.368926864247321,2288.1785354881767,-0.621748,O,8.2055
304260,qmof-abab937,3.6213,1.368926864247321,2288.1785354881767,-0.622368,O,7.9902
304298,qmof-abab937,3.6213,1.368926864247321,2288.1785354881767,-0.613824,O,8.0072
304336,qmof-abab937,3.6213,1.368926864247321,2288.1785354881767,-0.621936,O,8.1659
304374,qmof-abab937,3.6213,1.368926864247321,2288.1785354881767,-0.613009,O,8.1257
304412,qmof-abab937,3.6213,1.368926864247321,2288.1785354881767,-0.620412,O,8.1874
304450,qmof-abab937,3.6213,1.368926864247321,2288.1785354881767,-0.625413,O,8.1219
304488,qmof-abab937,3.6213,1.368926864247321,2288.1785354881767,-0.62471,O,8.0026
304526,qmof-abab937,3.6213,1.368926864247321,2288.1785354881767,-0.624313,O,7.9906
304564,qmof-abab937,3.6213,1.368926864247321,2288.1785354881767,-0.617141,O,8.0235
304602,qmof-abab937,3.6213,1.368926864247321,2288.1785354881767,-0.612504,O,8.1679
304640,qmof-abab937,3.6213,1.368926864247321,2288.1785354881767,-0.612603,O,8.186
304678,qmof-abab937,3.6213,1.368926864247321,2288.1785354881767,-0.611089,O,8.162
304716,qmof-abab937,3.6213,1.368926864247321,2288.1785354881767,-0.616329,O,8.1753
304754,qmof-abab937,3.6213,1.368926864247321,2288.1785354881767,-0.610186,O,8.2036
304792,qmof-abab937,3.6213,1.368926864247321,2288.1785354881767,-0.615509,O,8.1511
304830,qmof-abab937,3.6213,1.368926864247321,2288.1785354881767,-0.607882,O,8.1541
304868,qmof-abab937,3.6213,1.368926864247321,2288.1785354881767,-0.611169,O,8.1431
304906,qmof-abab937,3.6213,1.368926864247321,2288.1785354881767,-0.616804,O,8.1144
304944,qmof-abab937,3.6213,1.368926864247321,2288.1785354881767,-0.614237,O,8.166
304982,qmof-abab937,3.6213,1.368926864247321,2288.1785354881767,-0.609822,O,8.1276
305020,qmof-abab937,3.6213,1.368926864247321,2288.1785354881767,-0.614074,O,8.1575
305058,qmof-abab937,3.6213,1.368926864247321,2288.1785354881767,-0.614283,O,8.1511
305096,qmof-abab937,3.6213,1.368926864247321,2288.1785354881767,-1.070555,O,8.176
305134,qmof-abab937,3.6213,1.368926864247321,2288.1785354881767,-1.066592,O,7.7531
305172,qmof-abab937,3.6213,1.368926864247321,2288.1785354881767,-1.070001,O,7.7118
305210,qmof-abab937,3.6213,1.368926864247321,2288.1785354881767,-1.068298,O,7.7337
305248,qmof-abab937,3.6213,1.368926864247321,2288.1785354881767,-1.147846,O,7.73
305286,qmof-abab937,3.6213,1.368926864247321,2288.1785354881767,-1.149384,O,8.2872
305324,qmof-abab937,3.6213,1.368926864247321,2288.1785354881767,-1.149374,O,8.2853
305362,qmof-abab937,3.6213,1.368926864247321,2288.1785354881767,-1.147359,O,8.2929
305400,qmof-abab937,3.6213,1.368926864247321,2288.1785354881767,0.420706,O,8.2817
305438,qmof-ad36e2f,3.88779,1.3209176226970414,2286.9624499258816,2.358986,Zr,3.2504
305476,qmof-ad36e2f,3.88779,1.3209176226970414,2286.9624499258816,2.367741,Zr,3.2177
305514,qmof-ad36e2f,3.88779,1.3209176226970414,2286.9624499258816,2.372039,Zr,3.2361
305552,qmof-ad36e2f,3.88779,1.3209176226970414,2286.9624499258816,2.366927,Zr,3.2516
305590,qmof-ad36e2f,3.88779,1.3209176226970414,2286.9624499258816,2.366848,Zr,3.2334
305628,qmof-ad36e2f,3.88779,1.3209176226970414,2286.9624499258816,-0.613124,Zr,3.2326
305666,qmof-ad36e2f,3.88779,1.3209176226970414,2286.9624499258816,-0.631214,O,8.1721
305704,qmof-ad36e2f,3.88779,1.3209176226970414,2286.9624499258816,-0.634925,O,8.1573
305742,qmof-ad36e2f,3.88779,1.3209176226970414,2286.9624499258816,-0.612865,O,8.2163
305780,qmof-ad36e2f,3.88779,1.3209176226970414,2286.9624499258816,-0.63197,O,8.1524
305818,qmof-ad36e2f,3.88779,1.3209176226970414,2286.9624499258816,-0.616799,O,8.1567
305856,qmof-ad36e2f,3.88779,1.3209176226970414,2286.9624499258816,-0.613031,O,8.1552
305894,qmof-ad36e2f,3.88779,1.3209176226970414,2286.9624499258816,-0.629182,O,8.0992
305932,qmof-ad36e2f,3.88779,1.3209176226970414,2286.9624499258816,-0.628332,O,8.1582
305970,qmof-ad36e2f,3.88779,1.3209176226970414,2286.9624499258816,-0.623468,O,8.1559
306008,qmof-ad36e2f,3.88779,1.3209176226970414,2286.9624499258816,-0.62213,O,8.1759
306046,qmof-ad36e2f,3.88779,1.3209176226970414,2286.9624499258816,-0.617407,O,8.1411
306084,qmof-ad36e2f,3.88779,1.3209176226970414,2286.9624499258816,-0.629683,O,8.1588
306122,qmof-ad36e2f,3.88779,1.3209176226970414,2286.9624499258816,-0.61859,O,8.1857
306160,qmof-ad36e2f,3.88779,1.3209176226970414,2286.9624499258816,-0.619732,O,8.1524
306198,qmof-ad36e2f,3.88779,1.3209176226970414,2286.9624499258816,-0.627681,O,8.1719
306236,qmof-ad36e2f,3.88779,1.3209176226970414,2286.9624499258816,-0.61119,O,8.1221
306274,qmof-ad36e2f,3.88779,1.3209176226970414,2286.9624499258816,-0.633451,O,8.1123
306312,qmof-ad36e2f,3.88779,1.3209176226970414,2286.9624499258816,-0.639519,O,8.1197
306350,qmof-ad36e2f,3.88779,1.3209176226970414,2286.9624499258816,-0.622459,O,8.1965
306388,qmof-ad36e2f,3.88779,1.3209176226970414,2286.9624499258816,-0.627816,O,8.1415
306426,qmof-ad36e2f,3.88779,1.3209176226970414,2286.9624499258816,-0.622386,O,8.1223
306464,qmof-ad36e2f,3.88779,1.3209176226970414,2286.9624499258816,-0.628762,O,8.1477
306502,qmof-ad36e2f,3.88779,1.3209176226970414,2286.9624499258816,-0.620616,O,8.1255
306540,qmof-ad36e2f,3.88779,1.3209176226970414,2286.9624499258816,-1.066879,O,8.1106
306578,qmof-ad36e2f,3.88779,1.3209176226970414,2286.9624499258816,-1.069672,O,7.7938
306616,qmof-ad36e2f,3.88779,1.3209176226970414,2286.9624499258816,-1.070531,O,7.7247
306654,qmof-ad36e2f,3.88779,1.3209176226970414,2286.9624499258816,-1.067373,O,7.747
306692,qmof-ad36e2f,3.88779,1.3209176226970414,2286.9624499258816,-1.145344,O,7.7322
306730,qmof-ad36e2f,3.88779,1.3209176226970414,2286.9624499258816,-1.146681,O,8.3271
306768,qmof-ad36e2f,3.88779,1.3209176226970414,2286.9624499258816,-1.146013,O,8.2772
306806,qmof-ad36e2f,3.88779,1.3209176226970414,2286.9624499258816,-1.14758,O,8.3193
306844,qmof-ad36e2f,3.88779,1.3209176226970414,2286.9624499258816,0.42223,O,8.3049
306882,qmof-ad3c4dd,4.02302,1.326977440784015,3194.501007393321,2.370021,Zr,3.2398
306944,qmof-ad3c4dd,4.02302,1.326977440784015,3194.501007393321,2.384811,Zr,3.2399
307130,qmof-ad3c4dd,4.02302,1.326977440784015,3194.501007393321,2.363731,Zr,3.2132
307192,qmof-ad3c4dd,4.02302,1.326977440784015,3194.501007393321,-0.59783,Zr,3.2186
307254,qmof-ad3c4dd,4.02302,1.326977440784015,3194.501007393321,-0.598384,O,8.057
307316,qmof-ad3c4dd,4.02302,1.326977440784015,3194.501007393321,-0.595322,O,8.0598
307378,qmof-ad3c4dd,4.02302,1.326977440784015,3194.501007393321,-0.59419,O,8.0953
307440,qmof-ad3c4dd,4.02302,1.326977440784015,3194.501007393321,-0.599037,O,8.0662
307502,qmof-ad3c4dd,4.02302,1.326977440784015,3194.501007393321,-0.585142,O,8.0649
307564,qmof-ad3c4dd,4.02302,1.326977440784015,3194.501007393321,-0.597542,O,8.0946
307626,qmof-ad3c4dd,4.02302,1.326977440784015,3194.501007393321,-0.583449,O,8.0428
307688,qmof-ad3c4dd,4.02302,1.326977440784015,3194.501007393321,-0.613163,O,8.0876
307750,qmof-ad3c4dd,4.02302,1.326977440784015,3194.501007393321,-0.612794,O,8.0788
307812,qmof-ad3c4dd,4.02302,1.326977440784015,3194.501007393321,-0.613468,O,8.0666
307874,qmof-ad3c4dd,4.02302,1.326977440784015,3194.501007393321,-0.614402,O,8.0719
307936,qmof-ad3c4dd,4.02302,1.326977440784015,3194.501007393321,-0.60575,O,8.0858
307998,qmof-ad3c4dd,4.02302,1.326977440784015,3194.501007393321,-0.604163,O,7.9903
308060,qmof-ad3c4dd,4.02302,1.326977440784015,3194.501007393321,-0.606317,O,7.9975
308122,qmof-ad3c4dd,4.02302,1.326977440784015,3194.501007393321,-0.606234,O,7.9914
308184,qmof-ad3c4dd,4.02302,1.326977440784015,3194.501007393321,-0.629427,O,7.9988
308246,qmof-ad3c4dd,4.02302,1.326977440784015,3194.501007393321,-0.619799,O,8.0137
308308,qmof-ad3c4dd,4.02302,1.326977440784015,3194.501007393321,-0.629316,O,8.2257
308370,qmof-ad3c4dd,4.02302,1.326977440784015,3194.501007393321,-0.619085,O,8.0194
308432,qmof-ad3c4dd,4.02302,1.326977440784015,3194.501007393321,-0.616705,O,8.2295
308494,qmof-ad3c4dd,4.02302,1.326977440784015,3194.501007393321,-0.614265,O,8.2262
308556,qmof-ad3c4dd,4.02302,1.326977440784015,3194.501007393321,-0.613524,O,8.2414
308618,qmof-ad3c4dd,4.02302,1.326977440784015,3194.501007393321,-0.615815,O,8.2384
308680,qmof-ad3c4dd,4.02302,1.326977440784015,3194.501007393321,-1.069944,O,8.2286
308742,qmof-ad3c4dd,4.02302,1.326977440784015,3194.501007393321,-1.07139,O,7.7673
308804,qmof-ad3c4dd,4.02302,1.326977440784015,3194.501007393321,-1.06953,O,7.7681
308866,qmof-ad3c4dd,4.02302,1.326977440784015,3194.501007393321,-1.071998,O,7.7278
308928,qmof-ad3c4dd,4.02302,1.326977440784015,3194.501007393321,-1.149743,O,7.7709
308990,qmof-ad3c4dd,4.02302,1.326977440784015,3194.501007393321,-1.14961,O,8.3241
309052,qmof-ad3c4dd,4.02302,1.326977440784015,3194.501007393321,-1.150439,O,8.3375
309114,qmof-ad3c4dd,4.02302,1.326977440784015,3194.501007393321,-1.150804,O,8.3136
309176,qmof-ad3c4dd,4.02302,1.326977440784015,3194.501007393321,-0.45927,O,8.3149
309238,qmof-ad3c4dd,4.02302,1.326977440784015,3194.501007393321,-0.424469,O,7.1935
309300,qmof-ad3c4dd,4.02302,1.326977440784015,3194.501007393321,-0.470585,O,8.0246
309362,qmof-ad3c4dd,4.02302,1.326977440784015,3194.501007393321,-0.459067,O,7.2026
309424,qmof-ad3c4dd,4.02302,1.326977440784015,3194.501007393321,-0.469769,O,8.0618
309486,qmof-ad3c4dd,4.02302,1.326977440784015,3194.501007393321,-0.456833,O,7.2185
309548,qmof-ad3c4dd,4.02302,1.326977440784015,3194.501007393321,-0.459711,O,8.0572
309610,qmof-ad3c4dd,4.02302,1.326977440784015,3194.501007393321,-0.424457,O,7.2004
309672,qmof-ad3c4dd,4.02302,1.326977440784015,3194.501007393321,-0.441365,O,8.0303
309796,qmof-ad3c4dd,4.02302,1.326977440784015,3194.501007393321,-0.433009,O,8.2711
309920,qmof-ad3c4dd,4.02302,1.326977440784015,3194.501007393321,-0.433244,O,8.3546
310044,qmof-ad3c4dd,4.02302,1.326977440784015,3194.501007393321,-0.462239,O,8.3458
310168,qmof-ad3c4dd,4.02302,1.326977440784015,3194.501007393321,-0.462304,O,8.3268
310230,qmof-ad3c4dd,4.02302,1.326977440784015,3194.501007393321,-0.439172,O,7.2391
310292,qmof-ad3c4dd,4.02302,1.326977440784015,3194.501007393321,-0.463003,O,8.0463
310354,qmof-ad3c4dd,4.02302,1.326977440784015,3194.501007393321,-0.443208,O,7.2374
310416,qmof-ad3c4dd,4.02302,1.326977440784015,3194.501007393321,-0.447044,O,8.0551
310540,qmof-ad3c4dd,4.02302,1.326977440784015,3194.501007393321,-0.443232,O,8.2273
310664,qmof-ad3c4dd,4.02302,1.326977440784015,3194.501007393321,0.431958,O,8.2132
312170,qmof-aea7c01,3.71828,0.8594672093972353,4863.123125640094,2.371575,Zr,3.2421
312212,qmof-aea7c01,3.71828,0.8594672093972353,4863.123125640094,2.372871,Zr,3.2422
312254,qmof-aea7c01,3.71828,0.8594672093972353,4863.123125640094,2.373003,Zr,3.242
312296,qmof-aea7c01,3.71828,0.8594672093972353,4863.123125640094,2.37214,Zr,3.2422
312338,qmof-aea7c01,3.71828,0.8594672093972353,4863.123125640094,2.373577,Zr,3.249
312380,qmof-aea7c01,3.71828,0.8594672093972353,4863.123125640094,-0.621936,Zr,3.2473
312422,qmof-aea7c01,3.71828,0.8594672093972353,4863.123125640094,-0.622886,O,8.1443
312464,qmof-aea7c01,3.71828,0.8594672093972353,4863.123125640094,-0.624047,O,8.1428
312506,qmof-aea7c01,3.71828,0.8594672093972353,4863.123125640094,-0.62412,O,8.1466
312548,qmof-aea7c01,3.71828,0.8594672093972353,4863.123125640094,-0.610302,O,8.1477
312590,qmof-aea7c01,3.71828,0.8594672093972353,4863.123125640094,-0.620975,O,8.239
312632,qmof-aea7c01,3.71828,0.8594672093972353,4863.123125640094,-0.610836,O,8.1339
312674,qmof-aea7c01,3.71828,0.8594672093972353,4863.123125640094,-0.621027,O,8.2401
312716,qmof-aea7c01,3.71828,0.8594672093972353,4863.123125640094,-0.622413,O,8.1334
312758,qmof-aea7c01,3.71828,0.8594672093972353,4863.123125640094,-0.620728,O,8.1414
312800,qmof-aea7c01,3.71828,0.8594672093972353,4863.123125640094,-0.62061,O,8.1462
312842,qmof-aea7c01,3.71828,0.8594672093972353,4863.123125640094,-0.621625,O,8.1453
312884,qmof-aea7c01,3.71828,0.8594672093972353,4863.123125640094,-0.625586,O,8.1413
312926,qmof-aea7c01,3.71828,0.8594672093972353,4863.123125640094,-0.626015,O,8.1433
312968,qmof-aea7c01,3.71828,0.8594672093972353,4863.123125640094,-0.622281,O,8.1423
313010,qmof-aea7c01,3.71828,0.8594672093972353,4863.123125640094,-0.622294,O,8.1377
313052,qmof-aea7c01,3.71828,0.8594672093972353,4863.123125640094,-0.610599,O,8.1388
313094,qmof-aea7c01,3.71828,0.8594672093972353,4863.123125640094,-0.622927,O,8.233
313136,qmof-aea7c01,3.71828,0.8594672093972353,4863.123125640094,-0.611335,O,8.1297
313178,qmof-aea7c01,3.71828,0.8594672093972353,4863.123125640094,-0.62403,O,8.2346
313220,qmof-aea7c01,3.71828,0.8594672093972353,4863.123125640094,-0.621567,O,8.1291
313262,qmof-aea7c01,3.71828,0.8594672093972353,4863.123125640094,-0.621624,O,8.1443
313304,qmof-aea7c01,3.71828,0.8594672093972353,4863.123125640094,-0.622047,O,8.1447
313346,qmof-aea7c01,3.71828,0.8594672093972353,4863.123125640094,-0.620805,O,8.1437
313388,qmof-aea7c01,3.71828,0.8594672093972353,4863.123125640094,-1.066538,O,8.1434
313430,qmof-aea7c01,3.71828,0.8594672093972353,4863.123125640094,-1.068066,O,7.7229
313472,qmof-aea7c01,3.71828,0.8594672093972353,4863.123125640094,-1.067353,O,7.7236
313514,qmof-aea7c01,3.71828,0.8594672093972353,4863.123125640094,-1.068932,O,7.7267
313556,qmof-aea7c01,3.71828,0.8594672093972353,4863.123125640094,-1.146691,O,7.7273
313598,qmof-aea7c01,3.71828,0.8594672093972353,4863.123125640094,-1.14752,O,8.2688
313640,qmof-aea7c01,3.71828,0.8594672093972353,4863.123125640094,-1.149163,O,8.2689
313682,qmof-aea7c01,3.71828,0.8594672093972353,4863.123125640094,-1.149696,O,8.2825
313724,qmof-aea7c01,3.71828,0.8594672093972353,4863.123125640094,-0.480649,O,8.2826
313808,qmof-aea7c01,3.71828,0.8594672093972353,4863.123125640094,-0.480691,O,8.29
313892,qmof-aea7c01,3.71828,0.8594672093972353,4863.123125640094,0.421583,O,8.2885
313934,qmof-af907bf,5.13219,0.9064668271549432,4897.086528699873,2.373728,Zr,3.2465
313978,qmof-af907bf,5.13219,0.9064668271549432,4897.086528699873,2.373085,Zr,3.2464
314022,qmof-af907bf,5.13219,0.9064668271549432,4897.086528699873,2.373167,Zr,3.244
314066,qmof-af907bf,5.13219,0.9064668271549432,4897.086528699873,2.373611,Zr,3.244
314110,qmof-af907bf,5.13219,0.9064668271549432,4897.086528699873,2.3732,Zr,3.2532
314154,qmof-af907bf,5.13219,0.9064668271549432,4897.086528699873,-0.619007,Zr,3.2524
314198,qmof-af907bf,5.13219,0.9064668271549432,4897.086528699873,-0.619135,O,8.1635
314242,qmof-af907bf,5.13219,0.9064668271549432,4897.086528699873,-0.620555,O,8.1639
314286,qmof-af907bf,5.13219,0.9064668271549432,4897.086528699873,-0.620223,O,8.1572
314330,qmof-af907bf,5.13219,0.9064668271549432,4897.086528699873,-0.618081,O,8.157
314374,qmof-af907bf,5.13219,0.9064668271549432,4897.086528699873,-0.618163,O,8.2062
314418,qmof-af907bf,5.13219,0.9064668271549432,4897.086528699873,-0.618611,O,8.1648
314462,qmof-af907bf,5.13219,0.9064668271549432,4897.086528699873,-0.619326,O,8.2073
314506,qmof-af907bf,5.13219,0.9064668271549432,4897.086528699873,-0.616966,O,8.1667
314550,qmof-af907bf,5.13219,0.9064668271549432,4897.086528699873,-0.619725,O,8.1644
314594,qmof-af907bf,5.13219,0.9064668271549432,4897.086528699873,-0.620658,O,8.1559
314638,qmof-af907bf,5.13219,0.9064668271549432,4897.086528699873,-0.617214,O,8.1564
314682,qmof-af907bf,5.13219,0.9064668271549432,4897.086528699873,-0.617913,O,8.1642
314726,qmof-af907bf,5.13219,0.9064668271549432,4897.086528699873,-0.618685,O,8.1391
314770,qmof-af907bf,5.13219,0.9064668271549432,4897.086528699873,-0.626763,O,8.1402
314814,qmof-af907bf,5.13219,0.9064668271549432,4897.086528699873,-0.626382,O,8.176
314858,qmof-af907bf,5.13219,0.9064668271549432,4897.086528699873,-0.610651,O,8.1749
314902,qmof-af907bf,5.13219,0.9064668271549432,4897.086528699873,-0.619719,O,8.2074
314946,qmof-af907bf,5.13219,0.9064668271549432,4897.086528699873,-0.610712,O,8.151
314990,qmof-af907bf,5.13219,0.9064668271549432,4897.086528699873,-0.619281,O,8.2069
315034,qmof-af907bf,5.13219,0.9064668271549432,4897.086528699873,-0.616455,O,8.1507
315078,qmof-af907bf,5.13219,0.9064668271549432,4897.086528699873,-0.616745,O,8.1567
315122,qmof-af907bf,5.13219,0.9064668271549432,4897.086528699873,-0.616735,O,8.1602
315166,qmof-af907bf,5.13219,0.9064668271549432,4897.086528699873,-0.615804,O,8.1596
315210,qmof-af907bf,5.13219,0.9064668271549432,4897.086528699873,-1.071408,O,8.1558
315254,qmof-af907bf,5.13219,0.9064668271549432,4897.086528699873,-1.071958,O,7.7246
315298,qmof-af907bf,5.13219,0.9064668271549432,4897.086528699873,-1.070746,O,7.7247
315342,qmof-af907bf,5.13219,0.9064668271549432,4897.086528699873,-1.069154,O,7.7225
315386,qmof-af907bf,5.13219,0.9064668271549432,4897.086528699873,-1.149222,O,7.7225
315430,qmof-af907bf,5.13219,0.9064668271549432,4897.086528699873,-1.148855,O,8.2773
315474,qmof-af907bf,5.13219,0.9064668271549432,4897.086528699873,-1.149471,O,8.2773
315518,qmof-af907bf,5.13219,0.9064668271549432,4897.086528699873,-1.150338,O,8.28
315562,qmof-af907bf,5.13219,0.9064668271549432,4897.086528699873,-0.532752,O,8.2804
315606,qmof-af907bf,5.13219,0.9064668271549432,4897.086528699873,-0.502351,O,7.1819
315650,qmof-af907bf,5.13219,0.9064668271549432,4897.086528699873,-0.539745,O,8.7548
315738,qmof-af907bf,5.13219,0.9064668271549432,4897.086528699873,-0.502671,O,7.1819
315782,qmof-af907bf,5.13219,0.9064668271549432,4897.086528699873,-0.53973,O,8.7547
316959,qmof-b078db5,4.91351,1.077851215684749,3211.7665012966004,2.374794,Zr,3.256
316997,qmof-b078db5,4.91351,1.077851215684749,3211.7665012966004,2.370349,Zr,3.2561
317035,qmof-b078db5,4.91351,1.077851215684749,3211.7665012966004,2.369283,Zr,3.2432
317073,qmof-b078db5,4.91351,1.077851215684749,3211.7665012966004,2.377165,Zr,3.2424
317111,qmof-b078db5,4.91351,1.077851215684749,3211.7665012966004,2.377939,Zr,3.258
317149,qmof-b078db5,4.91351,1.077851215684749,3211.7665012966004,-0.619368,Zr,3.2575
317187,qmof-b078db5,4.91351,1.077851215684749,3211.7665012966004,-0.619852,O,8.123
317225,qmof-b078db5,4.91351,1.077851215684749,3211.7665012966004,-0.619966,O,8.1228
317263,qmof-b078db5,4.91351,1.077851215684749,3211.7665012966004,-0.618687,O,8.1262
317301,qmof-b078db5,4.91351,1.077851215684749,3211.7665012966004,-0.63596,O,8.1264
317339,qmof-b078db5,4.91351,1.077851215684749,3211.7665012966004,-0.620802,O,8.1275
317377,qmof-b078db5,4.91351,1.077851215684749,3211.7665012966004,-0.634726,O,8.1436
317415,qmof-b078db5,4.91351,1.077851215684749,3211.7665012966004,-0.621553,O,8.1277
317453,qmof-b078db5,4.91351,1.077851215684749,3211.7665012966004,-0.619585,O,8.1415
317491,qmof-b078db5,4.91351,1.077851215684749,3211.7665012966004,-0.62123,O,8.1341
317529,qmof-b078db5,4.91351,1.077851215684749,3211.7665012966004,-0.620648,O,8.1382
317567,qmof-b078db5,4.91351,1.077851215684749,3211.7665012966004,-0.619452,O,8.1379
317605,qmof-b078db5,4.91351,1.077851215684749,3211.7665012966004,-0.618188,O,8.1345
317643,qmof-b078db5,4.91351,1.077851215684749,3211.7665012966004,-0.618023,O,8.1059
317681,qmof-b078db5,4.91351,1.077851215684749,3211.7665012966004,-0.616014,O,8.1047
317719,qmof-b078db5,4.91351,1.077851215684749,3211.7665012966004,-0.616422,O,8.099
317757,qmof-b078db5,4.91351,1.077851215684749,3211.7665012966004,-0.629749,O,8.0996
317795,qmof-b078db5,4.91351,1.077851215684749,3211.7665012966004,-0.61339,O,8.0596
317833,qmof-b078db5,4.91351,1.077851215684749,3211.7665012966004,-0.629372,O,8.096
317871,qmof-b078db5,4.91351,1.077851215684749,3211.7665012966004,-0.612706,O,8.0604
317909,qmof-b078db5,4.91351,1.077851215684749,3211.7665012966004,-0.615016,O,8.0946
317947,qmof-b078db5,4.91351,1.077851215684749,3211.7665012966004,-0.611724,O,8.0996
317985,qmof-b078db5,4.91351,1.077851215684749,3211.7665012966004,-0.612974,O,8.0985
318023,qmof-b078db5,4.91351,1.077851215684749,3211.7665012966004,-0.614705,O,8.0981
318061,qmof-b078db5,4.91351,1.077851215684749,3211.7665012966004,-1.068801,O,8.0998
318099,qmof-b078db5,4.91351,1.077851215684749,3211.7665012966004,-1.069409,O,7.7098
318137,qmof-b078db5,4.91351,1.077851215684749,3211.7665012966004,-1.068478,O,7.7096
318175,qmof-b078db5,4.91351,1.077851215684749,3211.7665012966004,-1.068843,O,7.7041
318213,qmof-b078db5,4.91351,1.077851215684749,3211.7665012966004,-1.148123,O,7.7042
318251,qmof-b078db5,4.91351,1.077851215684749,3211.7665012966004,-1.147267,O,8.2781
318289,qmof-b078db5,4.91351,1.077851215684749,3211.7665012966004,-1.146597,O,8.2789
318327,qmof-b078db5,4.91351,1.077851215684749,3211.7665012966004,-1.146961,O,8.2667
318365,qmof-b078db5,4.91351,1.077851215684749,3211.7665012966004,0.425886,O,8.2671
318403,qmof-b094b1a,5.21555,1.176725153017765,3044.532325286021,0.388888,Ni,9.9021
318415,qmof-b094b1a,5.21555,1.176725153017765,3044.532325286021,-0.293191,Ni,9.9021
318427,qmof-b094b1a,5.21555,1.176725153017765,3044.532325286021,-0.290091,N,5.8338
318439,qmof-b094b1a,5.21555,1.176725153017765,3044.532325286021,-0.292018,N,5.8372
318451,qmof-b094b1a,5.21555,1.176725153017765,3044.532325286021,-0.292198,N,5.8236
318463,qmof-b094b1a,5.21555,1.176725153017765,3044.532325286021,0.045511,N,5.8313
318475,qmof-b094b1a,5.21555,1.176725153017765,3044.532325286021,-0.293043,N,5.6438
318487,qmof-b094b1a,5.21555,1.176725153017765,3044.532325286021,-0.290118,N,5.8338
318499,qmof-b094b1a,5.21555,1.176725153017765,3044.532325286021,-0.291979,N,5.8372
318511,qmof-b094b1a,5.21555,1.176725153017765,3044.532325286021,-0.292338,N,5.8236
318523,qmof-b094b1a,5.21555,1.176725153017765,3044.532325286021,0.045492,N,5.8313
318535,qmof-b094b1a,5.21555,1.176725153017765,3044.532325286021,0.858141,N,5.6438
319991,qmof-b1e5ed5,4.66987,1.328663451760034,1777.4194222082804,0.258747,Ag,10.772
320001,qmof-b1e5ed5,4.66987,1.328663451760034,1777.4194222082804,-0.207125,Ag,10.7717
320011,qmof-b1e5ed5,4.66987,1.328663451760034,1777.4194222082804,-0.207062,N,5.4459
320021,qmof-b1e5ed5,4.66987,1.328663451760034,1777.4194222082804,-0.205942,N,5.4454
320031,qmof-b1e5ed5,4.66987,1.328663451760034,1777.4194222082804,-0.207151,N,5.4449
320041,qmof-b1e5ed5,4.66987,1.328663451760034,1777.4194222082804,-0.207041,N,5.4461
320051,qmof-b1e5ed5,4.66987,1.328663451760034,1777.4194222082804,-0.207202,N,5.4459
320061,qmof-b1e5ed5,4.66987,1.328663451760034,1777.4194222082804,-0.206055,N,5.4454
320071,qmof-b1e5ed5,4.66987,1.328663451760034,1777.4194222082804,-0.207221,N,5.4449
320081,qmof-b1e5ed5,4.66987,1.328663451760034,1777.4194222082804,1.346842,N,5.4461
320243,qmof-b23c232,12.00488,0.8138959056547106,3403.1387360857066,2.362952,Zr,3.2671
320281,qmof-b23c232,12.00488,0.8138959056547106,3403.1387360857066,-0.626883,Zr,3.264
320319,qmof-b23c232,12.00488,0.8138959056547106,3403.1387360857066,-0.604104,O,7.9921
320357,qmof-b23c232,12.00488,0.8138959056547106,3403.1387360857066,-0.65715,O,8.0504
320395,qmof-b23c232,12.00488,0.8138959056547106,3403.1387360857066,-0.587217,O,8.133
320433,qmof-b23c232,12.00488,0.8138959056547106,3403.1387360857066,-0.644434,O,8.1208
320471,qmof-b23c232,12.00488,0.8138959056547106,3403.1387360857066,-0.586501,O,8.1305
320509,qmof-b23c232,12.00488,0.8138959056547106,3403.1387360857066,-0.602029,O,8.1023
320547,qmof-b23c232,12.00488,0.8138959056547106,3403.1387360857066,-0.611214,O,8.1533
320585,qmof-b23c232,12.00488,0.8138959056547106,3403.1387360857066,-0.952854,O,8.0573
320623,qmof-b23c232,12.00488,0.8138959056547106,3403.1387360857066,-0.815779,O,7.505
320661,qmof-b23c232,12.00488,0.8138959056547106,3403.1387360857066,-0.781494,O,7.3222
320737,qmof-b23c232,12.00488,0.8138959056547106,3403.1387360857066,-1.174154,O,7.8132
320775,qmof-b23c232,12.00488,0.8138959056547106,3403.1387360857066,-1.051056,O,8.3533
320813,qmof-b23c232,12.00488,0.8138959056547106,3403.1387360857066,-0.663393,O,7.7863
320851,qmof-b23c232,12.00488,0.8138959056547106,3403.1387360857066,-0.585791,O,8.0843
320889,qmof-b23c232,12.00488,0.8138959056547106,3403.1387360857066,-0.638242,O,8.0916
320927,qmof-b23c232,12.00488,0.8138959056547106,3403.1387360857066,-0.597348,O,8.0789
320965,qmof-b23c232,12.00488,0.8138959056547106,3403.1387360857066,-0.644917,O,8.0907
321003,qmof-b23c232,12.00488,0.8138959056547106,3403.1387360857066,-0.595605,O,8.1017
321041,qmof-b23c232,12.00488,0.8138959056547106,3403.1387360857066,-0.601766,O,8.0693
321079,qmof-b23c232,12.00488,0.8138959056547106,3403.1387360857066,-0.605792,O,8.0898
321117,qmof-b23c232,12.00488,0.8138959056547106,3403.1387360857066,-0.810793,O,8.0631
321155,qmof-b23c232,12.00488,0.8138959056547106,3403.1387360857066,-0.925801,O,7.3814
321193,qmof-b23c232,12.00488,0.8138959056547106,3403.1387360857066,-0.931753,O,7.7657
321231,qmof-b23c232,12.00488,0.8138959056547106,3403.1387360857066,-0.815201,O,7.7865
321269,qmof-b23c232,12.00488,0.8138959056547106,3403.1387360857066,-1.049361,O,7.33
321307,qmof-b23c232,12.00488,0.8138959056547106,3403.1387360857066,-1.166375,O,7.6942
321345,qmof-b23c232,12.00488,0.8138959056547106,3403.1387360857066,-1.18133,O,8.2955
321383,qmof-b23c232,12.00488,0.8138959056547106,3403.1387360857066,-1.034315,O,8.2748
321421,qmof-b23c232,12.00488,0.8138959056547106,3403.1387360857066,-1.036222,O,7.7409
321459,qmof-b23c232,12.00488,0.8138959056547106,3403.1387360857066,-1.174888,O,7.7613
321497,qmof-b23c232,12.00488,0.8138959056547106,3403.1387360857066,0.139226,O,8.2708
323839,qmof-b3220dc,4.60417,1.159551966327241,3197.2044736609696,2.372615,Zr,3.2499
323877,qmof-b3220dc,4.60417,1.159551966327241,3197.2044736609696,2.371331,Zr,3.2464
323915,qmof-b3220dc,4.60417,1.159551966327241,3197.2044736609696,2.37592,Zr,3.2437
323953,qmof-b3220dc,4.60417,1.159551966327241,3197.2044736609696,2.372277,Zr,3.2529
323991,qmof-b3220dc,4.60417,1.159551966327241,3197.2044736609696,2.37574,Zr,3.2521
324029,qmof-b3220dc,4.60417,1.159551966327241,3197.2044736609696,-0.624812,Zr,3.2552
324067,qmof-b3220dc,4.60417,1.159551966327241,3197.2044736609696,-0.628457,O,8.1068
324105,qmof-b3220dc,4.60417,1.159551966327241,3197.2044736609696,-0.626296,O,8.1064
324143,qmof-b3220dc,4.60417,1.159551966327241,3197.2044736609696,-0.62131,O,8.1134
324181,qmof-b3220dc,4.60417,1.159551966327241,3197.2044736609696,-0.61209,O,8.1161
324219,qmof-b3220dc,4.60417,1.159551966327241,3197.2044736609696,-0.621366,O,8.0498
324257,qmof-b3220dc,4.60417,1.159551966327241,3197.2044736609696,-0.613593,O,8.1154
324295,qmof-b3220dc,4.60417,1.159551966327241,3197.2044736609696,-0.627653,O,8.0259
324333,qmof-b3220dc,4.60417,1.159551966327241,3197.2044736609696,-0.626919,O,8.1161
324371,qmof-b3220dc,4.60417,1.159551966327241,3197.2044736609696,-0.624647,O,8.1147
324409,qmof-b3220dc,4.60417,1.159551966327241,3197.2044736609696,-0.621848,O,8.1138
324447,qmof-b3220dc,4.60417,1.159551966327241,3197.2044736609696,-0.625183,O,8.124
324485,qmof-b3220dc,4.60417,1.159551966327241,3197.2044736609696,-0.606413,O,8.1261
324523,qmof-b3220dc,4.60417,1.159551966327241,3197.2044736609696,-0.612513,O,8.0579
324561,qmof-b3220dc,4.60417,1.159551966327241,3197.2044736609696,-0.609827,O,8.08
324599,qmof-b3220dc,4.60417,1.159551966327241,3197.2044736609696,-0.604075,O,8.0744
324637,qmof-b3220dc,4.60417,1.159551966327241,3197.2044736609696,-0.610371,O,8.0579
324675,qmof-b3220dc,4.60417,1.159551966327241,3197.2044736609696,-0.602625,O,8.1313
324713,qmof-b3220dc,4.60417,1.159551966327241,3197.2044736609696,-0.608739,O,8.0589
324751,qmof-b3220dc,4.60417,1.159551966327241,3197.2044736609696,-0.611475,O,8.1663
324789,qmof-b3220dc,4.60417,1.159551966327241,3197.2044736609696,-0.612097,O,8.0921
324827,qmof-b3220dc,4.60417,1.159551966327241,3197.2044736609696,-0.611236,O,8.1018
324865,qmof-b3220dc,4.60417,1.159551966327241,3197.2044736609696,-0.60456,O,8.1087
324903,qmof-b3220dc,4.60417,1.159551966327241,3197.2044736609696,-0.605253,O,8.0654
324941,qmof-b3220dc,4.60417,1.159551966327241,3197.2044736609696,-1.068382,O,8.0585
324979,qmof-b3220dc,4.60417,1.159551966327241,3197.2044736609696,-1.070597,O,7.74
325017,qmof-b3220dc,4.60417,1.159551966327241,3197.2044736609696,-1.066392,O,7.7351
325055,qmof-b3220dc,4.60417,1.159551966327241,3197.2044736609696,-1.069473,O,7.7266
325093,qmof-b3220dc,4.60417,1.159551966327241,3197.2044736609696,-1.1485,O,7.7437
325131,qmof-b3220dc,4.60417,1.159551966327241,3197.2044736609696,-1.147024,O,8.2914
325169,qmof-b3220dc,4.60417,1.159551966327241,3197.2044736609696,-1.148004,O,8.2726
325207,qmof-b3220dc,4.60417,1.159551966327241,3197.2044736609696,-1.148873,O,8.285
325245,qmof-b3220dc,4.60417,1.159551966327241,3197.2044736609696,0.421811,O,8.3005
325283,qmof-b41eac4,4.56459,1.0978533981870435,2961.9107534014192,2.317382,Zr,3.2288
325321,qmof-b41eac4,4.56459,1.0978533981870435,2961.9107534014192,2.312627,Zr,3.229
325397,qmof-b41eac4,4.56459,1.0978533981870435,2961.9107534014192,2.312839,Zr,3.229
325511,qmof-b41eac4,4.56459,1.0978533981870435,2961.9107534014192,-0.572236,O,7.9417
325549,qmof-b41eac4,4.56459,1.0978533981870435,2961.9107534014192,-0.573089,O,7.819
325587,qmof-b41eac4,4.56459,1.0978533981870435,2961.9107534014192,-0.625071,O,7.8164
325625,qmof-b41eac4,4.56459,1.0978533981870435,2961.9107534014192,-0.587665,O,7.878
325663,qmof-b41eac4,4.56459,1.0978533981870435,2961.9107534014192,-0.557731,O,8.0213
325701,qmof-b41eac4,4.56459,1.0978533981870435,2961.9107534014192,-0.556548,O,7.9119
325739,qmof-b41eac4,4.56459,1.0978533981870435,2961.9107534014192,-0.605079,O,7.912
325777,qmof-b41eac4,4.56459,1.0978533981870435,2961.9107534014192,-1.14795,O,8.019
325815,qmof-b41eac4,4.56459,1.0978533981870435,2961.9107534014192,-1.148248,O,8.4051
325853,qmof-b41eac4,4.56459,1.0978533981870435,2961.9107534014192,-1.036617,O,8.4043
325891,qmof-b41eac4,4.56459,1.0978533981870435,2961.9107534014192,-1.059145,O,7.8103
325929,qmof-b41eac4,4.56459,1.0978533981870435,2961.9107534014192,-0.625324,O,7.8218
325967,qmof-b41eac4,4.56459,1.0978533981870435,2961.9107534014192,-0.576013,O,7.8763
326005,qmof-b41eac4,4.56459,1.0978533981870435,2961.9107534014192,-0.572534,O,7.8211
326043,qmof-b41eac4,4.56459,1.0978533981870435,2961.9107534014192,-0.618891,O,7.818
326081,qmof-b41eac4,4.56459,1.0978533981870435,2961.9107534014192,-0.576086,O,7.9377
326119,qmof-b41eac4,4.56459,1.0978533981870435,2961.9107534014192,-0.624501,O,7.8199
326157,qmof-b41eac4,4.56459,1.0978533981870435,2961.9107534014192,-0.61648,O,7.8771
326195,qmof-b41eac4,4.56459,1.0978533981870435,2961.9107534014192,-0.576608,O,7.9391
326233,qmof-b41eac4,4.56459,1.0978533981870435,2961.9107534014192,-0.604152,O,7.819
326271,qmof-b41eac4,4.56459,1.0978533981870435,2961.9107534014192,-0.580863,O,8.0187
326309,qmof-b41eac4,4.56459,1.0978533981870435,2961.9107534014192,-0.558346,O,7.815
326347,qmof-b41eac4,4.56459,1.0978533981870435,2961.9107534014192,-0.588061,O,7.912
326385,qmof-b41eac4,4.56459,1.0978533981870435,2961.9107534014192,-0.579074,O,8.0211
326423,qmof-b41eac4,4.56459,1.0978533981870435,2961.9107534014192,-0.60701,O,7.8163
326461,qmof-b41eac4,4.56459,1.0978533981870435,2961.9107534014192,-0.587338,O,8.0213
326499,qmof-b41eac4,4.56459,1.0978533981870435,2961.9107534014192,-0.579937,O,8.0206
326537,qmof-b41eac4,4.56459,1.0978533981870435,2961.9107534014192,-1.127511,O,7.8161
326575,qmof-b41eac4,4.56459,1.0978533981870435,2961.9107534014192,-1.149294,O,8.3316
326613,qmof-b41eac4,4.56459,1.0978533981870435,2961.9107534014192,-1.059045,O,8.4055
326651,qmof-b41eac4,4.56459,1.0978533981870435,2961.9107534014192,-1.058256,O,7.8201
326689,qmof-b41eac4,4.56459,1.0978533981870435,2961.9107534014192,0.151304,O,7.8207
326727,qmof-b596173,3.80132,1.300781525068111,2291.52661617525,2.371141,Zr,3.2408
326765,qmof-b596173,3.80132,1.300781525068111,2291.52661617525,2.374935,Zr,3.2392
326803,qmof-b596173,3.80132,1.300781525068111,2291.52661617525,2.372363,Zr,3.2485
326841,qmof-b596173,3.80132,1.300781525068111,2291.52661617525,2.376225,Zr,3.2444
326879,qmof-b596173,3.80132,1.300781525068111,2291.52661617525,2.376603,Zr,3.2459
326917,qmof-b596173,3.80132,1.300781525068111,2291.52661617525,-0.612515,Zr,3.2475
326955,qmof-b596173,3.80132,1.300781525068111,2291.52661617525,-0.620852,O,8.1791
326993,qmof-b596173,3.80132,1.300781525068111,2291.52661617525,-0.621124,O,8.0608
327031,qmof-b596173,3.80132,1.300781525068111,2291.52661617525,-0.616578,O,8.0761
327069,qmof-b596173,3.80132,1.300781525068111,2291.52661617525,-0.628764,O,8.1718
327107,qmof-b596173,3.80132,1.300781525068111,2291.52661617525,-0.61288,O,8.1019
327145,qmof-b596173,3.80132,1.300781525068111,2291.52661617525,-0.623289,O,8.1991
327183,qmof-b596173,3.80132,1.300781525068111,2291.52661617525,-0.619765,O,8.0347
327221,qmof-b596173,3.80132,1.300781525068111,2291.52661617525,-0.621101,O,8.0758
327259,qmof-b596173,3.80132,1.300781525068111,2291.52661617525,-0.620201,O,8.0627
327297,qmof-b596173,3.80132,1.300781525068111,2291.52661617525,-0.61702,O,8.066
327335,qmof-b596173,3.80132,1.300781525068111,2291.52661617525,-0.614377,O,8.1817
327373,qmof-b596173,3.80132,1.300781525068111,2291.52661617525,-0.61296,O,8.1869
327411,qmof-b596173,3.80132,1.300781525068111,2291.52661617525,-0.614504,O,8.158
327449,qmof-b596173,3.80132,1.300781525068111,2291.52661617525,-0.615677,O,8.1802
327487,qmof-b596173,3.80132,1.300781525068111,2291.52661617525,-0.612793,O,8.1758
327525,qmof-b596173,3.80132,1.300781525068111,2291.52661617525,-0.609346,O,8.1655
327563,qmof-b596173,3.80132,1.300781525068111,2291.52661617525,-0.61175,O,8.1069
327601,qmof-b596173,3.80132,1.300781525068111,2291.52661617525,-0.624159,O,8.1606
327639,qmof-b596173,3.80132,1.300781525068111,2291.52661617525,-0.61766,O,8.1359
327677,qmof-b596173,3.80132,1.300781525068111,2291.52661617525,-0.611767,O,8.1736
327715,qmof-b596173,3.80132,1.300781525068111,2291.52661617525,-0.613481,O,8.1685
327753,qmof-b596173,3.80132,1.300781525068111,2291.52661617525,-0.615096,O,8.1708
327791,qmof-b596173,3.80132,1.300781525068111,2291.52661617525,-0.615791,O,8.165
327829,qmof-b596173,3.80132,1.300781525068111,2291.52661617525,-1.071171,O,8.168
327867,qmof-b596173,3.80132,1.300781525068111,2291.52661617525,-1.070161,O,7.7261
327905,qmof-b596173,3.80132,1.300781525068111,2291.52661617525,-1.071122,O,7.7221
327943,qmof-b596173,3.80132,1.300781525068111,2291.52661617525,-1.069559,O,7.7189
327981,qmof-b596173,3.80132,1.300781525068111,2291.52661617525,-1.149109,O,7.712
328019,qmof-b596173,3.80132,1.300781525068111,2291.52661617525,-1.149927,O,8.2907
328057,qmof-b596173,3.80132,1.300781525068111,2291.52661617525,-1.149528,O,8.2923
328095,qmof-b596173,3.80132,1.300781525068111,2291.52661617525,-1.148084,O,8.2869
328133,qmof-b596173,3.80132,1.300781525068111,2291.52661617525,0.423679,O,8.273
328475,qmof-b63ba6c,4.4343,1.3748056661928647,3062.160174930444,2.367247,Zr,3.2588
328551,qmof-b63ba6c,4.4343,1.3748056661928647,3062.160174930444,2.368203,Zr,3.2692
328931,qmof-b63ba6c,4.4343,1.3748056661928647,3062.160174930444,2.36686,Zr,3.2591
329007,qmof-b63ba6c,4.4343,1.3748056661928647,3062.160174930444,-0.643206,Zr,3.2695
329083,qmof-b63ba6c,4.4343,1.3748056661928647,3062.160174930444,-0.584935,O,8.2251
329159,qmof-b63ba6c,4.4343,1.3748056661928647,3062.160174930444,-0.613556,O,8.1268
329235,qmof-b63ba6c,4.4343,1.3748056661928647,3062.160174930444,-0.59987,O,8.1782
329311,qmof-b63ba6c,4.4343,1.3748056661928647,3062.160174930444,-0.603924,O,8.0751
329387,qmof-b63ba6c,4.4343,1.3748056661928647,3062.160174930444,-0.603258,O,8.1675
329463,qmof-b63ba6c,4.4343,1.3748056661928647,3062.160174930444,-0.630005,O,8.1072
329539,qmof-b63ba6c,4.4343,1.3748056661928647,3062.160174930444,-0.587125,O,8.2086
329615,qmof-b63ba6c,4.4343,1.3748056661928647,3062.160174930444,-0.933675,O,8.1142
329691,qmof-b63ba6c,4.4343,1.3748056661928647,3062.160174930444,-0.78663,O,7.773
329843,qmof-b63ba6c,4.4343,1.3748056661928647,3062.160174930444,-0.932068,O,7.3894
329919,qmof-b63ba6c,4.4343,1.3748056661928647,3062.160174930444,-1.166406,O,7.7618
329995,qmof-b63ba6c,4.4343,1.3748056661928647,3062.160174930444,-1.052539,O,8.2977
330071,qmof-b63ba6c,4.4343,1.3748056661928647,3062.160174930444,-0.647393,O,7.7393
330147,qmof-b63ba6c,4.4343,1.3748056661928647,3062.160174930444,-0.594154,O,8.0719
330223,qmof-b63ba6c,4.4343,1.3748056661928647,3062.160174930444,-0.620662,O,8.118
330299,qmof-b63ba6c,4.4343,1.3748056661928647,3062.160174930444,-0.594207,O,8.0995
330375,qmof-b63ba6c,4.4343,1.3748056661928647,3062.160174930444,-0.531139,O,8.1204
330451,qmof-b63ba6c,4.4343,1.3748056661928647,3062.160174930444,-0.654081,O,8.3307
330527,qmof-b63ba6c,4.4343,1.3748056661928647,3062.160174930444,-0.596504,O,8.0301
330603,qmof-b63ba6c,4.4343,1.3748056661928647,3062.160174930444,-0.602002,O,8.2551
330679,qmof-b63ba6c,4.4343,1.3748056661928647,3062.160174930444,-0.781773,O,8.1002
330831,qmof-b63ba6c,4.4343,1.3748056661928647,3062.160174930444,-0.969597,O,7.4327
330907,qmof-b63ba6c,4.4343,1.3748056661928647,3062.160174930444,-0.824469,O,7.3625
330983,qmof-b63ba6c,4.4343,1.3748056661928647,3062.160174930444,-1.04419,O,7.3818
331059,qmof-b63ba6c,4.4343,1.3748056661928647,3062.160174930444,-1.1872,O,7.847
331135,qmof-b63ba6c,4.4343,1.3748056661928647,3062.160174930444,-1.178305,O,8.383
331211,qmof-b63ba6c,4.4343,1.3748056661928647,3062.160174930444,-1.081588,O,8.3346
331287,qmof-b63ba6c,4.4343,1.3748056661928647,3062.160174930444,-1.052434,O,7.7856
331363,qmof-b63ba6c,4.4343,1.3748056661928647,3062.160174930444,-1.168638,O,7.8135
331439,qmof-b63ba6c,4.4343,1.3748056661928647,3062.160174930444,-0.643645,O,8.2235
331515,qmof-b63ba6c,4.4343,1.3748056661928647,3062.160174930444,-0.584736,O,8.225
331591,qmof-b63ba6c,4.4343,1.3748056661928647,3062.160174930444,-0.613313,O,8.127
331667,qmof-b63ba6c,4.4343,1.3748056661928647,3062.160174930444,-0.599519,O,8.1792
331743,qmof-b63ba6c,4.4343,1.3748056661928647,3062.160174930444,-0.602993,O,8.0777
331819,qmof-b63ba6c,4.4343,1.3748056661928647,3062.160174930444,-0.602235,O,8.1683
331895,qmof-b63ba6c,4.4343,1.3748056661928647,3062.160174930444,-0.629694,O,8.107
331971,qmof-b63ba6c,4.4343,1.3748056661928647,3062.160174930444,-0.586895,O,8.2103
332047,qmof-b63ba6c,4.4343,1.3748056661928647,3062.160174930444,-0.933561,O,8.1125
332123,qmof-b63ba6c,4.4343,1.3748056661928647,3062.160174930444,-0.786893,O,7.7723
332275,qmof-b63ba6c,4.4343,1.3748056661928647,3062.160174930444,-0.931717,O,7.3889
332351,qmof-b63ba6c,4.4343,1.3748056661928647,3062.160174930444,-1.166239,O,7.7603
332427,qmof-b63ba6c,4.4343,1.3748056661928647,3062.160174930444,-1.052484,O,8.297
332503,qmof-b63ba6c,4.4343,1.3748056661928647,3062.160174930444,-0.647636,O,7.7396
332579,qmof-b63ba6c,4.4343,1.3748056661928647,3062.160174930444,-0.593777,O,8.0719
332655,qmof-b63ba6c,4.4343,1.3748056661928647,3062.160174930444,-0.620793,O,8.1167
332731,qmof-b63ba6c,4.4343,1.3748056661928647,3062.160174930444,-0.594539,O,8.0987
332807,qmof-b63ba6c,4.4343,1.3748056661928647,3062.160174930444,-0.531501,O,8.1188
332883,qmof-b63ba6c,4.4343,1.3748056661928647,3062.160174930444,-0.654261,O,8.3295
332959,qmof-b63ba6c,4.4343,1.3748056661928647,3062.160174930444,-0.59667,O,8.0281
333035,qmof-b63ba6c,4.4343,1.3748056661928647,3062.160174930444,-0.602413,O,8.2553
333111,qmof-b63ba6c,4.4343,1.3748056661928647,3062.160174930444,-0.781891,O,8.1002
333263,qmof-b63ba6c,4.4343,1.3748056661928647,3062.160174930444,-0.969357,O,7.4304
333339,qmof-b63ba6c,4.4343,1.3748056661928647,3062.160174930444,-0.823003,O,7.3615
333415,qmof-b63ba6c,4.4343,1.3748056661928647,3062.160174930444,-1.044506,O,7.3786
333491,qmof-b63ba6c,4.4343,1.3748056661928647,3062.160174930444,-1.187173,O,7.8443
333567,qmof-b63ba6c,4.4343,1.3748056661928647,3062.160174930444,-1.178888,O,8.3819
333643,qmof-b63ba6c,4.4343,1.3748056661928647,3062.160174930444,-1.081965,O,8.3356
333719,qmof-b63ba6c,4.4343,1.3748056661928647,3062.160174930444,-1.052407,O,7.7851
333795,qmof-b63ba6c,4.4343,1.3748056661928647,3062.160174930444,-1.168936,O,7.8134
333871,qmof-b63ba6c,4.4343,1.3748056661928647,3062.160174930444,0.422863,O,8.2242
333947,qmof-b6754fb,3.63816,1.358290822822282,4574.016093237276,2.383255,Zr,3.2418
334023,qmof-b6754fb,3.63816,1.358290822822282,4574.016093237276,2.37836,Zr,3.2415
334099,qmof-b6754fb,3.63816,1.358290822822282,4574.016093237276,2.377701,Zr,3.2446
334175,qmof-b6754fb,3.63816,1.358290822822282,4574.016093237276,2.379478,Zr,3.2435
334251,qmof-b6754fb,3.63816,1.358290822822282,4574.016093237276,2.380503,Zr,3.2384
334327,qmof-b6754fb,3.63816,1.358290822822282,4574.016093237276,2.372885,Zr,3.2391
334403,qmof-b6754fb,3.63816,1.358290822822282,4574.016093237276,2.376611,Zr,3.2431
334479,qmof-b6754fb,3.63816,1.358290822822282,4574.016093237276,2.372716,Zr,3.2427
334555,qmof-b6754fb,3.63816,1.358290822822282,4574.016093237276,2.376575,Zr,3.2428
334631,qmof-b6754fb,3.63816,1.358290822822282,4574.016093237276,2.373826,Zr,3.2415
334707,qmof-b6754fb,3.63816,1.358290822822282,4574.016093237276,2.374073,Zr,3.2487
334783,qmof-b6754fb,3.63816,1.358290822822282,4574.016093237276,-0.618652,Zr,3.2482
334859,qmof-b6754fb,3.63816,1.358290822822282,4574.016093237276,-0.620568,O,8.1515
334935,qmof-b6754fb,3.63816,1.358290822822282,4574.016093237276,-0.622517,O,8.0015
335011,qmof-b6754fb,3.63816,1.358290822822282,4574.016093237276,-0.61876,O,8.0053
335087,qmof-b6754fb,3.63816,1.358290822822282,4574.016093237276,-0.619303,O,8.1515
335163,qmof-b6754fb,3.63816,1.358290822822282,4574.016093237276,-0.623746,O,8.0235
335239,qmof-b6754fb,3.63816,1.358290822822282,4574.016093237276,-0.623149,O,8.1638
335315,qmof-b6754fb,3.63816,1.358290822822282,4574.016093237276,-0.628384,O,8.0167
335391,qmof-b6754fb,3.63816,1.358290822822282,4574.016093237276,-0.6203,O,8.1407
335467,qmof-b6754fb,3.63816,1.358290822822282,4574.016093237276,-0.622202,O,8.0239
335543,qmof-b6754fb,3.63816,1.358290822822282,4574.016093237276,-0.620771,O,8.0229
335619,qmof-b6754fb,3.63816,1.358290822822282,4574.016093237276,-0.618744,O,8.0108
335695,qmof-b6754fb,3.63816,1.358290822822282,4574.016093237276,-0.614525,O,8.017
335771,qmof-b6754fb,3.63816,1.358290822822282,4574.016093237276,-0.61422,O,8.156
335847,qmof-b6754fb,3.63816,1.358290822822282,4574.016093237276,-0.615627,O,8.161
335923,qmof-b6754fb,3.63816,1.358290822822282,4574.016093237276,-0.613738,O,8.1663
335999,qmof-b6754fb,3.63816,1.358290822822282,4574.016093237276,-0.616575,O,8.1702
336075,qmof-b6754fb,3.63816,1.358290822822282,4574.016093237276,-0.603824,O,8.1829
336151,qmof-b6754fb,3.63816,1.358290822822282,4574.016093237276,-0.611305,O,8.0331
336227,qmof-b6754fb,3.63816,1.358290822822282,4574.016093237276,-0.613887,O,8.1212
336303,qmof-b6754fb,3.63816,1.358290822822282,4574.016093237276,-0.609187,O,8.0372
336379,qmof-b6754fb,3.63816,1.358290822822282,4574.016093237276,-0.611127,O,8.1385
336455,qmof-b6754fb,3.63816,1.358290822822282,4574.016093237276,-0.612699,O,8.1337
336531,qmof-b6754fb,3.63816,1.358290822822282,4574.016093237276,-0.613187,O,8.1473
336607,qmof-b6754fb,3.63816,1.358290822822282,4574.016093237276,-1.067254,O,8.1448
336683,qmof-b6754fb,3.63816,1.358290822822282,4574.016093237276,-1.068332,O,7.7201
336759,qmof-b6754fb,3.63816,1.358290822822282,4574.016093237276,-1.067234,O,7.7414
336835,qmof-b6754fb,3.63816,1.358290822822282,4574.016093237276,-1.067649,O,7.7167
336911,qmof-b6754fb,3.63816,1.358290822822282,4574.016093237276,-1.148355,O,7.7147
336987,qmof-b6754fb,3.63816,1.358290822822282,4574.016093237276,-1.146976,O,8.299
337063,qmof-b6754fb,3.63816,1.358290822822282,4574.016093237276,-1.148535,O,8.2858
337139,qmof-b6754fb,3.63816,1.358290822822282,4574.016093237276,-1.148768,O,8.2877
337215,qmof-b6754fb,3.63816,1.358290822822282,4574.016093237276,-0.618025,O,8.2892
337291,qmof-b6754fb,3.63816,1.358290822822282,4574.016093237276,-0.61421,O,8.1708
337367,qmof-b6754fb,3.63816,1.358290822822282,4574.016093237276,-0.616606,O,8.1468
337443,qmof-b6754fb,3.63816,1.358290822822282,4574.016093237276,-0.616703,O,8.1556
337519,qmof-b6754fb,3.63816,1.358290822822282,4574.016093237276,-0.613212,O,8.1756
337595,qmof-b6754fb,3.63816,1.358290822822282,4574.016093237276,-0.614931,O,8.1804
337671,qmof-b6754fb,3.63816,1.358290822822282,4574.016093237276,-0.61904,O,8.168
337747,qmof-b6754fb,3.63816,1.358290822822282,4574.016093237276,-0.61995,O,8.0233
337823,qmof-b6754fb,3.63816,1.358290822822282,4574.016093237276,-0.615079,O,8.1624
337899,qmof-b6754fb,3.63816,1.358290822822282,4574.016093237276,-0.614236,O,8.1533
337975,qmof-b6754fb,3.63816,1.358290822822282,4574.016093237276,-0.618492,O,8.1914
338051,qmof-b6754fb,3.63816,1.358290822822282,4574.016093237276,-0.614986,O,8.1395
338127,qmof-b6754fb,3.63816,1.358290822822282,4574.016093237276,-0.619692,O,8.172
338203,qmof-b6754fb,3.63816,1.358290822822282,4574.016093237276,-0.61322,O,8.1565
338279,qmof-b6754fb,3.63816,1.358290822822282,4574.016093237276,-0.61595,O,8.1601
338355,qmof-b6754fb,3.63816,1.358290822822282,4574.016093237276,-0.618245,O,8.1389
338431,qmof-b6754fb,3.63816,1.358290822822282,4574.016093237276,-0.617134,O,8.1846
338507,qmof-b6754fb,3.63816,1.358290822822282,4574.016093237276,-0.618047,O,8.154
338583,qmof-b6754fb,3.63816,1.358290822822282,4574.016093237276,-0.618685,O,8.0163
338659,qmof-b6754fb,3.63816,1.358290822822282,4574.016093237276,-0.614636,O,8.166
338735,qmof-b6754fb,3.63816,1.358290822822282,4574.016093237276,-0.615748,O,8.1929
338811,qmof-b6754fb,3.63816,1.358290822822282,4574.016093237276,-0.614979,O,8.1662
338887,qmof-b6754fb,3.63816,1.358290822822282,4574.016093237276,-0.616225,O,8.1651
338963,qmof-b6754fb,3.63816,1.358290822822282,4574.016093237276,-0.616375,O,8.1565
339039,qmof-b6754fb,3.63816,1.358290822822282,4574.016093237276,-1.072977,O,8.1574
339115,qmof-b6754fb,3.63816,1.358290822822282,4574.016093237276,-1.068698,O,7.7242
339191,qmof-b6754fb,3.63816,1.358290822822282,4574.016093237276,-1.071142,O,7.7145
339267,qmof-b6754fb,3.63816,1.358290822822282,4574.016093237276,-1.068949,O,7.7243
339343,qmof-b6754fb,3.63816,1.358290822822282,4574.016093237276,-1.147488,O,7.7155
339419,qmof-b6754fb,3.63816,1.358290822822282,4574.016093237276,-1.150957,O,8.2873
339495,qmof-b6754fb,3.63816,1.358290822822282,4574.016093237276,-1.1496,O,8.2899
339571,qmof-b6754fb,3.63816,1.358290822822282,4574.016093237276,-1.148484,O,8.2865
339647,qmof-b6754fb,3.63816,1.358290822822282,4574.016093237276,0.423837,O,8.2805
339723,qmof-b6953dc,4.53333,1.1656564109510008,3210.335250235259,2.37374,Zr,3.2464
339771,qmof-b6953dc,4.53333,1.1656564109510008,3210.335250235259,2.373527,Zr,3.2469
339819,qmof-b6953dc,4.53333,1.1656564109510008,3210.335250235259,2.373802,Zr,3.2629
339867,qmof-b6953dc,4.53333,1.1656564109510008,3210.335250235259,2.374602,Zr,3.263
339915,qmof-b6953dc,4.53333,1.1656564109510008,3210.335250235259,2.375488,Zr,3.2643
339963,qmof-b6953dc,4.53333,1.1656564109510008,3210.335250235259,-0.618471,Zr,3.2641
340011,qmof-b6953dc,4.53333,1.1656564109510008,3210.335250235259,-0.61835,O,8.1336
340059,qmof-b6953dc,4.53333,1.1656564109510008,3210.335250235259,-0.620253,O,8.1337
340107,qmof-b6953dc,4.53333,1.1656564109510008,3210.335250235259,-0.620256,O,8.1371
340155,qmof-b6953dc,4.53333,1.1656564109510008,3210.335250235259,-0.601495,O,8.1348
340203,qmof-b6953dc,4.53333,1.1656564109510008,3210.335250235259,-0.613964,O,8.1694
340251,qmof-b6953dc,4.53333,1.1656564109510008,3210.335250235259,-0.601494,O,8.1374
340299,qmof-b6953dc,4.53333,1.1656564109510008,3210.335250235259,-0.613952,O,8.1711
340347,qmof-b6953dc,4.53333,1.1656564109510008,3210.335250235259,-0.617161,O,8.1385
340395,qmof-b6953dc,4.53333,1.1656564109510008,3210.335250235259,-0.616851,O,8.1306
340443,qmof-b6953dc,4.53333,1.1656564109510008,3210.335250235259,-0.617374,O,8.1219
340491,qmof-b6953dc,4.53333,1.1656564109510008,3210.335250235259,-0.617686,O,8.1335
340539,qmof-b6953dc,4.53333,1.1656564109510008,3210.335250235259,-0.603461,O,8.1326
340587,qmof-b6953dc,4.53333,1.1656564109510008,3210.335250235259,-0.603802,O,8.0715
340635,qmof-b6953dc,4.53333,1.1656564109510008,3210.335250235259,-0.604053,O,8.072
340683,qmof-b6953dc,4.53333,1.1656564109510008,3210.335250235259,-0.604536,O,8.0736
340731,qmof-b6953dc,4.53333,1.1656564109510008,3210.335250235259,-0.61579,O,8.0746
340779,qmof-b6953dc,4.53333,1.1656564109510008,3210.335250235259,-0.602933,O,8.1863
340827,qmof-b6953dc,4.53333,1.1656564109510008,3210.335250235259,-0.615961,O,8.0555
340875,qmof-b6953dc,4.53333,1.1656564109510008,3210.335250235259,-0.602436,O,8.1855
340923,qmof-b6953dc,4.53333,1.1656564109510008,3210.335250235259,-0.600146,O,8.0559
340971,qmof-b6953dc,4.53333,1.1656564109510008,3210.335250235259,-0.600704,O,8.0782
341019,qmof-b6953dc,4.53333,1.1656564109510008,3210.335250235259,-0.601069,O,8.0678
341067,qmof-b6953dc,4.53333,1.1656564109510008,3210.335250235259,-0.601093,O,8.0766
341115,qmof-b6953dc,4.53333,1.1656564109510008,3210.335250235259,-1.071796,O,8.0769
341163,qmof-b6953dc,4.53333,1.1656564109510008,3210.335250235259,-1.07223,O,7.7061
341211,qmof-b6953dc,4.53333,1.1656564109510008,3210.335250235259,-1.073149,O,7.7062
341259,qmof-b6953dc,4.53333,1.1656564109510008,3210.335250235259,-1.072867,O,7.7049
341307,qmof-b6953dc,4.53333,1.1656564109510008,3210.335250235259,-1.150214,O,7.7048
341355,qmof-b6953dc,4.53333,1.1656564109510008,3210.335250235259,-1.150261,O,8.274
341403,qmof-b6953dc,4.53333,1.1656564109510008,3210.335250235259,-1.150518,O,8.2666
341451,qmof-b6953dc,4.53333,1.1656564109510008,3210.335250235259,-1.150596,O,8.2764
341499,qmof-b6953dc,4.53333,1.1656564109510008,3210.335250235259,-0.397129,O,8.2673
342027,qmof-b7e9d20,4.98253,1.012198397538032,3458.923641404234,2.324175,Zr,3.2141
342065,qmof-b7e9d20,4.98253,1.012198397538032,3458.923641404234,2.37196,Zr,3.2147
342103,qmof-b7e9d20,4.98253,1.012198397538032,3458.923641404234,2.323583,Zr,3.2706
342141,qmof-b7e9d20,4.98253,1.012198397538032,3458.923641404234,2.372302,Zr,3.2143
342179,qmof-b7e9d20,4.98253,1.012198397538032,3458.923641404234,2.372617,Zr,3.2729
342217,qmof-b7e9d20,4.98253,1.012198397538032,3458.923641404234,-0.607214,Zr,3.2677
342255,qmof-b7e9d20,4.98253,1.012198397538032,3458.923641404234,-0.567453,O,7.9293
342293,qmof-b7e9d20,4.98253,1.012198397538032,3458.923641404234,-0.566966,O,7.8263
342331,qmof-b7e9d20,4.98253,1.012198397538032,3458.923641404234,-0.602525,O,7.8262
342369,qmof-b7e9d20,4.98253,1.012198397538032,3458.923641404234,-0.613954,O,7.9615
342407,qmof-b7e9d20,4.98253,1.012198397538032,3458.923641404234,-0.56991,O,8.0935
342445,qmof-b7e9d20,4.98253,1.012198397538032,3458.923641404234,-0.569004,O,7.9244
342483,qmof-b7e9d20,4.98253,1.012198397538032,3458.923641404234,-0.609336,O,7.9241
342521,qmof-b7e9d20,4.98253,1.012198397538032,3458.923641404234,-1.13818,O,8.0084
342559,qmof-b7e9d20,4.98253,1.012198397538032,3458.923641404234,-1.137652,O,8.3707
342597,qmof-b7e9d20,4.98253,1.012198397538032,3458.923641404234,-1.041303,O,8.3699
342635,qmof-b7e9d20,4.98253,1.012198397538032,3458.923641404234,-1.085231,O,7.8142
342673,qmof-b7e9d20,4.98253,1.012198397538032,3458.923641404234,-0.602259,O,7.7288
342711,qmof-b7e9d20,4.98253,1.012198397538032,3458.923641404234,-0.588469,O,7.9638
342749,qmof-b7e9d20,4.98253,1.012198397538032,3458.923641404234,-0.566905,O,8.0775
342787,qmof-b7e9d20,4.98253,1.012198397538032,3458.923641404234,-0.606385,O,7.8255
342825,qmof-b7e9d20,4.98253,1.012198397538032,3458.923641404234,-0.592271,O,7.9286
342863,qmof-b7e9d20,4.98253,1.012198397538032,3458.923641404234,-0.602751,O,8.0838
342901,qmof-b7e9d20,4.98253,1.012198397538032,3458.923641404234,-0.605892,O,7.9645
342939,qmof-b7e9d20,4.98253,1.012198397538032,3458.923641404234,-0.59057,O,7.9258
342977,qmof-b7e9d20,4.98253,1.012198397538032,3458.923641404234,-0.60934,O,8.077
343015,qmof-b7e9d20,4.98253,1.012198397538032,3458.923641404234,-0.641193,O,8.0057
343053,qmof-b7e9d20,4.98253,1.012198397538032,3458.923641404234,-0.569898,O,7.8903
343091,qmof-b7e9d20,4.98253,1.012198397538032,3458.923641404234,-0.615602,O,7.924
343129,qmof-b7e9d20,4.98253,1.012198397538032,3458.923641404234,-0.640967,O,8.0915
343167,qmof-b7e9d20,4.98253,1.012198397538032,3458.923641404234,-0.60911,O,7.8899
343205,qmof-b7e9d20,4.98253,1.012198397538032,3458.923641404234,-0.614861,O,8.0066
343243,qmof-b7e9d20,4.98253,1.012198397538032,3458.923641404234,-0.643658,O,8.046
343281,qmof-b7e9d20,4.98253,1.012198397538032,3458.923641404234,-1.154292,O,7.8838
343319,qmof-b7e9d20,4.98253,1.012198397538032,3458.923641404234,-1.138167,O,8.1958
343357,qmof-b7e9d20,4.98253,1.012198397538032,3458.923641404234,-1.08562,O,8.3724
343395,qmof-b7e9d20,4.98253,1.012198397538032,3458.923641404234,-1.08529,O,7.7321
343433,qmof-b7e9d20,4.98253,1.012198397538032,3458.923641404234,0.150298,O,7.7698
343471,qmof-b890eba,6.5868,0.7391377931989552,4935.155621931059,2.373832,Zr,3.2463
343509,qmof-b890eba,6.5868,0.7391377931989552,4935.155621931059,2.37401,Zr,3.246
343547,qmof-b890eba,6.5868,0.7391377931989552,4935.155621931059,2.373696,Zr,3.2455
343585,qmof-b890eba,6.5868,0.7391377931989552,4935.155621931059,2.373325,Zr,3.2453
343623,qmof-b890eba,6.5868,0.7391377931989552,4935.155621931059,2.373627,Zr,3.2456
343661,qmof-b890eba,6.5868,0.7391377931989552,4935.155621931059,-0.621501,Zr,3.2455
343699,qmof-b890eba,6.5868,0.7391377931989552,4935.155621931059,-0.621462,O,8.1591
343737,qmof-b890eba,6.5868,0.7391377931989552,4935.155621931059,-0.621454,O,8.16
343775,qmof-b890eba,6.5868,0.7391377931989552,4935.155621931059,-0.621923,O,8.1597
343813,qmof-b890eba,6.5868,0.7391377931989552,4935.155621931059,-0.622824,O,8.1598
343851,qmof-b890eba,6.5868,0.7391377931989552,4935.155621931059,-0.621786,O,8.1679
343889,qmof-b890eba,6.5868,0.7391377931989552,4935.155621931059,-0.62283,O,8.1626
343927,qmof-b890eba,6.5868,0.7391377931989552,4935.155621931059,-0.621646,O,8.1664
343965,qmof-b890eba,6.5868,0.7391377931989552,4935.155621931059,-0.621615,O,8.1631
344003,qmof-b890eba,6.5868,0.7391377931989552,4935.155621931059,-0.621633,O,8.1609
344041,qmof-b890eba,6.5868,0.7391377931989552,4935.155621931059,-0.621519,O,8.1615
344079,qmof-b890eba,6.5868,0.7391377931989552,4935.155621931059,-0.621452,O,8.1624
344117,qmof-b890eba,6.5868,0.7391377931989552,4935.155621931059,-0.623,O,8.1621
344155,qmof-b890eba,6.5868,0.7391377931989552,4935.155621931059,-0.622534,O,8.1595
344193,qmof-b890eba,6.5868,0.7391377931989552,4935.155621931059,-0.622331,O,8.16
344231,qmof-b890eba,6.5868,0.7391377931989552,4935.155621931059,-0.622645,O,8.1609
344269,qmof-b890eba,6.5868,0.7391377931989552,4935.155621931059,-0.621526,O,8.1601
344307,qmof-b890eba,6.5868,0.7391377931989552,4935.155621931059,-0.622943,O,8.1614
344345,qmof-b890eba,6.5868,0.7391377931989552,4935.155621931059,-0.621542,O,8.1599
344383,qmof-b890eba,6.5868,0.7391377931989552,4935.155621931059,-0.62191,O,8.1597
344421,qmof-b890eba,6.5868,0.7391377931989552,4935.155621931059,-0.622124,O,8.1602
344459,qmof-b890eba,6.5868,0.7391377931989552,4935.155621931059,-0.622124,O,8.1571
344497,qmof-b890eba,6.5868,0.7391377931989552,4935.155621931059,-0.622054,O,8.1567
344535,qmof-b890eba,6.5868,0.7391377931989552,4935.155621931059,-0.621952,O,8.1575
344573,qmof-b890eba,6.5868,0.7391377931989552,4935.155621931059,-1.067078,O,8.1575
344611,qmof-b890eba,6.5868,0.7391377931989552,4935.155621931059,-1.065904,O,7.7227
344649,qmof-b890eba,6.5868,0.7391377931989552,4935.155621931059,-1.066487,O,7.723
344687,qmof-b890eba,6.5868,0.7391377931989552,4935.155621931059,-1.066093,O,7.7227
344725,qmof-b890eba,6.5868,0.7391377931989552,4935.155621931059,-1.147271,O,7.7222
344763,qmof-b890eba,6.5868,0.7391377931989552,4935.155621931059,-1.147643,O,8.2738
344801,qmof-b890eba,6.5868,0.7391377931989552,4935.155621931059,-1.14779,O,8.2739
344839,qmof-b890eba,6.5868,0.7391377931989552,4935.155621931059,-1.147638,O,8.2742
344877,qmof-b890eba,6.5868,0.7391377931989552,4935.155621931059,0.421668,O,8.2744
344915,qmof-b923499,15.92349,0.6440451108284942,5764.295593150582,2.125275,Hf,2.5988
344953,qmof-b923499,15.92349,0.6440451108284942,5764.295593150582,2.145954,Hf,2.6492
344991,qmof-b923499,15.92349,0.6440451108284942,5764.295593150582,2.119701,Hf,2.6642
345029,qmof-b923499,15.92349,0.6440451108284942,5764.295593150582,2.112929,Hf,2.622
345067,qmof-b923499,15.92349,0.6440451108284942,5764.295593150582,2.118694,Hf,2.8301
345105,qmof-b923499,15.92349,0.6440451108284942,5764.295593150582,-0.577577,Hf,2.831
345143,qmof-b923499,15.92349,0.6440451108284942,5764.295593150582,-0.575219,O,7.9499
345181,qmof-b923499,15.92349,0.6440451108284942,5764.295593150582,-0.572671,O,7.8456
345219,qmof-b923499,15.92349,0.6440451108284942,5764.295593150582,-0.567955,O,8.0761
345257,qmof-b923499,15.92349,0.6440451108284942,5764.295593150582,-0.604148,O,7.8939
345295,qmof-b923499,15.92349,0.6440451108284942,5764.295593150582,-0.566466,O,8.1708
345333,qmof-b923499,15.92349,0.6440451108284942,5764.295593150582,-0.569425,O,7.914
345371,qmof-b923499,15.92349,0.6440451108284942,5764.295593150582,-0.579588,O,8.1133
345409,qmof-b923499,15.92349,0.6440451108284942,5764.295593150582,-0.926439,O,7.8587
345447,qmof-b923499,15.92349,0.6440451108284942,5764.295593150582,-0.778606,O,7.148
345561,qmof-b923499,15.92349,0.6440451108284942,5764.295593150582,-1.073826,O,7.1381
345599,qmof-b923499,15.92349,0.6440451108284942,5764.295593150582,-0.96499,O,7.7988
345637,qmof-b923499,15.92349,0.6440451108284942,5764.295593150582,-0.62191,O,7.3903
345675,qmof-b923499,15.92349,0.6440451108284942,5764.295593150582,-0.552478,O,8.1008
345713,qmof-b923499,15.92349,0.6440451108284942,5764.295593150582,-0.625868,O,7.912
345751,qmof-b923499,15.92349,0.6440451108284942,5764.295593150582,-0.547365,O,8.183
345789,qmof-b923499,15.92349,0.6440451108284942,5764.295593150582,-0.605963,O,7.9422
345827,qmof-b923499,15.92349,0.6440451108284942,5764.295593150582,-0.553739,O,8.1391
345865,qmof-b923499,15.92349,0.6440451108284942,5764.295593150582,-0.562806,O,7.9314
345903,qmof-b923499,15.92349,0.6440451108284942,5764.295593150582,-0.578156,O,7.9098
345941,qmof-b923499,15.92349,0.6440451108284942,5764.295593150582,-0.775416,O,7.8418
346017,qmof-b923499,15.92349,0.6440451108284942,5764.295593150582,-0.906643,O,7.5455
346055,qmof-b923499,15.92349,0.6440451108284942,5764.295593150582,-0.743903,O,7.5841
346131,qmof-b923499,15.92349,0.6440451108284942,5764.295593150582,-1.065326,O,7.3204
346169,qmof-b923499,15.92349,0.6440451108284942,5764.295593150582,-1.081113,O,7.6544
346207,qmof-b923499,15.92349,0.6440451108284942,5764.295593150582,-0.973688,O,7.6669
346245,qmof-b923499,15.92349,0.6440451108284942,5764.295593150582,-0.956481,O,7.3925
346283,qmof-b923499,15.92349,0.6440451108284942,5764.295593150582,-1.059003,O,7.3851
346321,qmof-b923499,15.92349,0.6440451108284942,5764.295593150582,0.125079,O,7.7883
346359,qmof-b9d3cb3,4.10076,1.2413386945732618,3206.726662184793,2.37578,Zr,3.2398
346397,qmof-b9d3cb3,4.10076,1.2413386945732618,3206.726662184793,2.379048,Zr,3.2403
346435,qmof-b9d3cb3,4.10076,1.2413386945732618,3206.726662184793,2.379112,Zr,3.2473
346473,qmof-b9d3cb3,4.10076,1.2413386945732618,3206.726662184793,2.380922,Zr,3.2474
346511,qmof-b9d3cb3,4.10076,1.2413386945732618,3206.726662184793,2.38116,Zr,3.2452
346549,qmof-b9d3cb3,4.10076,1.2413386945732618,3206.726662184793,-0.610564,Zr,3.245
346587,qmof-b9d3cb3,4.10076,1.2413386945732618,3206.726662184793,-0.609681,O,8.114
346625,qmof-b9d3cb3,4.10076,1.2413386945732618,3206.726662184793,-0.610876,O,8.1193
346663,qmof-b9d3cb3,4.10076,1.2413386945732618,3206.726662184793,-0.611318,O,8.1268
346701,qmof-b9d3cb3,4.10076,1.2413386945732618,3206.726662184793,-0.617017,O,8.1266
346739,qmof-b9d3cb3,4.10076,1.2413386945732618,3206.726662184793,-0.610198,O,8.09
346777,qmof-b9d3cb3,4.10076,1.2413386945732618,3206.726662184793,-0.616015,O,8.1248
346815,qmof-b9d3cb3,4.10076,1.2413386945732618,3206.726662184793,-0.60916,O,8.0915
346853,qmof-b9d3cb3,4.10076,1.2413386945732618,3206.726662184793,-0.609466,O,8.1251
346891,qmof-b9d3cb3,4.10076,1.2413386945732618,3206.726662184793,-0.610606,O,8.1243
346929,qmof-b9d3cb3,4.10076,1.2413386945732618,3206.726662184793,-0.609895,O,8.1223
346967,qmof-b9d3cb3,4.10076,1.2413386945732618,3206.726662184793,-0.609021,O,8.1225
347005,qmof-b9d3cb3,4.10076,1.2413386945732618,3206.726662184793,-0.618045,O,8.125
347043,qmof-b9d3cb3,4.10076,1.2413386945732618,3206.726662184793,-0.617975,O,7.987
347081,qmof-b9d3cb3,4.10076,1.2413386945732618,3206.726662184793,-0.618104,O,7.9871
347119,qmof-b9d3cb3,4.10076,1.2413386945732618,3206.726662184793,-0.619058,O,7.9859
347157,qmof-b9d3cb3,4.10076,1.2413386945732618,3206.726662184793,-0.624393,O,7.9866
347195,qmof-b9d3cb3,4.10076,1.2413386945732618,3206.726662184793,-0.619093,O,8.0976
347233,qmof-b9d3cb3,4.10076,1.2413386945732618,3206.726662184793,-0.624153,O,7.9689
347271,qmof-b9d3cb3,4.10076,1.2413386945732618,3206.726662184793,-0.619027,O,8.0975
347309,qmof-b9d3cb3,4.10076,1.2413386945732618,3206.726662184793,-0.617421,O,7.9553
347347,qmof-b9d3cb3,4.10076,1.2413386945732618,3206.726662184793,-0.616011,O,7.9834
347385,qmof-b9d3cb3,4.10076,1.2413386945732618,3206.726662184793,-0.615013,O,7.985
347423,qmof-b9d3cb3,4.10076,1.2413386945732618,3206.726662184793,-0.617362,O,7.9843
347461,qmof-b9d3cb3,4.10076,1.2413386945732618,3206.726662184793,-1.068609,O,7.9841
347499,qmof-b9d3cb3,4.10076,1.2413386945732618,3206.726662184793,-1.069223,O,7.7155
347537,qmof-b9d3cb3,4.10076,1.2413386945732618,3206.726662184793,-1.069849,O,7.7152
347575,qmof-b9d3cb3,4.10076,1.2413386945732618,3206.726662184793,-1.070164,O,7.7061
347613,qmof-b9d3cb3,4.10076,1.2413386945732618,3206.726662184793,-1.148862,O,7.7146
347651,qmof-b9d3cb3,4.10076,1.2413386945732618,3206.726662184793,-1.148852,O,8.2774
347689,qmof-b9d3cb3,4.10076,1.2413386945732618,3206.726662184793,-1.149492,O,8.2774
347727,qmof-b9d3cb3,4.10076,1.2413386945732618,3206.726662184793,-1.149339,O,8.2671
347765,qmof-b9d3cb3,4.10076,1.2413386945732618,3206.726662184793,0.426304,O,8.2666
347803,qmof-b9fbd8b,5.64713,0.7922139679032288,4902.663242400907,2.367525,Zr,3.2358
347841,qmof-b9fbd8b,5.64713,0.7922139679032288,4902.663242400907,2.372301,Zr,3.2358
347879,qmof-b9fbd8b,5.64713,0.7922139679032288,4902.663242400907,2.372626,Zr,3.2447
347917,qmof-b9fbd8b,5.64713,0.7922139679032288,4902.663242400907,2.368166,Zr,3.2445
347955,qmof-b9fbd8b,5.64713,0.7922139679032288,4902.663242400907,2.368462,Zr,3.2389
347993,qmof-b9fbd8b,5.64713,0.7922139679032288,4902.663242400907,-0.614758,Zr,3.2363
348031,qmof-b9fbd8b,5.64713,0.7922139679032288,4902.663242400907,-0.615409,O,8.1194
348069,qmof-b9fbd8b,5.64713,0.7922139679032288,4902.663242400907,-0.614508,O,8.1197
348107,qmof-b9fbd8b,5.64713,0.7922139679032288,4902.663242400907,-0.613995,O,8.1099
348145,qmof-b9fbd8b,5.64713,0.7922139679032288,4902.663242400907,-0.628749,O,8.1094
348183,qmof-b9fbd8b,5.64713,0.7922139679032288,4902.663242400907,-0.614073,O,8.1423
348221,qmof-b9fbd8b,5.64713,0.7922139679032288,4902.663242400907,-0.628662,O,8.1294
348259,qmof-b9fbd8b,5.64713,0.7922139679032288,4902.663242400907,-0.61448,O,8.1422
348297,qmof-b9fbd8b,5.64713,0.7922139679032288,4902.663242400907,-0.61476,O,8.1292
348335,qmof-b9fbd8b,5.64713,0.7922139679032288,4902.663242400907,-0.614777,O,8.1175
348373,qmof-b9fbd8b,5.64713,0.7922139679032288,4902.663242400907,-0.61429,O,8.1098
348411,qmof-b9fbd8b,5.64713,0.7922139679032288,4902.663242400907,-0.614208,O,8.1093
348449,qmof-b9fbd8b,5.64713,0.7922139679032288,4902.663242400907,-0.624657,O,8.1175
348487,qmof-b9fbd8b,5.64713,0.7922139679032288,4902.663242400907,-0.624235,O,8.1638
348525,qmof-b9fbd8b,5.64713,0.7922139679032288,4902.663242400907,-0.627188,O,8.1638
348563,qmof-b9fbd8b,5.64713,0.7922139679032288,4902.663242400907,-0.626617,O,8.1619
348601,qmof-b9fbd8b,5.64713,0.7922139679032288,4902.663242400907,-0.615879,O,8.1618
348639,qmof-b9fbd8b,5.64713,0.7922139679032288,4902.663242400907,-0.627002,O,8.1927
348677,qmof-b9fbd8b,5.64713,0.7922139679032288,4902.663242400907,-0.616344,O,8.16
348715,qmof-b9fbd8b,5.64713,0.7922139679032288,4902.663242400907,-0.626788,O,8.1934
348753,qmof-b9fbd8b,5.64713,0.7922139679032288,4902.663242400907,-0.62669,O,8.1602
348791,qmof-b9fbd8b,5.64713,0.7922139679032288,4902.663242400907,-0.623687,O,8.1716
348829,qmof-b9fbd8b,5.64713,0.7922139679032288,4902.663242400907,-0.623855,O,8.1734
348867,qmof-b9fbd8b,5.64713,0.7922139679032288,4902.663242400907,-0.627127,O,8.1741
348905,qmof-b9fbd8b,5.64713,0.7922139679032288,4902.663242400907,-1.070397,O,8.171
348943,qmof-b9fbd8b,5.64713,0.7922139679032288,4902.663242400907,-1.070467,O,7.7713
348981,qmof-b9fbd8b,5.64713,0.7922139679032288,4902.663242400907,-1.068586,O,7.771
349019,qmof-b9fbd8b,5.64713,0.7922139679032288,4902.663242400907,-1.069286,O,7.7731
349057,qmof-b9fbd8b,5.64713,0.7922139679032288,4902.663242400907,-1.147477,O,7.7739
349095,qmof-b9fbd8b,5.64713,0.7922139679032288,4902.663242400907,-1.148229,O,8.3276
349133,qmof-b9fbd8b,5.64713,0.7922139679032288,4902.663242400907,-1.146531,O,8.3276
349171,qmof-b9fbd8b,5.64713,0.7922139679032288,4902.663242400907,-1.147255,O,8.331
349209,qmof-b9fbd8b,5.64713,0.7922139679032288,4902.663242400907,0.422776,O,8.3311
349247,qmof-ba63d77,4.93902,1.1232367911539534,3209.130026931789,2.374458,Zr,3.2471
349285,qmof-ba63d77,4.93902,1.1232367911539534,3209.130026931789,2.3752,Zr,3.2537
349323,qmof-ba63d77,4.93902,1.1232367911539534,3209.130026931789,2.369536,Zr,3.2553
349361,qmof-ba63d77,4.93902,1.1232367911539534,3209.130026931789,2.379367,Zr,3.2476
349399,qmof-ba63d77,4.93902,1.1232367911539534,3209.130026931789,2.378722,Zr,3.2553
349437,qmof-ba63d77,4.93902,1.1232367911539534,3209.130026931789,-0.616076,Zr,3.2562
349475,qmof-ba63d77,4.93902,1.1232367911539534,3209.130026931789,-0.612181,O,8.1357
349513,qmof-ba63d77,4.93902,1.1232367911539534,3209.130026931789,-0.616282,O,8.1148
349551,qmof-ba63d77,4.93902,1.1232367911539534,3209.130026931789,-0.618693,O,8.1195
349589,qmof-ba63d77,4.93902,1.1232367911539534,3209.130026931789,-0.606709,O,8.1424
349627,qmof-ba63d77,4.93902,1.1232367911539534,3209.130026931789,-0.619316,O,8.0364
349665,qmof-ba63d77,4.93902,1.1232367911539534,3209.130026931789,-0.614008,O,8.1683
349703,qmof-ba63d77,4.93902,1.1232367911539534,3209.130026931789,-0.612738,O,8.0494
349741,qmof-ba63d77,4.93902,1.1232367911539534,3209.130026931789,-0.615027,O,8.1413
349779,qmof-ba63d77,4.93902,1.1232367911539534,3209.130026931789,-0.619752,O,8.1338
349817,qmof-ba63d77,4.93902,1.1232367911539534,3209.130026931789,-0.614821,O,8.1311
349855,qmof-ba63d77,4.93902,1.1232367911539534,3209.130026931789,-0.614155,O,8.1427
349893,qmof-ba63d77,4.93902,1.1232367911539534,3209.130026931789,-0.613002,O,8.1472
349931,qmof-ba63d77,4.93902,1.1232367911539534,3209.130026931789,-0.613066,O,8.0556
349969,qmof-ba63d77,4.93902,1.1232367911539534,3209.130026931789,-0.613851,O,8.1181
350007,qmof-ba63d77,4.93902,1.1232367911539534,3209.130026931789,-0.614834,O,8.1161
350045,qmof-ba63d77,4.93902,1.1232367911539534,3209.130026931789,-0.625767,O,8.0505
350083,qmof-ba63d77,4.93902,1.1232367911539534,3209.130026931789,-0.614914,O,8.0882
350121,qmof-ba63d77,4.93902,1.1232367911539534,3209.130026931789,-0.622131,O,8.0224
350159,qmof-ba63d77,4.93902,1.1232367911539534,3209.130026931789,-0.611448,O,8.0947
350197,qmof-ba63d77,4.93902,1.1232367911539534,3209.130026931789,-0.61055,O,8.1047
350235,qmof-ba63d77,4.93902,1.1232367911539534,3209.130026931789,-0.609375,O,8.1092
350273,qmof-ba63d77,4.93902,1.1232367911539534,3209.130026931789,-0.615059,O,8.1084
350311,qmof-ba63d77,4.93902,1.1232367911539534,3209.130026931789,-0.612739,O,8.0399
350349,qmof-ba63d77,4.93902,1.1232367911539534,3209.130026931789,-1.069627,O,8.0455
350387,qmof-ba63d77,4.93902,1.1232367911539534,3209.130026931789,-1.069873,O,7.7305
350425,qmof-ba63d77,4.93902,1.1232367911539534,3209.130026931789,-1.069092,O,7.7254
350463,qmof-ba63d77,4.93902,1.1232367911539534,3209.130026931789,-1.072003,O,7.7057
350501,qmof-ba63d77,4.93902,1.1232367911539534,3209.130026931789,-1.149089,O,7.7049
350539,qmof-ba63d77,4.93902,1.1232367911539534,3209.130026931789,-1.1476,O,8.2708
350577,qmof-ba63d77,4.93902,1.1232367911539534,3209.130026931789,-1.148144,O,8.2777
350615,qmof-ba63d77,4.93902,1.1232367911539534,3209.130026931789,-1.148688,O,8.272
350653,qmof-ba63d77,4.93902,1.1232367911539534,3209.130026931789,0.423466,O,8.2649
350691,qmof-baceef3,4.25517,1.2112818773303309,1673.3468109321852,0.563664,Ag,10.6266
350699,qmof-baceef3,4.25517,1.2112818773303309,1673.3468109321852,-0.384743,Ag,10.6262
350825,qmof-bbbed4f,4.69137,1.3229352317458392,3303.690517323029,2.083864,Hf,2.7779
350863,qmof-bbbed4f,4.69137,1.3229352317458392,3303.690517323029,2.140232,Hf,2.7784
350901,qmof-bbbed4f,4.69137,1.3229352317458392,3303.690517323029,2.083688,Hf,2.844
350939,qmof-bbbed4f,4.69137,1.3229352317458392,3303.690517323029,2.139194,Hf,2.777
350977,qmof-bbbed4f,4.69137,1.3229352317458392,3303.690517323029,2.14027,Hf,2.8402
351015,qmof-bbbed4f,4.69137,1.3229352317458392,3303.690517323029,-0.573444,Hf,2.84
351053,qmof-bbbed4f,4.69137,1.3229352317458392,3303.690517323029,-0.538642,O,7.7194
351091,qmof-bbbed4f,4.69137,1.3229352317458392,3303.690517323029,-0.540314,O,7.6433
351129,qmof-bbbed4f,4.69137,1.3229352317458392,3303.690517323029,-0.564901,O,7.6421
351167,qmof-bbbed4f,4.69137,1.3229352317458392,3303.690517323029,-0.575084,O,7.7339
351205,qmof-bbbed4f,4.69137,1.3229352317458392,3303.690517323029,-0.536049,O,7.8379
351243,qmof-bbbed4f,4.69137,1.3229352317458392,3303.690517323029,-0.538084,O,7.7332
351281,qmof-bbbed4f,4.69137,1.3229352317458392,3303.690517323029,-0.568448,O,7.7346
351319,qmof-bbbed4f,4.69137,1.3229352317458392,3303.690517323029,-1.034787,O,7.7836
351357,qmof-bbbed4f,4.69137,1.3229352317458392,3303.690517323029,-1.035963,O,7.706
351395,qmof-bbbed4f,4.69137,1.3229352317458392,3303.690517323029,-0.951199,O,7.707
351433,qmof-bbbed4f,4.69137,1.3229352317458392,3303.690517323029,-1.006676,O,7.476
351471,qmof-bbbed4f,4.69137,1.3229352317458392,3303.690517323029,-0.56405,O,7.3062
351509,qmof-bbbed4f,4.69137,1.3229352317458392,3303.690517323029,-0.56936,O,7.7344
351547,qmof-bbbed4f,4.69137,1.3229352317458392,3303.690517323029,-0.540519,O,7.8859
351585,qmof-bbbed4f,4.69137,1.3229352317458392,3303.690517323029,-0.5722,O,7.6396
351623,qmof-bbbed4f,4.69137,1.3229352317458392,3303.690517323029,-0.569993,O,7.7188
351661,qmof-bbbed4f,4.69137,1.3229352317458392,3303.690517323029,-0.565954,O,7.8849
351699,qmof-bbbed4f,4.69137,1.3229352317458392,3303.690517323029,-0.573586,O,7.7328
351737,qmof-bbbed4f,4.69137,1.3229352317458392,3303.690517323029,-0.568988,O,7.7154
351775,qmof-bbbed4f,4.69137,1.3229352317458392,3303.690517323029,-0.569643,O,7.8871
351813,qmof-bbbed4f,4.69137,1.3229352317458392,3303.690517323029,-0.594315,O,7.7805
351851,qmof-bbbed4f,4.69137,1.3229352317458392,3303.690517323029,-0.536351,O,7.7762
351889,qmof-bbbed4f,4.69137,1.3229352317458392,3303.690517323029,-0.57463,O,7.7363
351927,qmof-bbbed4f,4.69137,1.3229352317458392,3303.690517323029,-0.59493,O,7.8737
351965,qmof-bbbed4f,4.69137,1.3229352317458392,3303.690517323029,-0.568244,O,7.7782
352003,qmof-bbbed4f,4.69137,1.3229352317458392,3303.690517323029,-0.57494,O,7.7801
352041,qmof-bbbed4f,4.69137,1.3229352317458392,3303.690517323029,-0.59565,O,7.8373
352079,qmof-bbbed4f,4.69137,1.3229352317458392,3303.690517323029,-1.073913,O,7.778
352117,qmof-bbbed4f,4.69137,1.3229352317458392,3303.690517323029,-1.035774,O,7.6691
352155,qmof-bbbed4f,4.69137,1.3229352317458392,3303.690517323029,-1.005984,O,7.7052
352193,qmof-bbbed4f,4.69137,1.3229352317458392,3303.690517323029,-1.006109,O,7.2671
352231,qmof-bbbed4f,4.69137,1.3229352317458392,3303.690517323029,0.150285,O,7.3025
352269,qmof-bc01827,4.06131,1.18299839532011,3199.955876288635,2.372588,Zr,3.2494
352317,qmof-bc01827,4.06131,1.18299839532011,3199.955876288635,2.376036,Zr,3.244
352365,qmof-bc01827,4.06131,1.18299839532011,3199.955876288635,2.375247,Zr,3.2537
352413,qmof-bc01827,4.06131,1.18299839532011,3199.955876288635,2.378526,Zr,3.2595
352461,qmof-bc01827,4.06131,1.18299839532011,3199.955876288635,2.377222,Zr,3.2512
352509,qmof-bc01827,4.06131,1.18299839532011,3199.955876288635,-0.615253,Zr,3.2517
352557,qmof-bc01827,4.06131,1.18299839532011,3199.955876288635,-0.603519,O,8.1437
352605,qmof-bc01827,4.06131,1.18299839532011,3199.955876288635,-0.604164,O,8.1199
352653,qmof-bc01827,4.06131,1.18299839532011,3199.955876288635,-0.614291,O,8.1334
352701,qmof-bc01827,4.06131,1.18299839532011,3199.955876288635,-0.617809,O,8.134
352749,qmof-bc01827,4.06131,1.18299839532011,3199.955876288635,-0.617649,O,8.0217
352797,qmof-bc01827,4.06131,1.18299839532011,3199.955876288635,-0.625979,O,8.1505
352845,qmof-bc01827,4.06131,1.18299839532011,3199.955876288635,-0.59887,O,8.0701
352893,qmof-bc01827,4.06131,1.18299839532011,3199.955876288635,-0.603331,O,8.1419
352941,qmof-bc01827,4.06131,1.18299839532011,3199.955876288635,-0.609785,O,8.1231
352989,qmof-bc01827,4.06131,1.18299839532011,3199.955876288635,-0.610537,O,8.1521
353037,qmof-bc01827,4.06131,1.18299839532011,3199.955876288635,-0.612923,O,8.1102
353085,qmof-bc01827,4.06131,1.18299839532011,3199.955876288635,-0.60521,O,8.1432
353133,qmof-bc01827,4.06131,1.18299839532011,3199.955876288635,-0.614417,O,8.0655
353181,qmof-bc01827,4.06131,1.18299839532011,3199.955876288635,-0.614383,O,8.0867
353229,qmof-bc01827,4.06131,1.18299839532011,3199.955876288635,-0.608827,O,8.1091
353277,qmof-bc01827,4.06131,1.18299839532011,3199.955876288635,-0.628912,O,8.0495
353325,qmof-bc01827,4.06131,1.18299839532011,3199.955876288635,-0.610209,O,8.0555
353373,qmof-bc01827,4.06131,1.18299839532011,3199.955876288635,-0.624505,O,8.0559
353421,qmof-bc01827,4.06131,1.18299839532011,3199.955876288635,-0.610189,O,8.0583
353469,qmof-bc01827,4.06131,1.18299839532011,3199.955876288635,-0.609505,O,8.102
353517,qmof-bc01827,4.06131,1.18299839532011,3199.955876288635,-0.607126,O,8.093
353565,qmof-bc01827,4.06131,1.18299839532011,3199.955876288635,-0.602767,O,8.1041
353613,qmof-bc01827,4.06131,1.18299839532011,3199.955876288635,-0.605144,O,8.047
353661,qmof-bc01827,4.06131,1.18299839532011,3199.955876288635,-1.070712,O,8.0634
353709,qmof-bc01827,4.06131,1.18299839532011,3199.955876288635,-1.072748,O,7.7118
353757,qmof-bc01827,4.06131,1.18299839532011,3199.955876288635,-1.071475,O,7.7261
353805,qmof-bc01827,4.06131,1.18299839532011,3199.955876288635,-1.071836,O,7.7033
353853,qmof-bc01827,4.06131,1.18299839532011,3199.955876288635,-1.150508,O,7.7118
353901,qmof-bc01827,4.06131,1.18299839532011,3199.955876288635,-1.149396,O,8.2984
353949,qmof-bc01827,4.06131,1.18299839532011,3199.955876288635,-1.148075,O,8.2817
353997,qmof-bc01827,4.06131,1.18299839532011,3199.955876288635,-1.148917,O,8.2756
354045,qmof-bc01827,4.06131,1.18299839532011,3199.955876288635,-0.342431,O,8.2758
354093,qmof-bc01827,4.06131,1.18299839532011,3199.955876288635,-0.314545,O,8.6039
354141,qmof-bc01827,4.06131,1.18299839532011,3199.955876288635,-0.335258,O,8.6078
354189,qmof-bc01827,4.06131,1.18299839532011,3199.955876288635,-0.321094,O,8.5006
354237,qmof-bc01827,4.06131,1.18299839532011,3199.955876288635,-0.324264,O,8.5149
354285,qmof-bc01827,4.06131,1.18299839532011,3199.955876288635,-0.303151,O,8.5937
354333,qmof-bc01827,4.06131,1.18299839532011,3199.955876288635,-0.322944,O,8.6446
354429,qmof-bc01827,4.06131,1.18299839532011,3199.955876288635,-0.330222,O,8.7756
354477,qmof-bc01827,4.06131,1.18299839532011,3199.955876288635,-0.326071,O,8.78
354525,qmof-bc01827,4.06131,1.18299839532011,3199.955876288635,0.426563,O,8.7752
355485,qmof-bc0f149,5.07984,0.9138700552388656,6215.212357682521,-0.61353,O,7.3589
355561,qmof-bc0f149,5.07984,0.9138700552388656,6215.212357682521,-0.645402,O,8.1681
355637,qmof-bc0f149,5.07984,0.9138700552388656,6215.212357682521,-0.658084,O,8.2329
355713,qmof-bc0f149,5.07984,0.9138700552388656,6215.212357682521,-0.612917,O,8.1371
355789,qmof-bc0f149,5.07984,0.9138700552388656,6215.212357682521,-0.608804,O,8.1907
355865,qmof-bc0f149,5.07984,0.9138700552388656,6215.212357682521,-0.641644,O,8.1845
355941,qmof-bc0f149,5.07984,0.9138700552388656,6215.212357682521,-1.174951,O,8.209
356017,qmof-bc0f149,5.07984,0.9138700552388656,6215.212357682521,-1.062713,O,8.3357
356093,qmof-bc0f149,5.07984,0.9138700552388656,6215.212357682521,-1.063567,O,7.7451
356169,qmof-bc0f149,5.07984,0.9138700552388656,6215.212357682521,-1.142169,O,7.7101
356245,qmof-bc0f149,5.07984,0.9138700552388656,6215.212357682521,-0.924048,O,8.3278
356321,qmof-bc0f149,5.07984,0.9138700552388656,6215.212357682521,-0.82981,O,7.7918
356397,qmof-bc0f149,5.07984,0.9138700552388656,6215.212357682521,-1.153675,O,7.3001
356473,qmof-bc0f149,5.07984,0.9138700552388656,6215.212357682521,-1.048802,O,8.4284
356549,qmof-bc0f149,5.07984,0.9138700552388656,6215.212357682521,-1.163779,O,7.8501
356625,qmof-bc0f149,5.07984,0.9138700552388656,6215.212357682521,-1.03992,O,8.3239
356701,qmof-bc0f149,5.07984,0.9138700552388656,6215.212357682521,-0.928901,O,7.8038
356777,qmof-bc0f149,5.07984,0.9138700552388656,6215.212357682521,-0.622601,O,7.8417
356853,qmof-bc0f149,5.07984,0.9138700552388656,6215.212357682521,-0.646149,O,8.1725
356929,qmof-bc0f149,5.07984,0.9138700552388656,6215.212357682521,-0.951004,O,8.2381
357005,qmof-bc0f149,5.07984,0.9138700552388656,6215.212357682521,-0.617595,O,7.9581
357081,qmof-bc0f149,5.07984,0.9138700552388656,6215.212357682521,-0.918448,O,8.185
357157,qmof-bc0f149,5.07984,0.9138700552388656,6215.212357682521,-0.842255,O,7.867
357233,qmof-bc0f149,5.07984,0.9138700552388656,6215.212357682521,-0.827732,O,7.4222
357309,qmof-bc0f149,5.07984,0.9138700552388656,6215.212357682521,-0.646796,O,7.3439
357385,qmof-bc0f149,5.07984,0.9138700552388656,6215.212357682521,-0.773176,O,8.1934
357537,qmof-bc0f149,5.07984,0.9138700552388656,6215.212357682521,-0.666524,O,7.8859
357613,qmof-bc0f149,5.07984,0.9138700552388656,6215.212357682521,-0.579028,O,8.2512
357689,qmof-bc0f149,5.07984,0.9138700552388656,6215.212357682521,-0.818435,O,8.2079
357765,qmof-bc0f149,5.07984,0.9138700552388656,6215.212357682521,-0.983589,O,7.3179
357841,qmof-bc0f149,5.07984,0.9138700552388656,6215.212357682521,-0.80643,O,7.5282
357917,qmof-bc0f149,5.07984,0.9138700552388656,6215.212357682521,-0.612565,O,7.369
357993,qmof-bc0f149,5.07984,0.9138700552388656,6215.212357682521,-0.634402,O,8.1651
358069,qmof-bc0f149,5.07984,0.9138700552388656,6215.212357682521,-0.629547,O,8.2687
358145,qmof-bc0f149,5.07984,0.9138700552388656,6215.212357682521,-0.642737,O,8.0976
358221,qmof-bc0f149,5.07984,0.9138700552388656,6215.212357682521,-0.61582,O,8.2338
358297,qmof-bc0f149,5.07984,0.9138700552388656,6215.212357682521,-0.639586,O,8.169
358373,qmof-bc0f149,5.07984,0.9138700552388656,6215.212357682521,-1.189774,O,8.2199
358449,qmof-bc0f149,5.07984,0.9138700552388656,6215.212357682521,-1.065522,O,8.2978
358525,qmof-bc0f149,5.07984,0.9138700552388656,6215.212357682521,-1.059053,O,7.7847
358601,qmof-bc0f149,5.07984,0.9138700552388656,6215.212357682521,-1.127138,O,7.6918
358677,qmof-bc0f149,5.07984,0.9138700552388656,6215.212357682521,-0.919803,O,8.3527
358753,qmof-bc0f149,5.07984,0.9138700552388656,6215.212357682521,-0.827532,O,7.8728
358829,qmof-bc0f149,5.07984,0.9138700552388656,6215.212357682521,-1.150412,O,7.2982
358905,qmof-bc0f149,5.07984,0.9138700552388656,6215.212357682521,-1.030612,O,8.4148
358981,qmof-bc0f149,5.07984,0.9138700552388656,6215.212357682521,-1.161785,O,7.8709
359057,qmof-bc0f149,5.07984,0.9138700552388656,6215.212357682521,-1.066267,O,8.3266
359133,qmof-bc0f149,5.07984,0.9138700552388656,6215.212357682521,-0.924556,O,7.7692
359209,qmof-bc0f149,5.07984,0.9138700552388656,6215.212357682521,-0.600048,O,7.8122
359285,qmof-bc0f149,5.07984,0.9138700552388656,6215.212357682521,-0.652966,O,8.1532
359361,qmof-bc0f149,5.07984,0.9138700552388656,6215.212357682521,-0.953936,O,8.242
359437,qmof-bc0f149,5.07984,0.9138700552388656,6215.212357682521,-0.616544,O,7.9654
359513,qmof-bc0f149,5.07984,0.9138700552388656,6215.212357682521,-0.924381,O,8.1937
359589,qmof-bc0f149,5.07984,0.9138700552388656,6215.212357682521,-0.842025,O,7.8866
359665,qmof-bc0f149,5.07984,0.9138700552388656,6215.212357682521,-0.833903,O,7.4212
359741,qmof-bc0f149,5.07984,0.9138700552388656,6215.212357682521,-0.645679,O,7.3775
359817,qmof-bc0f149,5.07984,0.9138700552388656,6215.212357682521,-0.777132,O,8.1977
359969,qmof-bc0f149,5.07984,0.9138700552388656,6215.212357682521,-0.658092,O,7.8787
360045,qmof-bc0f149,5.07984,0.9138700552388656,6215.212357682521,-0.610558,O,8.2423
360121,qmof-bc0f149,5.07984,0.9138700552388656,6215.212357682521,-0.817784,O,8.2093
360197,qmof-bc0f149,5.07984,0.9138700552388656,6215.212357682521,-0.986926,O,7.3146
360273,qmof-bc0f149,5.07984,0.9138700552388656,6215.212357682521,0.424964,O,7.5485
360541,qmof-bd899c1,5.44442,1.203303223847911,1917.8150610872965,-1.214387,O,8.4931
360589,qmof-bd899c1,5.44442,1.203303223847911,1917.8150610872965,-1.214377,O,8.4933
360637,qmof-bd899c1,5.44442,1.203303223847911,1917.8150610872965,-1.214388,O,8.493
360685,qmof-bd899c1,5.44442,1.203303223847911,1917.8150610872965,-0.611579,O,8.4933
360733,qmof-bd899c1,5.44442,1.203303223847911,1917.8150610872965,-0.611603,O,8.2342
360780,qmof-bd899c1,5.44442,1.203303223847911,1917.8150610872965,-0.611584,O,8.2012
360828,qmof-bd899c1,5.44442,1.203303223847911,1917.8150610872965,-0.611543,O,8.2342
360875,qmof-bd899c1,5.44442,1.203303223847911,1917.8150610872965,-0.645707,O,8.2012
360923,qmof-bd899c1,5.44442,1.203303223847911,1917.8150610872965,-0.646411,O,8.1314
360971,qmof-bd899c1,5.44442,1.203303223847911,1917.8150610872965,-0.645659,O,8.1028
361019,qmof-bd899c1,5.44442,1.203303223847911,1917.8150610872965,-0.646261,O,8.1314
361067,qmof-bd899c1,5.44442,1.203303223847911,1917.8150610872965,-0.604235,O,8.1028
361115,qmof-bd899c1,5.44442,1.203303223847911,1917.8150610872965,-0.60393,O,8.0248
361163,qmof-bd899c1,5.44442,1.203303223847911,1917.8150610872965,-0.604141,O,8.0249
361211,qmof-bd899c1,5.44442,1.203303223847911,1917.8150610872965,-0.603886,O,8.0249
361259,qmof-bd899c1,5.44442,1.203303223847911,1917.8150610872965,-0.624222,O,8.0249
361307,qmof-bd899c1,5.44442,1.203303223847911,1917.8150610872965,-0.6242,O,8.0198
361355,qmof-bd899c1,5.44442,1.203303223847911,1917.8150610872965,-0.624178,O,8.0192
361403,qmof-bd899c1,5.44442,1.203303223847911,1917.8150610872965,-0.624219,O,8.0198
361451,qmof-bd899c1,5.44442,1.203303223847911,1917.8150610872965,0.11513,O,8.0192
362487,qmof-bdefc5b,5.68396,1.0779533789497462,6045.126684551749,-0.635569,O,8.2228
362563,qmof-bdefc5b,5.68396,1.0779533789497462,6045.126684551749,-0.609301,O,8.206
362639,qmof-bdefc5b,5.68396,1.0779533789497462,6045.126684551749,-0.612303,O,8.2615
362715,qmof-bdefc5b,5.68396,1.0779533789497462,6045.126684551749,-0.62774,O,8.1418
362791,qmof-bdefc5b,5.68396,1.0779533789497462,6045.126684551749,-0.623238,O,8.2068
362867,qmof-bdefc5b,5.68396,1.0779533789497462,6045.126684551749,-1.19485,O,8.3057
362943,qmof-bdefc5b,5.68396,1.0779533789497462,6045.126684551749,-1.0472,O,8.3582
363019,qmof-bdefc5b,5.68396,1.0779533789497462,6045.126684551749,-1.029872,O,7.8892
363095,qmof-bdefc5b,5.68396,1.0779533789497462,6045.126684551749,-1.149059,O,7.804
363171,qmof-bdefc5b,5.68396,1.0779533789497462,6045.126684551749,-0.940478,O,8.4112
363247,qmof-bdefc5b,5.68396,1.0779533789497462,6045.126684551749,-0.774057,O,7.8506
363323,qmof-bdefc5b,5.68396,1.0779533789497462,6045.126684551749,-1.165181,O,7.2798
363399,qmof-bdefc5b,5.68396,1.0779533789497462,6045.126684551749,-1.048627,O,8.423
363475,qmof-bdefc5b,5.68396,1.0779533789497462,6045.126684551749,-1.169054,O,7.8866
363551,qmof-bdefc5b,5.68396,1.0779533789497462,6045.126684551749,-1.066948,O,8.3386
363627,qmof-bdefc5b,5.68396,1.0779533789497462,6045.126684551749,-0.946779,O,7.7623
363703,qmof-bdefc5b,5.68396,1.0779533789497462,6045.126684551749,-0.571866,O,7.6562
363779,qmof-bdefc5b,5.68396,1.0779533789497462,6045.126684551749,-0.648506,O,8.2218
363855,qmof-bdefc5b,5.68396,1.0779533789497462,6045.126684551749,-0.977744,O,8.2465
363931,qmof-bdefc5b,5.68396,1.0779533789497462,6045.126684551749,-0.612416,O,7.4154
364007,qmof-bdefc5b,5.68396,1.0779533789497462,6045.126684551749,-0.919091,O,8.2309
364083,qmof-bdefc5b,5.68396,1.0779533789497462,6045.126684551749,-0.841543,O,7.8452
364159,qmof-bdefc5b,5.68396,1.0779533789497462,6045.126684551749,-0.814026,O,7.3456
364235,qmof-bdefc5b,5.68396,1.0779533789497462,6045.126684551749,-0.643395,O,7.2406
364311,qmof-bdefc5b,5.68396,1.0779533789497462,6045.126684551749,-0.790268,O,8.1283
364539,qmof-bdefc5b,5.68396,1.0779533789497462,6045.126684551749,-0.654603,O,8.4541
364615,qmof-bdefc5b,5.68396,1.0779533789497462,6045.126684551749,-0.979268,O,8.2724
364691,qmof-bdefc5b,5.68396,1.0779533789497462,6045.126684551749,-0.991547,O,7.4703
364767,qmof-bdefc5b,5.68396,1.0779533789497462,6045.126684551749,-0.778801,O,7.6876
364919,qmof-bdefc5b,5.68396,1.0779533789497462,6045.126684551749,-0.623448,O,8.1825
364995,qmof-bdefc5b,5.68396,1.0779533789497462,6045.126684551749,-0.631603,O,8.3229
365071,qmof-bdefc5b,5.68396,1.0779533789497462,6045.126684551749,-0.629631,O,8.2058
365147,qmof-bdefc5b,5.68396,1.0779533789497462,6045.126684551749,-0.634933,O,8.2296
365223,qmof-bdefc5b,5.68396,1.0779533789497462,6045.126684551749,-0.601636,O,8.2184
365299,qmof-bdefc5b,5.68396,1.0779533789497462,6045.126684551749,-1.169605,O,8.1796
365375,qmof-bdefc5b,5.68396,1.0779533789497462,6045.126684551749,-1.066496,O,8.3353
365451,qmof-bdefc5b,5.68396,1.0779533789497462,6045.126684551749,-1.037702,O,7.7557
365527,qmof-bdefc5b,5.68396,1.0779533789497462,6045.126684551749,-1.160476,O,7.8199
365603,qmof-bdefc5b,5.68396,1.0779533789497462,6045.126684551749,-0.915957,O,8.3527
365679,qmof-bdefc5b,5.68396,1.0779533789497462,6045.126684551749,-0.809825,O,7.7698
365755,qmof-bdefc5b,5.68396,1.0779533789497462,6045.126684551749,-1.156416,O,7.3017
365831,qmof-bdefc5b,5.68396,1.0779533789497462,6045.126684551749,-1.052693,O,8.3791
365907,qmof-bdefc5b,5.68396,1.0779533789497462,6045.126684551749,-1.172156,O,7.8024
365983,qmof-bdefc5b,5.68396,1.0779533789497462,6045.126684551749,-1.064844,O,8.3263
366059,qmof-bdefc5b,5.68396,1.0779533789497462,6045.126684551749,-0.930708,O,7.7592
366135,qmof-bdefc5b,5.68396,1.0779533789497462,6045.126684551749,-0.581426,O,7.7847
366211,qmof-bdefc5b,5.68396,1.0779533789497462,6045.126684551749,-0.652374,O,8.1923
366287,qmof-bdefc5b,5.68396,1.0779533789497462,6045.126684551749,-0.953487,O,8.2188
366363,qmof-bdefc5b,5.68396,1.0779533789497462,6045.126684551749,-0.59281,O,7.3959
366439,qmof-bdefc5b,5.68396,1.0779533789497462,6045.126684551749,-0.928268,O,8.3101
366515,qmof-bdefc5b,5.68396,1.0779533789497462,6045.126684551749,-0.803194,O,7.7816
366591,qmof-bdefc5b,5.68396,1.0779533789497462,6045.126684551749,-0.841777,O,7.3494
366667,qmof-bdefc5b,5.68396,1.0779533789497462,6045.126684551749,-0.645377,O,7.5026
366743,qmof-bdefc5b,5.68396,1.0779533789497462,6045.126684551749,-0.776813,O,8.3003
366895,qmof-bdefc5b,5.68396,1.0779533789497462,6045.126684551749,-0.655604,O,7.8969
366971,qmof-bdefc5b,5.68396,1.0779533789497462,6045.126684551749,-0.581106,O,8.2871
367047,qmof-bdefc5b,5.68396,1.0779533789497462,6045.126684551749,-0.819561,O,8.1822
367123,qmof-bdefc5b,5.68396,1.0779533789497462,6045.126684551749,-1.003629,O,7.3121
367199,qmof-bdefc5b,5.68396,1.0779533789497462,6045.126684551749,0.435649,O,7.7255
368719,qmof-c1381a2,4.3782,1.404736913302778,1333.8270056505933,0.592381,Rh,5.7306
368735,qmof-c1381a2,4.3782,1.404736913302778,1333.8270056505933,-0.252508,Rh,5.7305
368751,qmof-c1381a2,4.3782,1.404736913302778,1333.8270056505933,-0.252273,N,5.3876
368767,qmof-c1381a2,4.3782,1.404736913302778,1333.8270056505933,-0.438166,N,5.3875
368783,qmof-c1381a2,4.3782,1.404736913302778,1333.8270056505933,-0.437823,O,7.1604
368799,qmof-c1381a2,4.3782,1.404736913302778,1333.8270056505933,-0.449565,O,7.1604
368911,qmof-c1381a2,4.3782,1.404736913302778,1333.8270056505933,-0.439784,O,7.1605
368927,qmof-c1381a2,4.3782,1.404736913302778,1333.8270056505933,-0.131704,O,7.1605
368975,qmof-c2a0d63,4.09153,1.276016242652409,2272.3045280161878,2.37497,Zr,3.2519
369015,qmof-c2a0d63,4.09153,1.276016242652409,2272.3045280161878,2.374706,Zr,3.2519
369055,qmof-c2a0d63,4.09153,1.276016242652409,2272.3045280161878,2.373067,Zr,3.2487
369095,qmof-c2a0d63,4.09153,1.276016242652409,2272.3045280161878,2.373979,Zr,3.245
369135,qmof-c2a0d63,4.09153,1.276016242652409,2272.3045280161878,2.375217,Zr,3.2413
369175,qmof-c2a0d63,4.09153,1.276016242652409,2272.3045280161878,-0.618214,Zr,3.2468
369215,qmof-c2a0d63,4.09153,1.276016242652409,2272.3045280161878,-0.618703,O,8.1608
369255,qmof-c2a0d63,4.09153,1.276016242652409,2272.3045280161878,-0.623573,O,8.1595
369295,qmof-c2a0d63,4.09153,1.276016242652409,2272.3045280161878,-0.616904,O,8.1379
369335,qmof-c2a0d63,4.09153,1.276016242652409,2272.3045280161878,-0.622313,O,8.1555
369375,qmof-c2a0d63,4.09153,1.276016242652409,2272.3045280161878,-0.621891,O,8.1286
369415,qmof-c2a0d63,4.09153,1.276016242652409,2272.3045280161878,-0.62132,O,8.1658
369455,qmof-c2a0d63,4.09153,1.276016242652409,2272.3045280161878,-0.620087,O,8.1408
369495,qmof-c2a0d63,4.09153,1.276016242652409,2272.3045280161878,-0.620951,O,8.1591
369535,qmof-c2a0d63,4.09153,1.276016242652409,2272.3045280161878,-0.615243,O,8.1473
369575,qmof-c2a0d63,4.09153,1.276016242652409,2272.3045280161878,-0.622612,O,8.2013
369615,qmof-c2a0d63,4.09153,1.276016242652409,2272.3045280161878,-0.611196,O,8.1424
369655,qmof-c2a0d63,4.09153,1.276016242652409,2272.3045280161878,-0.619612,O,8.2046
369695,qmof-c2a0d63,4.09153,1.276016242652409,2272.3045280161878,-0.618451,O,8.1854
369735,qmof-c2a0d63,4.09153,1.276016242652409,2272.3045280161878,-0.620341,O,8.156
369775,qmof-c2a0d63,4.09153,1.276016242652409,2272.3045280161878,-0.618427,O,8.2358
369815,qmof-c2a0d63,4.09153,1.276016242652409,2272.3045280161878,-0.620873,O,8.1378
369855,qmof-c2a0d63,4.09153,1.276016242652409,2272.3045280161878,-0.619532,O,8.1266
369895,qmof-c2a0d63,4.09153,1.276016242652409,2272.3045280161878,-0.619499,O,8.1666
369935,qmof-c2a0d63,4.09153,1.276016242652409,2272.3045280161878,-0.61812,O,8.1145
369975,qmof-c2a0d63,4.09153,1.276016242652409,2272.3045280161878,-0.622788,O,8.1668
370015,qmof-c2a0d63,4.09153,1.276016242652409,2272.3045280161878,-0.624216,O,8.1493
370055,qmof-c2a0d63,4.09153,1.276016242652409,2272.3045280161878,-0.621798,O,8.1519
370095,qmof-c2a0d63,4.09153,1.276016242652409,2272.3045280161878,-0.622127,O,8.1471
370135,qmof-c2a0d63,4.09153,1.276016242652409,2272.3045280161878,-1.067309,O,8.1765
370175,qmof-c2a0d63,4.09153,1.276016242652409,2272.3045280161878,-1.068418,O,7.7368
370215,qmof-c2a0d63,4.09153,1.276016242652409,2272.3045280161878,-1.070429,O,7.7341
370255,qmof-c2a0d63,4.09153,1.276016242652409,2272.3045280161878,-1.069277,O,7.732
370295,qmof-c2a0d63,4.09153,1.276016242652409,2272.3045280161878,-1.15126,O,7.7368
370335,qmof-c2a0d63,4.09153,1.276016242652409,2272.3045280161878,-1.148126,O,8.2811
370375,qmof-c2a0d63,4.09153,1.276016242652409,2272.3045280161878,-1.14748,O,8.2906
370415,qmof-c2a0d63,4.09153,1.276016242652409,2272.3045280161878,-1.148034,O,8.2806
370455,qmof-c2a0d63,4.09153,1.276016242652409,2272.3045280161878,-0.424691,O,8.2872
370575,qmof-c389047,3.36856,1.3888458991259738,701.6694931087083,-0.227063,Ni,10.117
370586,qmof-c389047,3.36856,1.3888458991259738,701.6694931087083,-0.22684,N,5.8963
370597,qmof-c389047,3.36856,1.3888458991259738,701.6694931087083,0.060056,N,5.8963
370608,qmof-c389047,3.36856,1.3888458991259738,701.6694931087083,0.060181,N,5.4875
370619,qmof-c389047,3.36856,1.3888458991259738,701.6694931087083,-0.474628,N,5.4877
370630,qmof-c389047,3.36856,1.3888458991259738,701.6694931087083,-0.47444,O,7.4483
370641,qmof-c389047,3.36856,1.3888458991259738,701.6694931087083,-0.519941,O,7.4483
370652,qmof-c389047,3.36856,1.3888458991259738,701.6694931087083,-0.519888,O,8.2793
370663,qmof-c389047,3.36856,1.3888458991259738,701.6694931087083,-0.768606,O,8.2793
370674,qmof-c389047,3.36856,1.3888458991259738,701.6694931087083,-0.76856,O,7.5864
370685,qmof-c389047,3.36856,1.3888458991259738,701.6694931087083,0.355609,O,7.5864
372788,qmof-cad1202,3.34903,1.839282996965482,3749.266409359384,-0.068195,Ni,9.1992
372808,qmof-cad1202,3.34903,1.839282996965482,3749.266409359384,-0.306859,Ni,9.1989
372828,qmof-cad1202,3.34903,1.839282996965482,3749.266409359384,-0.306288,Sn,2.1344
372848,qmof-cad1202,3.34903,1.839282996965482,3749.266409359384,-0.22321,Sn,2.1347
372868,qmof-cad1202,3.34903,1.839282996965482,3749.266409359384,-0.223886,Sn,2.0917
372888,qmof-cad1202,3.34903,1.839282996965482,3749.266409359384,-0.228398,Sn,2.092
372908,qmof-cad1202,3.34903,1.839282996965482,3749.266409359384,-0.228062,Sn,2.1246
372928,qmof-cad1202,3.34903,1.839282996965482,3749.266409359384,-0.331969,Sn,2.125
372948,qmof-cad1202,3.34903,1.839282996965482,3749.266409359384,-0.331796,Sn,2.1011
372968,qmof-cad1202,3.34903,1.839282996965482,3749.266409359384,-0.261369,Sn,2.1012
372988,qmof-cad1202,3.34903,1.839282996965482,3749.266409359384,-0.261324,Sn,2.1048
373008,qmof-cad1202,3.34903,1.839282996965482,3749.266409359384,-0.235272,Sn,2.1052
373028,qmof-cad1202,3.34903,1.839282996965482,3749.266409359384,-0.235115,Sn,2.1681
373048,qmof-cad1202,3.34903,1.839282996965482,3749.266409359384,-0.259849,Sn,2.167
373068,qmof-cad1202,3.34903,1.839282996965482,3749.266409359384,-0.260473,Sn,2.2628
373088,qmof-cad1202,3.34903,1.839282996965482,3749.266409359384,-0.271115,Sn,2.2631
373108,qmof-cad1202,3.34903,1.839282996965482,3749.266409359384,-0.271225,Sn,2.2441
373128,qmof-cad1202,3.34903,1.839282996965482,3749.266409359384,-0.257181,Sn,2.2434
373148,qmof-cad1202,3.34903,1.839282996965482,3749.266409359384,-0.25725,Sn,2.2548
373168,qmof-cad1202,3.34903,1.839282996965482,3749.266409359384,0.658375,Sn,2.2552
373304,qmof-cd9e11c,4.14661,1.3132511405189722,3192.5358669603625,2.36903,Zr,3.2659
373362,qmof-cd9e11c,4.14661,1.3132511405189722,3192.5358669603625,2.363533,Zr,3.2662
373420,qmof-cd9e11c,4.14661,1.3132511405189722,3192.5358669603625,2.364374,Zr,3.2184
373478,qmof-cd9e11c,4.14661,1.3132511405189722,3192.5358669603625,-0.596142,Zr,3.2347
373536,qmof-cd9e11c,4.14661,1.3132511405189722,3192.5358669603625,-0.59579,O,8.0156
373594,qmof-cd9e11c,4.14661,1.3132511405189722,3192.5358669603625,-0.589981,O,8.0458
373652,qmof-cd9e11c,4.14661,1.3132511405189722,3192.5358669603625,-0.589568,O,8.1168
373710,qmof-cd9e11c,4.14661,1.3132511405189722,3192.5358669603625,-0.640474,O,8.1187
373768,qmof-cd9e11c,4.14661,1.3132511405189722,3192.5358669603625,-0.592296,O,8.0889
373826,qmof-cd9e11c,4.14661,1.3132511405189722,3192.5358669603625,-0.640557,O,8.0722
373884,qmof-cd9e11c,4.14661,1.3132511405189722,3192.5358669603625,-0.592661,O,8.09
373942,qmof-cd9e11c,4.14661,1.3132511405189722,3192.5358669603625,-0.596362,O,8.0729
374000,qmof-cd9e11c,4.14661,1.3132511405189722,3192.5358669603625,-0.615697,O,8.0969
374058,qmof-cd9e11c,4.14661,1.3132511405189722,3192.5358669603625,-0.615608,O,8.038
374116,qmof-cd9e11c,4.14661,1.3132511405189722,3192.5358669603625,-0.596526,O,8.0469
374174,qmof-cd9e11c,4.14661,1.3132511405189722,3192.5358669603625,-0.610653,O,8.0984
374232,qmof-cd9e11c,4.14661,1.3132511405189722,3192.5358669603625,-0.610913,O,7.9939
374290,qmof-cd9e11c,4.14661,1.3132511405189722,3192.5358669603625,-0.616262,O,7.995
374348,qmof-cd9e11c,4.14661,1.3132511405189722,3192.5358669603625,-0.615393,O,8.211
374406,qmof-cd9e11c,4.14661,1.3132511405189722,3192.5358669603625,-0.643612,O,8.212
374464,qmof-cd9e11c,4.14661,1.3132511405189722,3192.5358669603625,-0.61799,O,7.8989
374522,qmof-cd9e11c,4.14661,1.3132511405189722,3192.5358669603625,-0.643797,O,8.2301
374580,qmof-cd9e11c,4.14661,1.3132511405189722,3192.5358669603625,-0.616802,O,7.8991
374638,qmof-cd9e11c,4.14661,1.3132511405189722,3192.5358669603625,-0.615168,O,8.2407
374696,qmof-cd9e11c,4.14661,1.3132511405189722,3192.5358669603625,-0.616842,O,8.2454
374754,qmof-cd9e11c,4.14661,1.3132511405189722,3192.5358669603625,-0.617365,O,8.2432
374812,qmof-cd9e11c,4.14661,1.3132511405189722,3192.5358669603625,-0.616081,O,8.2435
374870,qmof-cd9e11c,4.14661,1.3132511405189722,3192.5358669603625,-1.070111,O,8.2467
374928,qmof-cd9e11c,4.14661,1.3132511405189722,3192.5358669603625,-1.070537,O,7.8372
374986,qmof-cd9e11c,4.14661,1.3132511405189722,3192.5358669603625,-1.068721,O,7.8017
375044,qmof-cd9e11c,4.14661,1.3132511405189722,3192.5358669603625,-1.067489,O,7.7503
375102,qmof-cd9e11c,4.14661,1.3132511405189722,3192.5358669603625,-1.147174,O,7.7412
375160,qmof-cd9e11c,4.14661,1.3132511405189722,3192.5358669603625,-1.147554,O,8.3541
375218,qmof-cd9e11c,4.14661,1.3132511405189722,3192.5358669603625,-1.144607,O,8.3556
375276,qmof-cd9e11c,4.14661,1.3132511405189722,3192.5358669603625,-1.144973,O,8.3211
375334,qmof-cd9e11c,4.14661,1.3132511405189722,3192.5358669603625,-0.45356,O,8.3222
375392,qmof-cd9e11c,4.14661,1.3132511405189722,3192.5358669603625,-0.450443,O,7.1785
375450,qmof-cd9e11c,4.14661,1.3132511405189722,3192.5358669603625,-0.475457,O,8.1085
375508,qmof-cd9e11c,4.14661,1.3132511405189722,3192.5358669603625,-0.455371,O,7.1844
375566,qmof-cd9e11c,4.14661,1.3132511405189722,3192.5358669603625,-0.474747,O,8.0344
375624,qmof-cd9e11c,4.14661,1.3132511405189722,3192.5358669603625,-0.45444,O,7.1848
375682,qmof-cd9e11c,4.14661,1.3132511405189722,3192.5358669603625,-0.452995,O,8.0338
375740,qmof-cd9e11c,4.14661,1.3132511405189722,3192.5358669603625,-0.450432,O,7.1809
375798,qmof-cd9e11c,4.14661,1.3132511405189722,3192.5358669603625,-0.446112,O,8.1057
375914,qmof-cd9e11c,4.14661,1.3132511405189722,3192.5358669603625,-0.448033,O,8.2665
375972,qmof-cd9e11c,4.14661,1.3132511405189722,3192.5358669603625,-0.44068,O,7.2388
376030,qmof-cd9e11c,4.14661,1.3132511405189722,3192.5358669603625,-0.448519,O,8.1087
376088,qmof-cd9e11c,4.14661,1.3132511405189722,3192.5358669603625,-0.440045,O,7.2376
376146,qmof-cd9e11c,4.14661,1.3132511405189722,3192.5358669603625,-0.446437,O,8.0988
376262,qmof-cd9e11c,4.14661,1.3132511405189722,3192.5358669603625,-0.472103,O,8.2633
376320,qmof-cd9e11c,4.14661,1.3132511405189722,3192.5358669603625,-0.435961,O,7.2296
376378,qmof-cd9e11c,4.14661,1.3132511405189722,3192.5358669603625,-0.474264,O,8.0371
376436,qmof-cd9e11c,4.14661,1.3132511405189722,3192.5358669603625,-0.436666,O,7.227
376494,qmof-cd9e11c,4.14661,1.3132511405189722,3192.5358669603625,0.425877,O,8.0363
376552,qmof-cda0d58,4.17147,1.416758814285818,4436.493865260215,0.250168,Pt,4.155
376584,qmof-cda0d58,4.17147,1.416758814285818,4436.493865260215,0.250317,Pt,4.1549
376616,qmof-cda0d58,4.17147,1.416758814285818,4436.493865260215,0.250199,Pt,4.1549
376648,qmof-cda0d58,4.17147,1.416758814285818,4436.493865260215,-0.102143,Pt,4.155
376680,qmof-cda0d58,4.17147,1.416758814285818,4436.493865260215,-0.102107,N,5.6966
376712,qmof-cda0d58,4.17147,1.416758814285818,4436.493865260215,-0.102071,N,5.6965
376744,qmof-cda0d58,4.17147,1.416758814285818,4436.493865260215,-0.102091,N,5.6964
376776,qmof-cda0d58,4.17147,1.416758814285818,4436.493865260215,-0.096779,N,5.6965
376808,qmof-cda0d58,4.17147,1.416758814285818,4436.493865260215,-0.096701,N,5.6933
376840,qmof-cda0d58,4.17147,1.416758814285818,4436.493865260215,-0.096864,N,5.6935
376872,qmof-cda0d58,4.17147,1.416758814285818,4436.493865260215,-0.096551,N,5.6936
376904,qmof-cda0d58,4.17147,1.416758814285818,4436.493865260215,0.033695,N,5.6935
376936,qmof-cda0d58,4.17147,1.416758814285818,4436.493865260215,0.033777,N,5.6306
376968,qmof-cda0d58,4.17147,1.416758814285818,4436.493865260215,0.033768,N,5.6308
377000,qmof-cda0d58,4.17147,1.416758814285818,4436.493865260215,0.033652,N,5.6308
377032,qmof-cda0d58,4.17147,1.416758814285818,4436.493865260215,0.032995,N,5.6308
377064,qmof-cda0d58,4.17147,1.416758814285818,4436.493865260215,0.032978,N,5.5537
377096,qmof-cda0d58,4.17147,1.416758814285818,4436.493865260215,0.032573,N,5.5536
377128,qmof-cda0d58,4.17147,1.416758814285818,4436.493865260215,0.032624,N,5.554
377160,qmof-cda0d58,4.17147,1.416758814285818,4436.493865260215,0.036985,N,5.5539
377192,qmof-cda0d58,4.17147,1.416758814285818,4436.493865260215,0.037259,N,5.5622
377224,qmof-cda0d58,4.17147,1.416758814285818,4436.493865260215,0.037253,N,5.5623
377256,qmof-cda0d58,4.17147,1.416758814285818,4436.493865260215,0.03725,N,5.5624
377288,qmof-cda0d58,4.17147,1.416758814285818,4436.493865260215,-0.411792,N,5.5623
377320,qmof-cda0d58,4.17147,1.416758814285818,4436.493865260215,-0.411769,Cl,5.5973
377352,qmof-cda0d58,4.17147,1.416758814285818,4436.493865260215,-0.41182,Cl,5.5969
377384,qmof-cda0d58,4.17147,1.416758814285818,4436.493865260215,-0.411789,Cl,5.5969
377416,qmof-cda0d58,4.17147,1.416758814285818,4436.493865260215,-0.40911,Cl,5.5971
377448,qmof-cda0d58,4.17147,1.416758814285818,4436.493865260215,-0.409137,Cl,5.5305
377480,qmof-cda0d58,4.17147,1.416758814285818,4436.493865260215,-0.409117,Cl,5.5307
377512,qmof-cda0d58,4.17147,1.416758814285818,4436.493865260215,-0.409115,Cl,5.5307
377544,qmof-cda0d58,4.17147,1.416758814285818,4436.493865260215,0.993742,Cl,5.5306
379425,qmof-cf9e198,7.53609,0.819098116546857,3269.485398050221,2.066576,Ti,7.0073
379473,qmof-cf9e198,7.53609,0.819098116546857,3269.485398050221,2.065939,Ti,7.0009
379521,qmof-cf9e198,7.53609,0.819098116546857,3269.485398050221,2.065232,Ti,7.0032
379617,qmof-cf9e198,7.53609,0.819098116546857,3269.485398050221,-0.599833,O,8.7654
379665,qmof-cf9e198,7.53609,0.819098116546857,3269.485398050221,-0.99264,O,7.569
379713,qmof-cf9e198,7.53609,0.819098116546857,3269.485398050221,-0.611379,O,8.751
379761,qmof-cf9e198,7.53609,0.819098116546857,3269.485398050221,-0.634147,O,7.6267
379809,qmof-cf9e198,7.53609,0.819098116546857,3269.485398050221,-0.61851,O,7.6445
379857,qmof-cf9e198,7.53609,0.819098116546857,3269.485398050221,-0.616917,O,7.5689
379905,qmof-cf9e198,7.53609,0.819098116546857,3269.485398050221,-0.633148,O,7.5747
379953,qmof-cf9e198,7.53609,0.819098116546857,3269.485398050221,-0.610196,O,7.651
380001,qmof-cf9e198,7.53609,0.819098116546857,3269.485398050221,-0.598789,O,7.631
380049,qmof-cf9e198,7.53609,0.819098116546857,3269.485398050221,-0.992232,O,7.5662
380145,qmof-cf9e198,7.53609,0.819098116546857,3269.485398050221,-0.992769,O,7.6467
380241,qmof-cf9e198,7.53609,0.819098116546857,3269.485398050221,-0.61027,O,7.7252
380289,qmof-cf9e198,7.53609,0.819098116546857,3269.485398050221,-0.598982,O,7.7841
380337,qmof-cf9e198,7.53609,0.819098116546857,3269.485398050221,-0.600637,O,7.6478
380385,qmof-cf9e198,7.53609,0.819098116546857,3269.485398050221,-0.608634,O,7.6441
380433,qmof-cf9e198,7.53609,0.819098116546857,3269.485398050221,-0.634194,O,7.7053
380481,qmof-cf9e198,7.53609,0.819098116546857,3269.485398050221,-0.618823,O,7.7221
380529,qmof-cf9e198,7.53609,0.819098116546857,3269.485398050221,0.105946,O,7.652
381489,qmof-cfb7d09,3.76935,1.3918930639531004,3402.035097647901,-0.601454,O,7.4089
381565,qmof-cfb7d09,3.76935,1.3918930639531004,3402.035097647901,-0.630593,O,8.0753
381641,qmof-cfb7d09,3.76935,1.3918930639531004,3402.035097647901,-0.633209,O,8.152
381717,qmof-cfb7d09,3.76935,1.3918930639531004,3402.035097647901,-0.616107,O,8.0943
381793,qmof-cfb7d09,3.76935,1.3918930639531004,3402.035097647901,-0.601301,O,8.0929
381869,qmof-cfb7d09,3.76935,1.3918930639531004,3402.035097647901,-0.627913,O,8.1315
381945,qmof-cfb7d09,3.76935,1.3918930639531004,3402.035097647901,-1.189919,O,8.1406
382021,qmof-cfb7d09,3.76935,1.3918930639531004,3402.035097647901,-1.06813,O,8.3003
382097,qmof-cfb7d09,3.76935,1.3918930639531004,3402.035097647901,-1.033799,O,7.8002
382173,qmof-cfb7d09,3.76935,1.3918930639531004,3402.035097647901,-1.128172,O,7.7401
382249,qmof-cfb7d09,3.76935,1.3918930639531004,3402.035097647901,-0.918798,O,8.3523
382325,qmof-cfb7d09,3.76935,1.3918930639531004,3402.035097647901,-0.826615,O,7.7614
382401,qmof-cfb7d09,3.76935,1.3918930639531004,3402.035097647901,-1.152902,O,7.2599
382477,qmof-cfb7d09,3.76935,1.3918930639531004,3402.035097647901,-1.025543,O,8.4237
382553,qmof-cfb7d09,3.76935,1.3918930639531004,3402.035097647901,-1.181791,O,7.8612
382629,qmof-cfb7d09,3.76935,1.3918930639531004,3402.035097647901,-1.070502,O,8.2906
382705,qmof-cfb7d09,3.76935,1.3918930639531004,3402.035097647901,-0.928787,O,7.7799
382781,qmof-cfb7d09,3.76935,1.3918930639531004,3402.035097647901,-0.602242,O,7.7478
382857,qmof-cfb7d09,3.76935,1.3918930639531004,3402.035097647901,-0.632614,O,8.1394
382933,qmof-cfb7d09,3.76935,1.3918930639531004,3402.035097647901,-0.928182,O,8.2297
383009,qmof-cfb7d09,3.76935,1.3918930639531004,3402.035097647901,-0.591475,O,7.8294
383085,qmof-cfb7d09,3.76935,1.3918930639531004,3402.035097647901,-0.925969,O,8.1281
383161,qmof-cfb7d09,3.76935,1.3918930639531004,3402.035097647901,-0.834606,O,7.7955
383237,qmof-cfb7d09,3.76935,1.3918930639531004,3402.035097647901,-0.825932,O,7.3356
383313,qmof-cfb7d09,3.76935,1.3918930639531004,3402.035097647901,-0.654195,O,7.4867
383389,qmof-cfb7d09,3.76935,1.3918930639531004,3402.035097647901,-0.779775,O,8.1724
383541,qmof-cfb7d09,3.76935,1.3918930639531004,3402.035097647901,-0.657342,O,7.8738
383617,qmof-cfb7d09,3.76935,1.3918930639531004,3402.035097647901,-0.576768,O,8.1507
383693,qmof-cfb7d09,3.76935,1.3918930639531004,3402.035097647901,-0.8108,O,8.0597
383769,qmof-cfb7d09,3.76935,1.3918930639531004,3402.035097647901,-0.97474,O,7.2916
383845,qmof-cfb7d09,3.76935,1.3918930639531004,3402.035097647901,-0.817751,O,7.3722
383921,qmof-cfb7d09,3.76935,1.3918930639531004,3402.035097647901,-0.601931,O,7.4096
383997,qmof-cfb7d09,3.76935,1.3918930639531004,3402.035097647901,-0.631113,O,8.0756
384073,qmof-cfb7d09,3.76935,1.3918930639531004,3402.035097647901,-0.633538,O,8.1526
384149,qmof-cfb7d09,3.76935,1.3918930639531004,3402.035097647901,-0.616876,O,8.0946
384225,qmof-cfb7d09,3.76935,1.3918930639531004,3402.035097647901,-0.600716,O,8.0936
384301,qmof-cfb7d09,3.76935,1.3918930639531004,3402.035097647901,-0.628629,O,8.1326
384377,qmof-cfb7d09,3.76935,1.3918930639531004,3402.035097647901,-1.189376,O,8.1416
384453,qmof-cfb7d09,3.76935,1.3918930639531004,3402.035097647901,-1.069022,O,8.3
384529,qmof-cfb7d09,3.76935,1.3918930639531004,3402.035097647901,-1.035175,O,7.7705
384605,qmof-cfb7d09,3.76935,1.3918930639531004,3402.035097647901,-1.128064,O,7.7385
384681,qmof-cfb7d09,3.76935,1.3918930639531004,3402.035097647901,-0.918024,O,8.3509
384757,qmof-cfb7d09,3.76935,1.3918930639531004,3402.035097647901,-0.826711,O,7.7629
384833,qmof-cfb7d09,3.76935,1.3918930639531004,3402.035097647901,-1.153152,O,7.2583
384909,qmof-cfb7d09,3.76935,1.3918930639531004,3402.035097647901,-1.026348,O,8.4215
384985,qmof-cfb7d09,3.76935,1.3918930639531004,3402.035097647901,-1.181559,O,7.8597
385061,qmof-cfb7d09,3.76935,1.3918930639531004,3402.035097647901,-1.071114,O,8.291
385137,qmof-cfb7d09,3.76935,1.3918930639531004,3402.035097647901,-0.929554,O,7.781
385213,qmof-cfb7d09,3.76935,1.3918930639531004,3402.035097647901,-0.602402,O,7.7481
385289,qmof-cfb7d09,3.76935,1.3918930639531004,3402.035097647901,-0.632372,O,8.1383
385365,qmof-cfb7d09,3.76935,1.3918930639531004,3402.035097647901,-0.927324,O,8.2288
385441,qmof-cfb7d09,3.76935,1.3918930639531004,3402.035097647901,-0.591127,O,7.8305
385517,qmof-cfb7d09,3.76935,1.3918930639531004,3402.035097647901,-0.924235,O,8.1287
385593,qmof-cfb7d09,3.76935,1.3918930639531004,3402.035097647901,-0.834176,O,7.7961
385669,qmof-cfb7d09,3.76935,1.3918930639531004,3402.035097647901,-0.826387,O,7.337
385745,qmof-cfb7d09,3.76935,1.3918930639531004,3402.035097647901,-0.654103,O,7.4857
385821,qmof-cfb7d09,3.76935,1.3918930639531004,3402.035097647901,-0.779142,O,8.1713
385973,qmof-cfb7d09,3.76935,1.3918930639531004,3402.035097647901,-0.658785,O,7.8727
386049,qmof-cfb7d09,3.76935,1.3918930639531004,3402.035097647901,-0.579002,O,8.1526
386125,qmof-cfb7d09,3.76935,1.3918930639531004,3402.035097647901,-0.809627,O,8.0834
386201,qmof-cfb7d09,3.76935,1.3918930639531004,3402.035097647901,-0.974123,O,7.2911
386277,qmof-cfb7d09,3.76935,1.3918930639531004,3402.035097647901,0.148568,O,7.3718
386353,qmof-d088bbe,4.05459,1.2416511059511397,3208.5626099436704,2.375293,Zr,3.2409
386391,qmof-d088bbe,4.05459,1.2416511059511397,3208.5626099436704,2.379052,Zr,3.2409
386429,qmof-d088bbe,4.05459,1.2416511059511397,3208.5626099436704,2.379286,Zr,3.2477
386467,qmof-d088bbe,4.05459,1.2416511059511397,3208.5626099436704,2.381316,Zr,3.2478
386505,qmof-d088bbe,4.05459,1.2416511059511397,3208.5626099436704,2.379823,Zr,3.2446
386543,qmof-d088bbe,4.05459,1.2416511059511397,3208.5626099436704,-0.611143,Zr,3.2451
386581,qmof-d088bbe,4.05459,1.2416511059511397,3208.5626099436704,-0.610449,O,8.1218
386619,qmof-d088bbe,4.05459,1.2416511059511397,3208.5626099436704,-0.610615,O,8.1219
386657,qmof-d088bbe,4.05459,1.2416511059511397,3208.5626099436704,-0.611315,O,8.1279
386695,qmof-d088bbe,4.05459,1.2416511059511397,3208.5626099436704,-0.619737,O,8.1272
386733,qmof-d088bbe,4.05459,1.2416511059511397,3208.5626099436704,-0.608905,O,8.0686
386771,qmof-d088bbe,4.05459,1.2416511059511397,3208.5626099436704,-0.619467,O,8.1278
386809,qmof-d088bbe,4.05459,1.2416511059511397,3208.5626099436704,-0.609335,O,8.0695
386847,qmof-d088bbe,4.05459,1.2416511059511397,3208.5626099436704,-0.609056,O,8.1287
386885,qmof-d088bbe,4.05459,1.2416511059511397,3208.5626099436704,-0.611353,O,8.1269
386923,qmof-d088bbe,4.05459,1.2416511059511397,3208.5626099436704,-0.610027,O,8.1235
386961,qmof-d088bbe,4.05459,1.2416511059511397,3208.5626099436704,-0.607904,O,8.1248
386999,qmof-d088bbe,4.05459,1.2416511059511397,3208.5626099436704,-0.617501,O,8.1276
387037,qmof-d088bbe,4.05459,1.2416511059511397,3208.5626099436704,-0.618063,O,7.9865
387075,qmof-d088bbe,4.05459,1.2416511059511397,3208.5626099436704,-0.618018,O,7.9868
387113,qmof-d088bbe,4.05459,1.2416511059511397,3208.5626099436704,-0.618884,O,7.9903
387151,qmof-d088bbe,4.05459,1.2416511059511397,3208.5626099436704,-0.625362,O,7.9906
387189,qmof-d088bbe,4.05459,1.2416511059511397,3208.5626099436704,-0.619017,O,8.0799
387227,qmof-d088bbe,4.05459,1.2416511059511397,3208.5626099436704,-0.625297,O,7.9751
387265,qmof-d088bbe,4.05459,1.2416511059511397,3208.5626099436704,-0.618436,O,8.0797
387303,qmof-d088bbe,4.05459,1.2416511059511397,3208.5626099436704,-0.617286,O,7.9759
387341,qmof-d088bbe,4.05459,1.2416511059511397,3208.5626099436704,-0.616556,O,7.9859
387379,qmof-d088bbe,4.05459,1.2416511059511397,3208.5626099436704,-0.615906,O,7.9845
387417,qmof-d088bbe,4.05459,1.2416511059511397,3208.5626099436704,-0.616587,O,7.985
387455,qmof-d088bbe,4.05459,1.2416511059511397,3208.5626099436704,-1.068998,O,7.9858
387493,qmof-d088bbe,4.05459,1.2416511059511397,3208.5626099436704,-1.068837,O,7.7164
387531,qmof-d088bbe,4.05459,1.2416511059511397,3208.5626099436704,-1.070125,O,7.7163
387569,qmof-d088bbe,4.05459,1.2416511059511397,3208.5626099436704,-1.069256,O,7.7064
387607,qmof-d088bbe,4.05459,1.2416511059511397,3208.5626099436704,-1.149006,O,7.7062
387645,qmof-d088bbe,4.05459,1.2416511059511397,3208.5626099436704,-1.149441,O,8.2779
387683,qmof-d088bbe,4.05459,1.2416511059511397,3208.5626099436704,-1.149197,O,8.2779
387721,qmof-d088bbe,4.05459,1.2416511059511397,3208.5626099436704,-1.14824,O,8.2654
387759,qmof-d088bbe,4.05459,1.2416511059511397,3208.5626099436704,0.425866,O,8.2647
387797,qmof-d0b4aad,3.72895,1.396909950552059,2289.507748466983,2.377928,Zr,3.2569
387837,qmof-d0b4aad,3.72895,1.396909950552059,2289.507748466983,2.375772,Zr,3.2597
387877,qmof-d0b4aad,3.72895,1.396909950552059,2289.507748466983,2.373985,Zr,3.2503
387917,qmof-d0b4aad,3.72895,1.396909950552059,2289.507748466983,2.378605,Zr,3.2466
387957,qmof-d0b4aad,3.72895,1.396909950552059,2289.507748466983,2.375864,Zr,3.2451
387997,qmof-d0b4aad,3.72895,1.396909950552059,2289.507748466983,-0.61376,Zr,3.2472
388037,qmof-d0b4aad,3.72895,1.396909950552059,2289.507748466983,-0.613661,O,8.1098
388077,qmof-d0b4aad,3.72895,1.396909950552059,2289.507748466983,-0.616024,O,8.0672
388117,qmof-d0b4aad,3.72895,1.396909950552059,2289.507748466983,-0.6123,O,8.0746
388157,qmof-d0b4aad,3.72895,1.396909950552059,2289.507748466983,-0.625029,O,8.0713
388197,qmof-d0b4aad,3.72895,1.396909950552059,2289.507748466983,-0.619431,O,8.1024
388237,qmof-d0b4aad,3.72895,1.396909950552059,2289.507748466983,-0.623087,O,8.0835
388277,qmof-d0b4aad,3.72895,1.396909950552059,2289.507748466983,-0.61853,O,8.1108
388317,qmof-d0b4aad,3.72895,1.396909950552059,2289.507748466983,-0.616045,O,8.08
388357,qmof-d0b4aad,3.72895,1.396909950552059,2289.507748466983,-0.610824,O,8.072
388397,qmof-d0b4aad,3.72895,1.396909950552059,2289.507748466983,-0.616225,O,8.1425
388437,qmof-d0b4aad,3.72895,1.396909950552059,2289.507748466983,-0.606198,O,8.0654
388477,qmof-d0b4aad,3.72895,1.396909950552059,2289.507748466983,-0.607966,O,8.1254
388517,qmof-d0b4aad,3.72895,1.396909950552059,2289.507748466983,-0.607899,O,8.2014
388557,qmof-d0b4aad,3.72895,1.396909950552059,2289.507748466983,-0.609201,O,8.1726
388597,qmof-d0b4aad,3.72895,1.396909950552059,2289.507748466983,-0.607185,O,8.2569
388637,qmof-d0b4aad,3.72895,1.396909950552059,2289.507748466983,-0.611636,O,8.165
388677,qmof-d0b4aad,3.72895,1.396909950552059,2289.507748466983,-0.60417,O,8.1151
388717,qmof-d0b4aad,3.72895,1.396909950552059,2289.507748466983,-0.612093,O,8.1558
388757,qmof-d0b4aad,3.72895,1.396909950552059,2289.507748466983,-0.605115,O,8.1186
388797,qmof-d0b4aad,3.72895,1.396909950552059,2289.507748466983,-0.608846,O,8.1578
388837,qmof-d0b4aad,3.72895,1.396909950552059,2289.507748466983,-0.611366,O,8.1368
388877,qmof-d0b4aad,3.72895,1.396909950552059,2289.507748466983,-0.610571,O,8.1641
388917,qmof-d0b4aad,3.72895,1.396909950552059,2289.507748466983,-0.609945,O,8.1543
388957,qmof-d0b4aad,3.72895,1.396909950552059,2289.507748466983,-1.069448,O,8.1435
388997,qmof-d0b4aad,3.72895,1.396909950552059,2289.507748466983,-1.071311,O,7.7801
389037,qmof-d0b4aad,3.72895,1.396909950552059,2289.507748466983,-1.072037,O,7.7097
389077,qmof-d0b4aad,3.72895,1.396909950552059,2289.507748466983,-1.073099,O,7.7283
389117,qmof-d0b4aad,3.72895,1.396909950552059,2289.507748466983,-1.153704,O,7.7249
389157,qmof-d0b4aad,3.72895,1.396909950552059,2289.507748466983,-1.151261,O,8.2747
389197,qmof-d0b4aad,3.72895,1.396909950552059,2289.507748466983,-1.14906,O,8.279
389237,qmof-d0b4aad,3.72895,1.396909950552059,2289.507748466983,-1.149521,O,8.2764
389277,qmof-d0b4aad,3.72895,1.396909950552059,2289.507748466983,-0.429474,O,8.281
389397,qmof-d159ad9,4.51599,1.1572991895098133,3220.846216023456,2.373501,Zr,3.2549
389445,qmof-d159ad9,4.51599,1.1572991895098133,3220.846216023456,2.368334,Zr,3.2549
389493,qmof-d159ad9,4.51599,1.1572991895098133,3220.846216023456,2.368291,Zr,3.2485
389541,qmof-d159ad9,4.51599,1.1572991895098133,3220.846216023456,2.3769,Zr,3.2489
389589,qmof-d159ad9,4.51599,1.1572991895098133,3220.846216023456,2.375772,Zr,3.2647
389637,qmof-d159ad9,4.51599,1.1572991895098133,3220.846216023456,-0.616946,Zr,3.2631
389685,qmof-d159ad9,4.51599,1.1572991895098133,3220.846216023456,-0.617279,O,8.1181
389733,qmof-d159ad9,4.51599,1.1572991895098133,3220.846216023456,-0.618431,O,8.1341
389781,qmof-d159ad9,4.51599,1.1572991895098133,3220.846216023456,-0.618204,O,8.1398
389829,qmof-d159ad9,4.51599,1.1572991895098133,3220.846216023456,-0.624203,O,8.1393
389877,qmof-d159ad9,4.51599,1.1572991895098133,3220.846216023456,-0.615646,O,8.1376
389925,qmof-d159ad9,4.51599,1.1572991895098133,3220.846216023456,-0.624273,O,8.1111
389973,qmof-d159ad9,4.51599,1.1572991895098133,3220.846216023456,-0.61657,O,8.1394
390021,qmof-d159ad9,4.51599,1.1572991895098133,3220.846216023456,-0.616955,O,8.1476
390069,qmof-d159ad9,4.51599,1.1572991895098133,3220.846216023456,-0.61693,O,8.1426
390117,qmof-d159ad9,4.51599,1.1572991895098133,3220.846216023456,-0.616886,O,8.1486
390165,qmof-d159ad9,4.51599,1.1572991895098133,3220.846216023456,-0.617657,O,8.1485
390213,qmof-d159ad9,4.51599,1.1572991895098133,3220.846216023456,-0.607524,O,8.142
390261,qmof-d159ad9,4.51599,1.1572991895098133,3220.846216023456,-0.607681,O,8.0909
390309,qmof-d159ad9,4.51599,1.1572991895098133,3220.846216023456,-0.603303,O,8.0902
390357,qmof-d159ad9,4.51599,1.1572991895098133,3220.846216023456,-0.603464,O,8.0839
390405,qmof-d159ad9,4.51599,1.1572991895098133,3220.846216023456,-0.630755,O,8.0868
390453,qmof-d159ad9,4.51599,1.1572991895098133,3220.846216023456,-0.601965,O,8.0666
390501,qmof-d159ad9,4.51599,1.1572991895098133,3220.846216023456,-0.631087,O,8.0831
390549,qmof-d159ad9,4.51599,1.1572991895098133,3220.846216023456,-0.600473,O,8.0686
390597,qmof-d159ad9,4.51599,1.1572991895098133,3220.846216023456,-0.60339,O,8.077
390645,qmof-d159ad9,4.51599,1.1572991895098133,3220.846216023456,-0.601674,O,8.0859
390693,qmof-d159ad9,4.51599,1.1572991895098133,3220.846216023456,-0.601448,O,8.0852
390741,qmof-d159ad9,4.51599,1.1572991895098133,3220.846216023456,-0.602995,O,8.0856
390789,qmof-d159ad9,4.51599,1.1572991895098133,3220.846216023456,-1.072102,O,8.0867
390837,qmof-d159ad9,4.51599,1.1572991895098133,3220.846216023456,-1.071416,O,7.7554
390885,qmof-d159ad9,4.51599,1.1572991895098133,3220.846216023456,-1.070934,O,7.708
390933,qmof-d159ad9,4.51599,1.1572991895098133,3220.846216023456,-1.070872,O,7.7015
390981,qmof-d159ad9,4.51599,1.1572991895098133,3220.846216023456,-1.149942,O,7.7018
391029,qmof-d159ad9,4.51599,1.1572991895098133,3220.846216023456,-1.15003,O,8.279
391077,qmof-d159ad9,4.51599,1.1572991895098133,3220.846216023456,-1.147647,O,8.281
391125,qmof-d159ad9,4.51599,1.1572991895098133,3220.846216023456,-1.148054,O,8.2705
391173,qmof-d159ad9,4.51599,1.1572991895098133,3220.846216023456,-0.399267,O,8.2684
391701,qmof-d441ad0,7.54451,0.6979098470592467,7215.798373883424,2.366185,Zr,3.2413
391784,qmof-d441ad0,7.54451,0.6979098470592467,7215.798373883424,2.366111,Zr,3.2412
391869,qmof-d441ad0,7.54451,0.6979098470592467,7215.798373883424,2.365912,Zr,3.2413
391954,qmof-d441ad0,7.54451,0.6979098470592467,7215.798373883424,2.366136,Zr,3.2413
392040,qmof-d441ad0,7.54451,0.6979098470592467,7215.798373883424,2.366093,Zr,3.2412
392126,qmof-d441ad0,7.54451,0.6979098470592467,7215.798373883424,-0.63828,Zr,3.2414
392211,qmof-d441ad0,7.54451,0.6979098470592467,7215.798373883424,-0.638552,O,8.1967
392297,qmof-d441ad0,7.54451,0.6979098470592467,7215.798373883424,-0.638449,O,8.1967
392383,qmof-d441ad0,7.54451,0.6979098470592467,7215.798373883424,-0.638407,O,8.1968
392469,qmof-d441ad0,7.54451,0.6979098470592467,7215.798373883424,-0.638523,O,8.1967
392555,qmof-d441ad0,7.54451,0.6979098470592467,7215.798373883424,-0.638114,O,8.1966
392641,qmof-d441ad0,7.54451,0.6979098470592467,7215.798373883424,-0.63826,O,8.1968
392727,qmof-d441ad0,7.54451,0.6979098470592467,7215.798373883424,-0.637974,O,8.1967
392813,qmof-d441ad0,7.54451,0.6979098470592467,7215.798373883424,-0.63843,O,8.1965
392899,qmof-d441ad0,7.54451,0.6979098470592467,7215.798373883424,-0.638438,O,8.1967
392985,qmof-d441ad0,7.54451,0.6979098470592467,7215.798373883424,-0.638079,O,8.1966
393071,qmof-d441ad0,7.54451,0.6979098470592467,7215.798373883424,-0.638511,O,8.1968
393157,qmof-d441ad0,7.54451,0.6979098470592467,7215.798373883424,-0.638389,O,8.1968
393243,qmof-d441ad0,7.54451,0.6979098470592467,7215.798373883424,-0.637886,O,8.1967
393329,qmof-d441ad0,7.54451,0.6979098470592467,7215.798373883424,-0.638091,O,8.1965
393415,qmof-d441ad0,7.54451,0.6979098470592467,7215.798373883424,-0.638325,O,8.1965
393501,qmof-d441ad0,7.54451,0.6979098470592467,7215.798373883424,-0.638246,O,8.1966
393587,qmof-d441ad0,7.54451,0.6979098470592467,7215.798373883424,-0.638452,O,8.1965
393673,qmof-d441ad0,7.54451,0.6979098470592467,7215.798373883424,-0.638445,O,8.1968
393759,qmof-d441ad0,7.54451,0.6979098470592467,7215.798373883424,-0.637786,O,8.1967
393845,qmof-d441ad0,7.54451,0.6979098470592467,7215.798373883424,-0.638279,O,8.1965
393931,qmof-d441ad0,7.54451,0.6979098470592467,7215.798373883424,-0.638051,O,8.1967
394017,qmof-d441ad0,7.54451,0.6979098470592467,7215.798373883424,-0.638218,O,8.1967
394103,qmof-d441ad0,7.54451,0.6979098470592467,7215.798373883424,-0.638003,O,8.1967
394189,qmof-d441ad0,7.54451,0.6979098470592467,7215.798373883424,-1.06726,O,8.1966
394275,qmof-d441ad0,7.54451,0.6979098470592467,7215.798373883424,-1.06723,O,7.7741
394360,qmof-d441ad0,7.54451,0.6979098470592467,7215.798373883424,-1.067375,O,7.7743
394445,qmof-d441ad0,7.54451,0.6979098470592467,7215.798373883424,-1.067252,O,7.7744
394531,qmof-d441ad0,7.54451,0.6979098470592467,7215.798373883424,-1.138994,O,7.7743
394615,qmof-d441ad0,7.54451,0.6979098470592467,7215.798373883424,-1.138998,O,8.3734
394699,qmof-d441ad0,7.54451,0.6979098470592467,7215.798373883424,-1.139097,O,8.3735
394784,qmof-d441ad0,7.54451,0.6979098470592467,7215.798373883424,-1.138935,O,8.3735
394869,qmof-d441ad0,7.54451,0.6979098470592467,7215.798373883424,-0.391939,O,8.3735
399080,qmof-d675ae6,5.53402,0.5361764157080232,9024.19778853816,2.372421,Zr,3.2463
399118,qmof-d675ae6,5.53402,0.5361764157080232,9024.19778853816,2.372532,Zr,3.2463
399156,qmof-d675ae6,5.53402,0.5361764157080232,9024.19778853816,2.372477,Zr,3.2462
399194,qmof-d675ae6,5.53402,0.5361764157080232,9024.19778853816,2.372326,Zr,3.2462
399232,qmof-d675ae6,5.53402,0.5361764157080232,9024.19778853816,2.372325,Zr,3.2464
399270,qmof-d675ae6,5.53402,0.5361764157080232,9024.19778853816,-0.621049,Zr,3.2464
399308,qmof-d675ae6,5.53402,0.5361764157080232,9024.19778853816,-0.620998,O,8.172
399346,qmof-d675ae6,5.53402,0.5361764157080232,9024.19778853816,-0.621035,O,8.172
399384,qmof-d675ae6,5.53402,0.5361764157080232,9024.19778853816,-0.621038,O,8.172
399422,qmof-d675ae6,5.53402,0.5361764157080232,9024.19778853816,-0.621006,O,8.172
399460,qmof-d675ae6,5.53402,0.5361764157080232,9024.19778853816,-0.620968,O,8.172
399498,qmof-d675ae6,5.53402,0.5361764157080232,9024.19778853816,-0.620961,O,8.172
399536,qmof-d675ae6,5.53402,0.5361764157080232,9024.19778853816,-0.621087,O,8.172
399574,qmof-d675ae6,5.53402,0.5361764157080232,9024.19778853816,-0.621081,O,8.172
399612,qmof-d675ae6,5.53402,0.5361764157080232,9024.19778853816,-0.621038,O,8.1718
399650,qmof-d675ae6,5.53402,0.5361764157080232,9024.19778853816,-0.621015,O,8.1717
399688,qmof-d675ae6,5.53402,0.5361764157080232,9024.19778853816,-0.620962,O,8.1717
399726,qmof-d675ae6,5.53402,0.5361764157080232,9024.19778853816,-0.621192,O,8.1718
399764,qmof-d675ae6,5.53402,0.5361764157080232,9024.19778853816,-0.621184,O,8.1721
399802,qmof-d675ae6,5.53402,0.5361764157080232,9024.19778853816,-0.621202,O,8.1721
399840,qmof-d675ae6,5.53402,0.5361764157080232,9024.19778853816,-0.621203,O,8.1721
399878,qmof-d675ae6,5.53402,0.5361764157080232,9024.19778853816,-0.620833,O,8.1721
399916,qmof-d675ae6,5.53402,0.5361764157080232,9024.19778853816,-0.620887,O,8.1719
399954,qmof-d675ae6,5.53402,0.5361764157080232,9024.19778853816,-0.620806,O,8.1719
399992,qmof-d675ae6,5.53402,0.5361764157080232,9024.19778853816,-0.620851,O,8.1719
400030,qmof-d675ae6,5.53402,0.5361764157080232,9024.19778853816,-0.620861,O,8.1719
400068,qmof-d675ae6,5.53402,0.5361764157080232,9024.19778853816,-0.620843,O,8.1719
400106,qmof-d675ae6,5.53402,0.5361764157080232,9024.19778853816,-0.620871,O,8.1718
400144,qmof-d675ae6,5.53402,0.5361764157080232,9024.19778853816,-0.620803,O,8.1718
400182,qmof-d675ae6,5.53402,0.5361764157080232,9024.19778853816,-1.066657,O,8.1719
400220,qmof-d675ae6,5.53402,0.5361764157080232,9024.19778853816,-1.146102,O,7.7223
400258,qmof-d675ae6,5.53402,0.5361764157080232,9024.19778853816,-1.066692,O,8.2769
400296,qmof-d675ae6,5.53402,0.5361764157080232,9024.19778853816,-1.146055,O,7.7224
400334,qmof-d675ae6,5.53402,0.5361764157080232,9024.19778853816,-1.066662,O,8.2769
400372,qmof-d675ae6,5.53402,0.5361764157080232,9024.19778853816,-1.146152,O,7.7223
400410,qmof-d675ae6,5.53402,0.5361764157080232,9024.19778853816,-1.066709,O,8.2768
400448,qmof-d675ae6,5.53402,0.5361764157080232,9024.19778853816,-1.146116,O,7.7223
400486,qmof-d675ae6,5.53402,0.5361764157080232,9024.19778853816,0.120902,O,8.2769
400524,qmof-d705ce8,3.66457,1.6208641642244537,682.491994266706,0.327285,Ag,11.7141
400544,qmof-d705ce8,3.66457,1.6208641642244537,682.491994266706,0.045988,Ag,11.7142
400564,qmof-d705ce8,3.66457,1.6208641642244537,682.491994266706,0.045998,S,2.8559
400584,qmof-d705ce8,3.66457,1.6208641642244537,682.491994266706,-0.318487,S,2.8559
400604,qmof-d705ce8,3.66457,1.6208641642244537,682.491994266706,-0.318543,N,5.1936
400624,qmof-d705ce8,3.66457,1.6208641642244537,682.491994266706,-0.251906,N,5.1936
400644,qmof-d705ce8,3.66457,1.6208641642244537,682.491994266706,-0.251897,N,5.3942
400664,qmof-d705ce8,3.66457,1.6208641642244537,682.491994266706,0.703972,N,5.3942
400684,qmof-d705ce8,3.66457,1.6208641642244537,682.491994266706,0.704132,N,5.1183
400704,qmof-d705ce8,3.66457,1.6208641642244537,682.491994266706,0.100582,N,5.1183
402769,qmof-d8307a2,3.59029,1.2920086406165077,2276.4383974355565,2.360306,Zr,3.2484
402807,qmof-d8307a2,3.59029,1.2920086406165077,2276.4383974355565,2.370131,Zr,3.22
402845,qmof-d8307a2,3.59029,1.2920086406165077,2276.4383974355565,2.373707,Zr,3.2391
402883,qmof-d8307a2,3.59029,1.2920086406165077,2276.4383974355565,2.366546,Zr,3.2488
402921,qmof-d8307a2,3.59029,1.2920086406165077,2276.4383974355565,2.365059,Zr,3.2306
402959,qmof-d8307a2,3.59029,1.2920086406165077,2276.4383974355565,-0.616954,Zr,3.2292
402997,qmof-d8307a2,3.59029,1.2920086406165077,2276.4383974355565,-0.629031,O,8.1636
403035,qmof-d8307a2,3.59029,1.2920086406165077,2276.4383974355565,-0.628166,O,8.1673
403073,qmof-d8307a2,3.59029,1.2920086406165077,2276.4383974355565,-0.61609,O,8.1617
403111,qmof-d8307a2,3.59029,1.2920086406165077,2276.4383974355565,-0.633746,O,8.1546
403149,qmof-d8307a2,3.59029,1.2920086406165077,2276.4383974355565,-0.618107,O,8.218
403187,qmof-d8307a2,3.59029,1.2920086406165077,2276.4383974355565,-0.623412,O,8.1645
403225,qmof-d8307a2,3.59029,1.2920086406165077,2276.4383974355565,-0.627715,O,8.2353
403263,qmof-d8307a2,3.59029,1.2920086406165077,2276.4383974355565,-0.625893,O,8.1702
403301,qmof-d8307a2,3.59029,1.2920086406165077,2276.4383974355565,-0.627977,O,8.1518
403339,qmof-d8307a2,3.59029,1.2920086406165077,2276.4383974355565,-0.618764,O,8.1609
403377,qmof-d8307a2,3.59029,1.2920086406165077,2276.4383974355565,-0.617687,O,8.1564
403415,qmof-d8307a2,3.59029,1.2920086406165077,2276.4383974355565,-0.625026,O,8.1594
403453,qmof-d8307a2,3.59029,1.2920086406165077,2276.4383974355565,-0.620188,O,8.1295
403491,qmof-d8307a2,3.59029,1.2920086406165077,2276.4383974355565,-0.622697,O,8.1568
403529,qmof-d8307a2,3.59029,1.2920086406165077,2276.4383974355565,-0.628827,O,8.1586
403567,qmof-d8307a2,3.59029,1.2920086406165077,2276.4383974355565,-0.618707,O,8.1374
403605,qmof-d8307a2,3.59029,1.2920086406165077,2276.4383974355565,-0.631231,O,8.2518
403643,qmof-d8307a2,3.59029,1.2920086406165077,2276.4383974355565,-0.632484,O,8.1207
403681,qmof-d8307a2,3.59029,1.2920086406165077,2276.4383974355565,-0.621713,O,8.2511
403719,qmof-d8307a2,3.59029,1.2920086406165077,2276.4383974355565,-0.623417,O,8.1526
403757,qmof-d8307a2,3.59029,1.2920086406165077,2276.4383974355565,-0.623377,O,8.1413
403795,qmof-d8307a2,3.59029,1.2920086406165077,2276.4383974355565,-0.626821,O,8.1448
403833,qmof-d8307a2,3.59029,1.2920086406165077,2276.4383974355565,-0.626268,O,8.1281
403871,qmof-d8307a2,3.59029,1.2920086406165077,2276.4383974355565,-1.068609,O,8.1284
403909,qmof-d8307a2,3.59029,1.2920086406165077,2276.4383974355565,-1.068803,O,7.7393
403947,qmof-d8307a2,3.59029,1.2920086406165077,2276.4383974355565,-1.069751,O,7.7421
403985,qmof-d8307a2,3.59029,1.2920086406165077,2276.4383974355565,-1.066797,O,7.7331
404023,qmof-d8307a2,3.59029,1.2920086406165077,2276.4383974355565,-1.143762,O,7.7238
404061,qmof-d8307a2,3.59029,1.2920086406165077,2276.4383974355565,-1.147559,O,8.315
404099,qmof-d8307a2,3.59029,1.2920086406165077,2276.4383974355565,-1.146054,O,8.2955
404137,qmof-d8307a2,3.59029,1.2920086406165077,2276.4383974355565,-1.145464,O,8.3093
404175,qmof-d8307a2,3.59029,1.2920086406165077,2276.4383974355565,0.422572,O,8.2939
404213,qmof-db13ee3,7.14544,1.0002643025485585,1494.556902346896,1.867901,Sc,4.3259
404261,qmof-db13ee3,7.14544,1.0002643025485585,1494.556902346896,1.873597,Sc,4.3266
404285,qmof-db13ee3,7.14544,1.0002643025485585,1494.556902346896,-0.641614,Sc,4.3281
404309,qmof-db13ee3,7.14544,1.0002643025485585,1494.556902346896,-0.63266,O,7.8279
404333,qmof-db13ee3,7.14544,1.0002643025485585,1494.556902346896,-0.642176,O,7.8418
404357,qmof-db13ee3,7.14544,1.0002643025485585,1494.556902346896,-0.632313,O,7.8363
404381,qmof-db13ee3,7.14544,1.0002643025485585,1494.556902346896,-0.638191,O,7.8421
404405,qmof-db13ee3,7.14544,1.0002643025485585,1494.556902346896,-0.637195,O,7.8156
404429,qmof-db13ee3,7.14544,1.0002643025485585,1494.556902346896,-0.641204,O,7.8282
404453,qmof-db13ee3,7.14544,1.0002643025485585,1494.556902346896,-0.636609,O,7.83
404477,qmof-db13ee3,7.14544,1.0002643025485585,1494.556902346896,-0.641972,O,7.8394
404501,qmof-db13ee3,7.14544,1.0002643025485585,1494.556902346896,-0.634651,O,7.8194
404525,qmof-db13ee3,7.14544,1.0002643025485585,1494.556902346896,-0.644213,O,7.826
404549,qmof-db13ee3,7.14544,1.0002643025485585,1494.556902346896,-0.638305,O,7.8325
404573,qmof-db13ee3,7.14544,1.0002643025485585,1494.556902346896,-0.644477,O,7.8393
404597,qmof-db13ee3,7.14544,1.0002643025485585,1494.556902346896,-0.630663,O,7.8403
404621,qmof-db13ee3,7.14544,1.0002643025485585,1494.556902346896,-0.640389,O,7.841
404645,qmof-db13ee3,7.14544,1.0002643025485585,1494.556902346896,-0.632384,O,7.8331
404669,qmof-db13ee3,7.14544,1.0002643025485585,1494.556902346896,-1.055681,O,7.8437
404693,qmof-db13ee3,7.14544,1.0002643025485585,1494.556902346896,-1.052802,O,7.3163
404717,qmof-db13ee3,7.14544,1.0002643025485585,1494.556902346896,-1.057003,O,7.2872
404741,qmof-db13ee3,7.14544,1.0002643025485585,1494.556902346896,-1.052405,O,7.3197
404765,qmof-db13ee3,7.14544,1.0002643025485585,1494.556902346896,0.112549,O,7.2867
404789,qmof-dc7e5a3,10.08865,1.27486912782728,1226.8937112795884,0.768652,Co,8.2873
404861,qmof-dc7e5a3,10.08865,1.27486912782728,1226.8937112795884,0.769848,Co,8.2885
404933,qmof-dc7e5a3,10.08865,1.27486912782728,1226.8937112795884,0.768351,Co,8.2987
405005,qmof-dc7e5a3,10.08865,1.27486912782728,1226.8937112795884,0.769861,Co,8.2858
405077,qmof-dc7e5a3,10.08865,1.27486912782728,1226.8937112795884,0.770086,Co,8.2879
405149,qmof-dc7e5a3,10.08865,1.27486912782728,1226.8937112795884,-0.163897,Co,8.3005
405221,qmof-dc7e5a3,10.08865,1.27486912782728,1226.8937112795884,-0.163817,H,7.3166
405293,qmof-dc7e5a3,10.08865,1.27486912782728,1226.8937112795884,-0.163811,H,7.3288
405365,qmof-dc7e5a3,10.08865,1.27486912782728,1226.8937112795884,-0.16352,H,7.326
405437,qmof-dc7e5a3,10.08865,1.27486912782728,1226.8937112795884,-0.163678,H,7.3245
405509,qmof-dc7e5a3,10.08865,1.27486912782728,1226.8937112795884,-0.16331,H,7.3219
405581,qmof-dc7e5a3,10.08865,1.27486912782728,1226.8937112795884,0.13996,H,7.3288
405653,qmof-dc7e5a3,10.08865,1.27486912782728,1226.8937112795884,0.140576,H,5.2564
405725,qmof-dc7e5a3,10.08865,1.27486912782728,1226.8937112795884,0.139347,H,5.2595
405797,qmof-dc7e5a3,10.08865,1.27486912782728,1226.8937112795884,0.1397,H,5.2598
405869,qmof-dc7e5a3,10.08865,1.27486912782728,1226.8937112795884,0.140281,H,5.2573
405941,qmof-dc7e5a3,10.08865,1.27486912782728,1226.8937112795884,0.138676,H,5.2547
406013,qmof-dc7e5a3,10.08865,1.27486912782728,1226.8937112795884,-0.46585,H,5.2613
406085,qmof-dc7e5a3,10.08865,1.27486912782728,1226.8937112795884,-0.467987,O,7.8525
406157,qmof-dc7e5a3,10.08865,1.27486912782728,1226.8937112795884,-0.468461,O,7.8538
406229,qmof-dc7e5a3,10.08865,1.27486912782728,1226.8937112795884,-0.466179,O,7.8523
406301,qmof-dc7e5a3,10.08865,1.27486912782728,1226.8937112795884,-0.468482,O,7.8534
406373,qmof-dc7e5a3,10.08865,1.27486912782728,1226.8937112795884,-0.468149,O,7.8537
406445,qmof-dc7e5a3,10.08865,1.27486912782728,1226.8937112795884,-0.435177,O,7.8529
406517,qmof-dc7e5a3,10.08865,1.27486912782728,1226.8937112795884,-0.436476,O,7.5389
406589,qmof-dc7e5a3,10.08865,1.27486912782728,1226.8937112795884,-0.435115,O,7.5412
406661,qmof-dc7e5a3,10.08865,1.27486912782728,1226.8937112795884,-0.435372,O,7.5391
406733,qmof-dc7e5a3,10.08865,1.27486912782728,1226.8937112795884,-0.437027,O,7.5391
406805,qmof-dc7e5a3,10.08865,1.27486912782728,1226.8937112795884,-0.434296,O,7.54
406877,qmof-dc7e5a3,10.08865,1.27486912782728,1226.8937112795884,-0.433189,O,7.5393
406949,qmof-dc7e5a3,10.08865,1.27486912782728,1226.8937112795884,-0.431435,O,7.5909
407021,qmof-dc7e5a3,10.08865,1.27486912782728,1226.8937112795884,-0.431027,O,7.5866
407093,qmof-dc7e5a3,10.08865,1.27486912782728,1226.8937112795884,-0.432164,O,7.5858
407165,qmof-dc7e5a3,10.08865,1.27486912782728,1226.8937112795884,-0.432562,O,7.5885
407237,qmof-dc7e5a3,10.08865,1.27486912782728,1226.8937112795884,-0.430734,O,7.5875
407309,qmof-dc7e5a3,10.08865,1.27486912782728,1226.8937112795884,0.594614,O,7.5851
407381,qmof-deea64a,3.43459,1.4978228955071402,2323.512781430737,2.383279,Zr,3.2539
407419,qmof-deea64a,3.43459,1.4978228955071402,2323.512781430737,2.383388,Zr,3.2539
407457,qmof-deea64a,3.43459,1.4978228955071402,2323.512781430737,2.383385,Zr,3.2539
407495,qmof-deea64a,3.43459,1.4978228955071402,2323.512781430737,2.383232,Zr,3.2539
407533,qmof-deea64a,3.43459,1.4978228955071402,2323.512781430737,2.383326,Zr,3.2539
407571,qmof-deea64a,3.43459,1.4978228955071402,2323.512781430737,-0.604121,Zr,3.2539
407609,qmof-deea64a,3.43459,1.4978228955071402,2323.512781430737,-0.603979,O,8.0637
407647,qmof-deea64a,3.43459,1.4978228955071402,2323.512781430737,-0.604025,O,8.0637
407685,qmof-deea64a,3.43459,1.4978228955071402,2323.512781430737,-0.604051,O,8.0637
407723,qmof-deea64a,3.43459,1.4978228955071402,2323.512781430737,-0.604115,O,8.0637
407761,qmof-deea64a,3.43459,1.4978228955071402,2323.512781430737,-0.604063,O,8.0637
407799,qmof-deea64a,3.43459,1.4978228955071402,2323.512781430737,-0.604145,O,8.0637
407837,qmof-deea64a,3.43459,1.4978228955071402,2323.512781430737,-0.604056,O,8.0637
407875,qmof-deea64a,3.43459,1.4978228955071402,2323.512781430737,-0.603918,O,8.0637
407913,qmof-deea64a,3.43459,1.4978228955071402,2323.512781430737,-0.603971,O,8.0636
407951,qmof-deea64a,3.43459,1.4978228955071402,2323.512781430737,-0.603958,O,8.0636
407989,qmof-deea64a,3.43459,1.4978228955071402,2323.512781430737,-0.604037,O,8.0636
408027,qmof-deea64a,3.43459,1.4978228955071402,2323.512781430737,-0.604153,O,8.0636
408065,qmof-deea64a,3.43459,1.4978228955071402,2323.512781430737,-0.604109,O,8.0637
408103,qmof-deea64a,3.43459,1.4978228955071402,2323.512781430737,-0.60416,O,8.0637
408141,qmof-deea64a,3.43459,1.4978228955071402,2323.512781430737,-0.604068,O,8.0637
408179,qmof-deea64a,3.43459,1.4978228955071402,2323.512781430737,-0.603968,O,8.0637
408217,qmof-deea64a,3.43459,1.4978228955071402,2323.512781430737,-0.603954,O,8.0636
408255,qmof-deea64a,3.43459,1.4978228955071402,2323.512781430737,-0.60406,O,8.0636
408293,qmof-deea64a,3.43459,1.4978228955071402,2323.512781430737,-0.604013,O,8.0636
408331,qmof-deea64a,3.43459,1.4978228955071402,2323.512781430737,-0.604016,O,8.0636
408369,qmof-deea64a,3.43459,1.4978228955071402,2323.512781430737,-0.603971,O,8.0637
408407,qmof-deea64a,3.43459,1.4978228955071402,2323.512781430737,-0.60395,O,8.0637
408445,qmof-deea64a,3.43459,1.4978228955071402,2323.512781430737,-0.604072,O,8.0637
408483,qmof-deea64a,3.43459,1.4978228955071402,2323.512781430737,-1.071711,O,8.0637
408521,qmof-deea64a,3.43459,1.4978228955071402,2323.512781430737,-1.071775,O,7.7112
408559,qmof-deea64a,3.43459,1.4978228955071402,2323.512781430737,-1.071556,O,7.7111
408597,qmof-deea64a,3.43459,1.4978228955071402,2323.512781430737,-1.071771,O,7.7111
408635,qmof-deea64a,3.43459,1.4978228955071402,2323.512781430737,-1.155139,O,7.7112
408673,qmof-deea64a,3.43459,1.4978228955071402,2323.512781430737,-1.155199,O,8.2536
408711,qmof-deea64a,3.43459,1.4978228955071402,2323.512781430737,-1.155208,O,8.2536
408749,qmof-deea64a,3.43459,1.4978228955071402,2323.512781430737,-1.155209,O,8.2536
408787,qmof-deea64a,3.43459,1.4978228955071402,2323.512781430737,0.419784,O,8.2536
408825,qmof-df6f7f2,4.84224,0.8546000580691464,5242.674258993752,2.143742,Hf,2.8443
408863,qmof-df6f7f2,4.84224,0.8546000580691464,5242.674258993752,2.143861,Hf,2.8424
408901,qmof-df6f7f2,4.84224,0.8546000580691464,5242.674258993752,2.144048,Hf,2.8456
408939,qmof-df6f7f2,4.84224,0.8546000580691464,5242.674258993752,2.144172,Hf,2.8448
408977,qmof-df6f7f2,4.84224,0.8546000580691464,5242.674258993752,2.143015,Hf,2.8465
409015,qmof-df6f7f2,4.84224,0.8546000580691464,5242.674258993752,-0.566887,Hf,2.8482
409053,qmof-df6f7f2,4.84224,0.8546000580691464,5242.674258993752,-0.568255,O,7.9499
409091,qmof-df6f7f2,4.84224,0.8546000580691464,5242.674258993752,-0.568389,O,7.8894
409129,qmof-df6f7f2,4.84224,0.8546000580691464,5242.674258993752,-0.562862,O,7.9215
409167,qmof-df6f7f2,4.84224,0.8546000580691464,5242.674258993752,-0.571529,O,7.9871
409205,qmof-df6f7f2,4.84224,0.8546000580691464,5242.674258993752,-0.578261,O,7.8911
409243,qmof-df6f7f2,4.84224,0.8546000580691464,5242.674258993752,-0.57943,O,7.8677
409281,qmof-df6f7f2,4.84224,0.8546000580691464,5242.674258993752,-0.571916,O,7.8686
409319,qmof-df6f7f2,4.84224,0.8546000580691464,5242.674258993752,-1.062959,O,7.9066
409357,qmof-df6f7f2,4.84224,0.8546000580691464,5242.674258993752,-1.06414,O,7.5975
409395,qmof-df6f7f2,4.84224,0.8546000580691464,5242.674258993752,-0.998173,O,7.598
409433,qmof-df6f7f2,4.84224,0.8546000580691464,5242.674258993752,-0.999509,O,7.3146
409471,qmof-df6f7f2,4.84224,0.8546000580691464,5242.674258993752,-0.563671,O,7.2894
409509,qmof-df6f7f2,4.84224,0.8546000580691464,5242.674258993752,-0.56772,O,7.9887
409547,qmof-df6f7f2,4.84224,0.8546000580691464,5242.674258993752,-0.568031,O,7.9154
409585,qmof-df6f7f2,4.84224,0.8546000580691464,5242.674258993752,-0.565681,O,7.9213
409623,qmof-df6f7f2,4.84224,0.8546000580691464,5242.674258993752,-0.56847,O,7.9839
409661,qmof-df6f7f2,4.84224,0.8546000580691464,5242.674258993752,-0.56371,O,7.9157
409699,qmof-df6f7f2,4.84224,0.8546000580691464,5242.674258993752,-0.566024,O,7.9843
409737,qmof-df6f7f2,4.84224,0.8546000580691464,5242.674258993752,-0.567162,O,7.9798
409775,qmof-df6f7f2,4.84224,0.8546000580691464,5242.674258993752,-0.573226,O,7.9179
409813,qmof-df6f7f2,4.84224,0.8546000580691464,5242.674258993752,-0.576006,O,7.9055
409851,qmof-df6f7f2,4.84224,0.8546000580691464,5242.674258993752,-0.579405,O,7.8751
409889,qmof-df6f7f2,4.84224,0.8546000580691464,5242.674258993752,-0.571398,O,7.8632
409927,qmof-df6f7f2,4.84224,0.8546000580691464,5242.674258993752,-0.576727,O,7.8983
409965,qmof-df6f7f2,4.84224,0.8546000580691464,5242.674258993752,-0.573198,O,7.8716
410003,qmof-df6f7f2,4.84224,0.8546000580691464,5242.674258993752,-0.570866,O,7.9011
410041,qmof-df6f7f2,4.84224,0.8546000580691464,5242.674258993752,-0.574976,O,7.8929
410079,qmof-df6f7f2,4.84224,0.8546000580691464,5242.674258993752,-1.061954,O,7.8696
410117,qmof-df6f7f2,4.84224,0.8546000580691464,5242.674258993752,-1.063304,O,7.5942
410155,qmof-df6f7f2,4.84224,0.8546000580691464,5242.674258993752,-0.998755,O,7.6003
410193,qmof-df6f7f2,4.84224,0.8546000580691464,5242.674258993752,-1.00002,O,7.3254
410231,qmof-df6f7f2,4.84224,0.8546000580691464,5242.674258993752,0.116165,O,7.2927
410535,qmof-e2be686,11.47315,0.446580706266371,8398.679487926116,-0.63426,O,8.1439
410573,qmof-e2be686,11.47315,0.446580706266371,8398.679487926116,-0.631057,O,8.1802
410611,qmof-e2be686,11.47315,0.446580706266371,8398.679487926116,-0.606495,O,8.2571
410649,qmof-e2be686,11.47315,0.446580706266371,8398.679487926116,-0.625751,O,8.1389
410687,qmof-e2be686,11.47315,0.446580706266371,8398.679487926116,-0.59936,O,8.2262
410725,qmof-e2be686,11.47315,0.446580706266371,8398.679487926116,-1.186551,O,8.1757
410763,qmof-e2be686,11.47315,0.446580706266371,8398.679487926116,-1.05293,O,8.3689
410801,qmof-e2be686,11.47315,0.446580706266371,8398.679487926116,-1.031294,O,7.8482
410839,qmof-e2be686,11.47315,0.446580706266371,8398.679487926116,-1.164803,O,7.8728
410877,qmof-e2be686,11.47315,0.446580706266371,8398.679487926116,-0.941247,O,8.3702
410915,qmof-e2be686,11.47315,0.446580706266371,8398.679487926116,-0.781677,O,7.806
410991,qmof-e2be686,11.47315,0.446580706266371,8398.679487926116,-1.02618,O,8.3943
411029,qmof-e2be686,11.47315,0.446580706266371,8398.679487926116,-1.179371,O,7.8232
411067,qmof-e2be686,11.47315,0.446580706266371,8398.679487926116,-1.038631,O,8.2373
411105,qmof-e2be686,11.47315,0.446580706266371,8398.679487926116,-0.96614,O,7.7688
411143,qmof-e2be686,11.47315,0.446580706266371,8398.679487926116,-0.53046,O,7.3093
411181,qmof-e2be686,11.47315,0.446580706266371,8398.679487926116,-0.698168,O,8.2178
411219,qmof-e2be686,11.47315,0.446580706266371,8398.679487926116,-0.979968,O,8.1271
411257,qmof-e2be686,11.47315,0.446580706266371,8398.679487926116,-0.598998,O,7.4638
411295,qmof-e2be686,11.47315,0.446580706266371,8398.679487926116,-0.922677,O,8.1709
411333,qmof-e2be686,11.47315,0.446580706266371,8398.679487926116,-0.847528,O,7.7063
411371,qmof-e2be686,11.47315,0.446580706266371,8398.679487926116,-0.808752,O,7.3356
411409,qmof-e2be686,11.47315,0.446580706266371,8398.679487926116,-0.629864,O,7.2318
411447,qmof-e2be686,11.47315,0.446580706266371,8398.679487926116,-0.765882,O,8.137
411485,qmof-e2be686,11.47315,0.446580706266371,8398.679487926116,-0.7747,O,7.2286
411561,qmof-e2be686,11.47315,0.446580706266371,8398.679487926116,-0.613073,O,8.2569
411599,qmof-e2be686,11.47315,0.446580706266371,8398.679487926116,-0.956897,O,8.2458
411637,qmof-e2be686,11.47315,0.446580706266371,8398.679487926116,-1.000719,O,7.4266
411675,qmof-e2be686,11.47315,0.446580706266371,8398.679487926116,0.126463,O,7.6877
411813,qmof-e2e3deb,4.83564,1.1143137519730035,3204.836972728737,2.375241,Zr,3.241
411851,qmof-e2e3deb,4.83564,1.1143137519730035,3204.836972728737,2.379413,Zr,3.2469
411889,qmof-e2e3deb,4.83564,1.1143137519730035,3204.836972728737,2.37526,Zr,3.2617
411927,qmof-e2e3deb,4.83564,1.1143137519730035,3204.836972728737,2.379111,Zr,3.2512
411965,qmof-e2e3deb,4.83564,1.1143137519730035,3204.836972728737,2.378793,Zr,3.2562
412003,qmof-e2e3deb,4.83564,1.1143137519730035,3204.836972728737,-0.618817,Zr,3.2564
412041,qmof-e2e3deb,4.83564,1.1143137519730035,3204.836972728737,-0.615209,O,8.1395
412079,qmof-e2e3deb,4.83564,1.1143137519730035,3204.836972728737,-0.61634,O,8.1173
412117,qmof-e2e3deb,4.83564,1.1143137519730035,3204.836972728737,-0.618551,O,8.1027
412155,qmof-e2e3deb,4.83564,1.1143137519730035,3204.836972728737,-0.608067,O,8.1402
412193,qmof-e2e3deb,4.83564,1.1143137519730035,3204.836972728737,-0.617067,O,8.1299
412231,qmof-e2e3deb,4.83564,1.1143137519730035,3204.836972728737,-0.615677,O,8.1519
412269,qmof-e2e3deb,4.83564,1.1143137519730035,3204.836972728737,-0.611682,O,8.1431
412307,qmof-e2e3deb,4.83564,1.1143137519730035,3204.836972728737,-0.617065,O,8.1215
412345,qmof-e2e3deb,4.83564,1.1143137519730035,3204.836972728737,-0.618203,O,8.1218
412383,qmof-e2e3deb,4.83564,1.1143137519730035,3204.836972728737,-0.614147,O,8.1201
412421,qmof-e2e3deb,4.83564,1.1143137519730035,3204.836972728737,-0.615023,O,8.1368
412459,qmof-e2e3deb,4.83564,1.1143137519730035,3204.836972728737,-0.614169,O,8.1389
412497,qmof-e2e3deb,4.83564,1.1143137519730035,3204.836972728737,-0.614619,O,8.037
412535,qmof-e2e3deb,4.83564,1.1143137519730035,3204.836972728737,-0.614596,O,8.1002
412573,qmof-e2e3deb,4.83564,1.1143137519730035,3204.836972728737,-0.614883,O,8.0994
412611,qmof-e2e3deb,4.83564,1.1143137519730035,3204.836972728737,-0.617487,O,8.0348
412649,qmof-e2e3deb,4.83564,1.1143137519730035,3204.836972728737,-0.616788,O,8.1539
412687,qmof-e2e3deb,4.83564,1.1143137519730035,3204.836972728737,-0.613753,O,8.0159
412725,qmof-e2e3deb,4.83564,1.1143137519730035,3204.836972728737,-0.613514,O,8.1513
412763,qmof-e2e3deb,4.83564,1.1143137519730035,3204.836972728737,-0.609412,O,8.0879
412801,qmof-e2e3deb,4.83564,1.1143137519730035,3204.836972728737,-0.60901,O,8.1016
412839,qmof-e2e3deb,4.83564,1.1143137519730035,3204.836972728737,-0.613258,O,8.1037
412877,qmof-e2e3deb,4.83564,1.1143137519730035,3204.836972728737,-0.612438,O,8.0371
412915,qmof-e2e3deb,4.83564,1.1143137519730035,3204.836972728737,-1.070243,O,8.0271
412953,qmof-e2e3deb,4.83564,1.1143137519730035,3204.836972728737,-1.069783,O,7.7087
412991,qmof-e2e3deb,4.83564,1.1143137519730035,3204.836972728737,-1.071657,O,7.7043
413029,qmof-e2e3deb,4.83564,1.1143137519730035,3204.836972728737,-1.071229,O,7.7137
413067,qmof-e2e3deb,4.83564,1.1143137519730035,3204.836972728737,-1.149556,O,7.7037
413105,qmof-e2e3deb,4.83564,1.1143137519730035,3204.836972728737,-1.148909,O,8.255
413143,qmof-e2e3deb,4.83564,1.1143137519730035,3204.836972728737,-1.150243,O,8.2634
413181,qmof-e2e3deb,4.83564,1.1143137519730035,3204.836972728737,-1.150747,O,8.2591
413219,qmof-e2e3deb,4.83564,1.1143137519730035,3204.836972728737,0.42401,O,8.2665
413409,qmof-e2e4331,10.73616,0.848736772832537,2957.945603788524,2.358589,Zr,3.2611
413447,qmof-e2e4331,10.73616,0.848736772832537,2957.945603788524,-0.65728,Zr,3.2622
413485,qmof-e2e4331,10.73616,0.848736772832537,2957.945603788524,-0.583675,O,8.122
413523,qmof-e2e4331,10.73616,0.848736772832537,2957.945603788524,-0.604908,O,8.1225
413561,qmof-e2e4331,10.73616,0.848736772832537,2957.945603788524,-0.604338,O,8.067
413599,qmof-e2e4331,10.73616,0.848736772832537,2957.945603788524,-0.655882,O,8.0663
413637,qmof-e2e4331,10.73616,0.848736772832537,2957.945603788524,-0.586012,O,8.1219
413675,qmof-e2e4331,10.73616,0.848736772832537,2957.945603788524,-0.638562,O,8.1031
413713,qmof-e2e4331,10.73616,0.848736772832537,2957.945603788524,-0.583909,O,8.1751
413751,qmof-e2e4331,10.73616,0.848736772832537,2957.945603788524,-0.932284,O,8.1058
413789,qmof-e2e4331,10.73616,0.848736772832537,2957.945603788524,-0.77675,O,7.788
413865,qmof-e2e4331,10.73616,0.848736772832537,2957.945603788524,-0.934754,O,7.3107
413903,qmof-e2e4331,10.73616,0.848736772832537,2957.945603788524,-1.177274,O,7.8621
413941,qmof-e2e4331,10.73616,0.848736772832537,2957.945603788524,-1.038519,O,8.2529
413979,qmof-e2e4331,10.73616,0.848736772832537,2957.945603788524,-0.61853,O,7.7595
414017,qmof-e2e4331,10.73616,0.848736772832537,2957.945603788524,-0.600379,O,8.0305
414055,qmof-e2e4331,10.73616,0.848736772832537,2957.945603788524,-0.631409,O,8.0742
414093,qmof-e2e4331,10.73616,0.848736772832537,2957.945603788524,-0.592497,O,8.0877
414131,qmof-e2e4331,10.73616,0.848736772832537,2957.945603788524,-0.635118,O,8.0868
414169,qmof-e2e4331,10.73616,0.848736772832537,2957.945603788524,-0.591161,O,8.1557
414207,qmof-e2e4331,10.73616,0.848736772832537,2957.945603788524,-0.607831,O,8.0892
414245,qmof-e2e4331,10.73616,0.848736772832537,2957.945603788524,-0.608037,O,8.1489
414283,qmof-e2e4331,10.73616,0.848736772832537,2957.945603788524,-0.812217,O,8.0574
414321,qmof-e2e4331,10.73616,0.848736772832537,2957.945603788524,-0.956528,O,7.3114
414359,qmof-e2e4331,10.73616,0.848736772832537,2957.945603788524,-0.930547,O,7.4678
414397,qmof-e2e4331,10.73616,0.848736772832537,2957.945603788524,-0.820973,O,7.7736
414435,qmof-e2e4331,10.73616,0.848736772832537,2957.945603788524,-1.035271,O,7.3645
414473,qmof-e2e4331,10.73616,0.848736772832537,2957.945603788524,-1.178619,O,7.7433
414511,qmof-e2e4331,10.73616,0.848736772832537,2957.945603788524,-1.174474,O,8.2532
414549,qmof-e2e4331,10.73616,0.848736772832537,2957.945603788524,-1.056989,O,8.3294
414587,qmof-e2e4331,10.73616,0.848736772832537,2957.945603788524,-1.046535,O,7.6888
414625,qmof-e2e4331,10.73616,0.848736772832537,2957.945603788524,-1.16373,O,7.7862
414663,qmof-e2e4331,10.73616,0.848736772832537,2957.945603788524,0.437547,O,8.2928
415613,qmof-e300e0b,9.92739,0.6563297901900571,7326.321652559719,-0.590716,O,7.4089
415689,qmof-e300e0b,9.92739,0.6563297901900571,7326.321652559719,-0.641783,O,8.1564
415765,qmof-e300e0b,9.92739,0.6563297901900571,7326.321652559719,-0.638807,O,8.1156
415841,qmof-e300e0b,9.92739,0.6563297901900571,7326.321652559719,-0.604452,O,8.1462
415917,qmof-e300e0b,9.92739,0.6563297901900571,7326.321652559719,-0.592688,O,8.1108
415993,qmof-e300e0b,9.92739,0.6563297901900571,7326.321652559719,-0.641893,O,8.1535
416069,qmof-e300e0b,9.92739,0.6563297901900571,7326.321652559719,-1.184895,O,8.141
416145,qmof-e300e0b,9.92739,0.6563297901900571,7326.321652559719,-1.070977,O,8.3463
416221,qmof-e300e0b,9.92739,0.6563297901900571,7326.321652559719,-1.01376,O,7.7352
416297,qmof-e300e0b,9.92739,0.6563297901900571,7326.321652559719,-1.153535,O,7.7589
416373,qmof-e300e0b,9.92739,0.6563297901900571,7326.321652559719,-0.916936,O,8.2741
416449,qmof-e300e0b,9.92739,0.6563297901900571,7326.321652559719,-0.778153,O,7.7528
416601,qmof-e300e0b,9.92739,0.6563297901900571,7326.321652559719,-1.049496,O,8.3672
416677,qmof-e300e0b,9.92739,0.6563297901900571,7326.321652559719,-1.176757,O,7.7983
416753,qmof-e300e0b,9.92739,0.6563297901900571,7326.321652559719,-1.064015,O,8.2658
416829,qmof-e300e0b,9.92739,0.6563297901900571,7326.321652559719,-0.955911,O,7.7404
416905,qmof-e300e0b,9.92739,0.6563297901900571,7326.321652559719,-0.559642,O,7.3938
416981,qmof-e300e0b,9.92739,0.6563297901900571,7326.321652559719,-0.66412,O,8.2456
417057,qmof-e300e0b,9.92739,0.6563297901900571,7326.321652559719,-0.923361,O,8.2019
417133,qmof-e300e0b,9.92739,0.6563297901900571,7326.321652559719,-0.594782,O,7.7169
417209,qmof-e300e0b,9.92739,0.6563297901900571,7326.321652559719,-0.924679,O,8.1817
417285,qmof-e300e0b,9.92739,0.6563297901900571,7326.321652559719,-0.831687,O,7.7102
417361,qmof-e300e0b,9.92739,0.6563297901900571,7326.321652559719,-0.842744,O,7.367
417437,qmof-e300e0b,9.92739,0.6563297901900571,7326.321652559719,-0.656695,O,7.5077
417513,qmof-e300e0b,9.92739,0.6563297901900571,7326.321652559719,-0.768504,O,8.1948
417589,qmof-e300e0b,9.92739,0.6563297901900571,7326.321652559719,-0.937875,O,7.1595
417665,qmof-e300e0b,9.92739,0.6563297901900571,7326.321652559719,-0.661452,O,7.8615
417741,qmof-e300e0b,9.92739,0.6563297901900571,7326.321652559719,-0.567473,O,8.2101
417817,qmof-e300e0b,9.92739,0.6563297901900571,7326.321652559719,-0.814623,O,8.174
417893,qmof-e300e0b,9.92739,0.6563297901900571,7326.321652559719,-0.993582,O,7.2768
417969,qmof-e300e0b,9.92739,0.6563297901900571,7326.321652559719,-0.832386,O,7.9217
418045,qmof-e300e0b,9.92739,0.6563297901900571,7326.321652559719,-0.592131,O,7.4267
418121,qmof-e300e0b,9.92739,0.6563297901900571,7326.321652559719,-0.640781,O,8.156
418197,qmof-e300e0b,9.92739,0.6563297901900571,7326.321652559719,-0.64093,O,8.1207
418273,qmof-e300e0b,9.92739,0.6563297901900571,7326.321652559719,-0.602789,O,8.1579
418349,qmof-e300e0b,9.92739,0.6563297901900571,7326.321652559719,-0.593189,O,8.1161
418425,qmof-e300e0b,9.92739,0.6563297901900571,7326.321652559719,-0.639471,O,8.1546
418501,qmof-e300e0b,9.92739,0.6563297901900571,7326.321652559719,-1.185079,O,8.1346
418577,qmof-e300e0b,9.92739,0.6563297901900571,7326.321652559719,-1.070295,O,8.3473
418653,qmof-e300e0b,9.92739,0.6563297901900571,7326.321652559719,-1.013439,O,7.7381
418729,qmof-e300e0b,9.92739,0.6563297901900571,7326.321652559719,-1.15349,O,7.7591
418805,qmof-e300e0b,9.92739,0.6563297901900571,7326.321652559719,-0.914977,O,8.2742
418881,qmof-e300e0b,9.92739,0.6563297901900571,7326.321652559719,-0.776359,O,7.7448
419033,qmof-e300e0b,9.92739,0.6563297901900571,7326.321652559719,-1.048395,O,8.3672
419109,qmof-e300e0b,9.92739,0.6563297901900571,7326.321652559719,-1.175716,O,7.7966
419185,qmof-e300e0b,9.92739,0.6563297901900571,7326.321652559719,-1.065096,O,8.2669
419261,qmof-e300e0b,9.92739,0.6563297901900571,7326.321652559719,-0.957814,O,7.7395
419337,qmof-e300e0b,9.92739,0.6563297901900571,7326.321652559719,-0.558839,O,7.3872
419413,qmof-e300e0b,9.92739,0.6563297901900571,7326.321652559719,-0.667763,O,8.2478
419489,qmof-e300e0b,9.92739,0.6563297901900571,7326.321652559719,-0.921437,O,8.2023
419565,qmof-e300e0b,9.92739,0.6563297901900571,7326.321652559719,-0.594248,O,7.7168
419641,qmof-e300e0b,9.92739,0.6563297901900571,7326.321652559719,-0.924827,O,8.1817
419717,qmof-e300e0b,9.92739,0.6563297901900571,7326.321652559719,-0.833357,O,7.7035
419793,qmof-e300e0b,9.92739,0.6563297901900571,7326.321652559719,-0.84562,O,7.3774
419869,qmof-e300e0b,9.92739,0.6563297901900571,7326.321652559719,-0.657057,O,7.5223
419945,qmof-e300e0b,9.92739,0.6563297901900571,7326.321652559719,-0.768868,O,8.1856
420021,qmof-e300e0b,9.92739,0.6563297901900571,7326.321652559719,-0.940316,O,7.1625
420097,qmof-e300e0b,9.92739,0.6563297901900571,7326.321652559719,-0.66193,O,7.8602
420173,qmof-e300e0b,9.92739,0.6563297901900571,7326.321652559719,-0.566233,O,8.2084
420249,qmof-e300e0b,9.92739,0.6563297901900571,7326.321652559719,-0.812149,O,8.1717
420325,qmof-e300e0b,9.92739,0.6563297901900571,7326.321652559719,-0.993309,O,7.2756
420401,qmof-e300e0b,9.92739,0.6563297901900571,7326.321652559719,0.128374,O,7.9195
420477,qmof-e33a82c,3.59881,1.9427824491454504,2316.227653396035,0.322797,Cu,11.4002
420521,qmof-e33a82c,3.59881,1.9427824491454504,2316.227653396035,0.345109,Cu,10.6821
420565,qmof-e33a82c,3.59881,1.9427824491454504,2316.227653396035,0.322151,Cu,11.4018
420609,qmof-e33a82c,3.59881,1.9427824491454504,2316.227653396035,0.345266,Cu,10.6812
420653,qmof-e33a82c,3.59881,1.9427824491454504,2316.227653396035,0.322723,Cu,11.4006
420697,qmof-e33a82c,3.59881,1.9427824491454504,2316.227653396035,0.345148,Cu,10.6822
420741,qmof-e33a82c,3.59881,1.9427824491454504,2316.227653396035,0.322145,Cu,11.4021
420785,qmof-e33a82c,3.59881,1.9427824491454504,2316.227653396035,0.875623,Cu,10.6811
420829,qmof-e33a82c,3.59881,1.9427824491454504,2316.227653396035,0.876466,W,2.5423
420873,qmof-e33a82c,3.59881,1.9427824491454504,2316.227653396035,0.875585,W,2.5426
420917,qmof-e33a82c,3.59881,1.9427824491454504,2316.227653396035,0.876678,W,2.5423
420961,qmof-e33a82c,3.59881,1.9427824491454504,2316.227653396035,-0.45002,W,2.5426
421005,qmof-e33a82c,3.59881,1.9427824491454504,2316.227653396035,-0.476914,S,3.8924
421049,qmof-e33a82c,3.59881,1.9427824491454504,2316.227653396035,-0.50887,S,3.6953
421093,qmof-e33a82c,3.59881,1.9427824491454504,2316.227653396035,-0.476686,S,3.6298
421137,qmof-e33a82c,3.59881,1.9427824491454504,2316.227653396035,-0.449059,S,3.984
421181,qmof-e33a82c,3.59881,1.9427824491454504,2316.227653396035,-0.475296,S,3.8926
421225,qmof-e33a82c,3.59881,1.9427824491454504,2316.227653396035,-0.508394,S,3.6947
421269,qmof-e33a82c,3.59881,1.9427824491454504,2316.227653396035,-0.476793,S,3.6296
421313,qmof-e33a82c,3.59881,1.9427824491454504,2316.227653396035,-0.450114,S,3.9843
421357,qmof-e33a82c,3.59881,1.9427824491454504,2316.227653396035,-0.476832,S,3.8925
421401,qmof-e33a82c,3.59881,1.9427824491454504,2316.227653396035,-0.508864,S,3.6951
421445,qmof-e33a82c,3.59881,1.9427824491454504,2316.227653396035,-0.476786,S,3.6297
421489,qmof-e33a82c,3.59881,1.9427824491454504,2316.227653396035,-0.449094,S,3.9842
421533,qmof-e33a82c,3.59881,1.9427824491454504,2316.227653396035,-0.475293,S,3.8927
421577,qmof-e33a82c,3.59881,1.9427824491454504,2316.227653396035,-0.508347,S,3.6946
421621,qmof-e33a82c,3.59881,1.9427824491454504,2316.227653396035,-0.476886,S,3.6295
421665,qmof-e33a82c,3.59881,1.9427824491454504,2316.227653396035,-0.273035,S,3.9844
421709,qmof-e33a82c,3.59881,1.9427824491454504,2316.227653396035,0.050006,N,5.8694
421753,qmof-e33a82c,3.59881,1.9427824491454504,2316.227653396035,-0.261472,N,5.466
421797,qmof-e33a82c,3.59881,1.9427824491454504,2316.227653396035,0.036483,N,5.8542
421841,qmof-e33a82c,3.59881,1.9427824491454504,2316.227653396035,-0.269124,N,5.5075
421885,qmof-e33a82c,3.59881,1.9427824491454504,2316.227653396035,0.049916,N,5.8695
421929,qmof-e33a82c,3.59881,1.9427824491454504,2316.227653396035,-0.262702,N,5.4661
421973,qmof-e33a82c,3.59881,1.9427824491454504,2316.227653396035,0.036514,N,5.8542
422017,qmof-e33a82c,3.59881,1.9427824491454504,2316.227653396035,-0.273064,N,5.5073
422061,qmof-e33a82c,3.59881,1.9427824491454504,2316.227653396035,0.050002,N,5.8694
422105,qmof-e33a82c,3.59881,1.9427824491454504,2316.227653396035,-0.26147,N,5.4661
422149,qmof-e33a82c,3.59881,1.9427824491454504,2316.227653396035,0.036316,N,5.8542
422193,qmof-e33a82c,3.59881,1.9427824491454504,2316.227653396035,-0.269237,N,5.5075
422237,qmof-e33a82c,3.59881,1.9427824491454504,2316.227653396035,0.049864,N,5.8695
422281,qmof-e33a82c,3.59881,1.9427824491454504,2316.227653396035,-0.262755,N,5.4661
422325,qmof-e33a82c,3.59881,1.9427824491454504,2316.227653396035,0.036235,N,5.8542
422369,qmof-e33a82c,3.59881,1.9427824491454504,2316.227653396035,0.087919,N,5.5073
422565,qmof-e635eb9,8.95119,0.9416185237598136,4812.167298488453,2.354043,Zr,3.2125
422603,qmof-e635eb9,8.95119,0.9416185237598136,4812.167298488453,-0.618381,Zr,3.2168
422641,qmof-e635eb9,8.95119,0.9416185237598136,4812.167298488453,-0.575568,O,8.2416
422679,qmof-e635eb9,8.95119,0.9416185237598136,4812.167298488453,-0.587878,O,8.2539
422717,qmof-e635eb9,8.95119,0.9416185237598136,4812.167298488453,-0.587897,O,8.1894
422755,qmof-e635eb9,8.95119,0.9416185237598136,4812.167298488453,-0.570571,O,8.2202
422793,qmof-e635eb9,8.95119,0.9416185237598136,4812.167298488453,-0.59417,O,8.2317
422831,qmof-e635eb9,8.95119,0.9416185237598136,4812.167298488453,-0.572371,O,8.2094
422869,qmof-e635eb9,8.95119,0.9416185237598136,4812.167298488453,-0.591682,O,8.2348
422907,qmof-e635eb9,8.95119,0.9416185237598136,4812.167298488453,-0.92668,O,8.207
422945,qmof-e635eb9,8.95119,0.9416185237598136,4812.167298488453,-0.822391,O,7.6693
422983,qmof-e635eb9,8.95119,0.9416185237598136,4812.167298488453,-0.825714,O,7.5988
423021,qmof-e635eb9,8.95119,0.9416185237598136,4812.167298488453,-0.956462,O,7.4667
423059,qmof-e635eb9,8.95119,0.9416185237598136,4812.167298488453,-1.174754,O,7.5528
423097,qmof-e635eb9,8.95119,0.9416185237598136,4812.167298488453,-1.034272,O,8.3326
423135,qmof-e635eb9,8.95119,0.9416185237598136,4812.167298488453,-0.600057,O,7.843
423173,qmof-e635eb9,8.95119,0.9416185237598136,4812.167298488453,-0.580501,O,8.2035
423211,qmof-e635eb9,8.95119,0.9416185237598136,4812.167298488453,-0.606073,O,8.2353
423249,qmof-e635eb9,8.95119,0.9416185237598136,4812.167298488453,-0.575111,O,8.2327
423287,qmof-e635eb9,8.95119,0.9416185237598136,4812.167298488453,-0.601303,O,8.2621
423325,qmof-e635eb9,8.95119,0.9416185237598136,4812.167298488453,-0.573008,O,8.3103
423363,qmof-e635eb9,8.95119,0.9416185237598136,4812.167298488453,-0.597794,O,8.2551
423401,qmof-e635eb9,8.95119,0.9416185237598136,4812.167298488453,-0.581843,O,8.2366
423439,qmof-e635eb9,8.95119,0.9416185237598136,4812.167298488453,-0.826319,O,8.2369
423477,qmof-e635eb9,8.95119,0.9416185237598136,4812.167298488453,-0.933871,O,7.4821
423515,qmof-e635eb9,8.95119,0.9416185237598136,4812.167298488453,-0.931451,O,7.8811
423553,qmof-e635eb9,8.95119,0.9416185237598136,4812.167298488453,-0.822189,O,7.663
423591,qmof-e635eb9,8.95119,0.9416185237598136,4812.167298488453,-1.03228,O,7.4466
423629,qmof-e635eb9,8.95119,0.9416185237598136,4812.167298488453,-1.172026,O,7.8284
423667,qmof-e635eb9,8.95119,0.9416185237598136,4812.167298488453,-1.16452,O,8.3396
423705,qmof-e635eb9,8.95119,0.9416185237598136,4812.167298488453,-1.057433,O,8.3504
423743,qmof-e635eb9,8.95119,0.9416185237598136,4812.167298488453,-1.052518,O,7.8442
423781,qmof-e635eb9,8.95119,0.9416185237598136,4812.167298488453,-1.180792,O,7.7745
423819,qmof-e635eb9,8.95119,0.9416185237598136,4812.167298488453,0.428929,O,8.3924
423857,qmof-e911ecb,4.40874,1.9826707360225853,3000.3864370587708,2.153628,Hf,2.6282
423933,qmof-e911ecb,4.40874,1.9826707360225853,3000.3864370587708,2.11721,Hf,2.6767
424009,qmof-e911ecb,4.40874,1.9826707360225853,3000.3864370587708,2.139607,Hf,2.624
424085,qmof-e911ecb,4.40874,1.9826707360225853,3000.3864370587708,2.113193,Hf,2.5652
424161,qmof-e911ecb,4.40874,1.9826707360225853,3000.3864370587708,2.125448,Hf,2.8288
424237,qmof-e911ecb,4.40874,1.9826707360225853,3000.3864370587708,2.129917,Hf,2.8461
424313,qmof-e911ecb,4.40874,1.9826707360225853,3000.3864370587708,2.153173,Hf,2.627
424389,qmof-e911ecb,4.40874,1.9826707360225853,3000.3864370587708,2.117349,Hf,2.676
424465,qmof-e911ecb,4.40874,1.9826707360225853,3000.3864370587708,2.139221,Hf,2.6238
424541,qmof-e911ecb,4.40874,1.9826707360225853,3000.3864370587708,2.114281,Hf,2.565
424617,qmof-e911ecb,4.40874,1.9826707360225853,3000.3864370587708,2.124782,Hf,2.8297
424693,qmof-e911ecb,4.40874,1.9826707360225853,3000.3864370587708,-0.614482,Hf,2.8451
424769,qmof-e911ecb,4.40874,1.9826707360225853,3000.3864370587708,-0.546264,O,8.2577
424845,qmof-e911ecb,4.40874,1.9826707360225853,3000.3864370587708,-0.577981,O,7.9457
424921,qmof-e911ecb,4.40874,1.9826707360225853,3000.3864370587708,-0.560454,O,8.0483
424997,qmof-e911ecb,4.40874,1.9826707360225853,3000.3864370587708,-0.568564,O,7.8922
425073,qmof-e911ecb,4.40874,1.9826707360225853,3000.3864370587708,-0.56565,O,8.0347
425149,qmof-e911ecb,4.40874,1.9826707360225853,3000.3864370587708,-0.594904,O,7.9241
425225,qmof-e911ecb,4.40874,1.9826707360225853,3000.3864370587708,-0.549351,O,8.1359
425301,qmof-e911ecb,4.40874,1.9826707360225853,3000.3864370587708,-0.903661,O,7.9292
425377,qmof-e911ecb,4.40874,1.9826707360225853,3000.3864370587708,-0.750924,O,7.5398
425605,qmof-e911ecb,4.40874,1.9826707360225853,3000.3864370587708,-1.066136,O,7.5525
425681,qmof-e911ecb,4.40874,1.9826707360225853,3000.3864370587708,-0.971495,O,7.6973
425757,qmof-e911ecb,4.40874,1.9826707360225853,3000.3864370587708,-0.61258,O,7.3525
425833,qmof-e911ecb,4.40874,1.9826707360225853,3000.3864370587708,-0.555109,O,8.0518
425909,qmof-e911ecb,4.40874,1.9826707360225853,3000.3864370587708,-0.576499,O,7.9197
425985,qmof-e911ecb,4.40874,1.9826707360225853,3000.3864370587708,-0.556901,O,7.883
426061,qmof-e911ecb,4.40874,1.9826707360225853,3000.3864370587708,-0.52768,O,7.9255
426137,qmof-e911ecb,4.40874,1.9826707360225853,3000.3864370587708,-0.613784,O,8.3475
426213,qmof-e911ecb,4.40874,1.9826707360225853,3000.3864370587708,-0.565096,O,7.9159
426289,qmof-e911ecb,4.40874,1.9826707360225853,3000.3864370587708,-0.563857,O,8.1888
426365,qmof-e911ecb,4.40874,1.9826707360225853,3000.3864370587708,-0.745346,O,7.9153
426593,qmof-e911ecb,4.40874,1.9826707360225853,3000.3864370587708,-0.790171,O,7.2075
426745,qmof-e911ecb,4.40874,1.9826707360225853,3000.3864370587708,-1.08455,O,7.4555
426821,qmof-e911ecb,4.40874,1.9826707360225853,3000.3864370587708,-1.074502,O,7.8337
426897,qmof-e911ecb,4.40874,1.9826707360225853,3000.3864370587708,-0.997278,O,7.7207
426973,qmof-e911ecb,4.40874,1.9826707360225853,3000.3864370587708,-0.963238,O,7.3819
427049,qmof-e911ecb,4.40874,1.9826707360225853,3000.3864370587708,-1.068376,O,7.3958
427125,qmof-e911ecb,4.40874,1.9826707360225853,3000.3864370587708,-0.613482,O,7.6745
427201,qmof-e911ecb,4.40874,1.9826707360225853,3000.3864370587708,-0.54577,O,8.2588
427277,qmof-e911ecb,4.40874,1.9826707360225853,3000.3864370587708,-0.577177,O,7.9448
427353,qmof-e911ecb,4.40874,1.9826707360225853,3000.3864370587708,-0.560162,O,8.0474
427429,qmof-e911ecb,4.40874,1.9826707360225853,3000.3864370587708,-0.568362,O,7.8918
427505,qmof-e911ecb,4.40874,1.9826707360225853,3000.3864370587708,-0.565719,O,8.0544
427581,qmof-e911ecb,4.40874,1.9826707360225853,3000.3864370587708,-0.595152,O,7.9238
427657,qmof-e911ecb,4.40874,1.9826707360225853,3000.3864370587708,-0.549718,O,8.1385
427733,qmof-e911ecb,4.40874,1.9826707360225853,3000.3864370587708,-0.903178,O,7.9286
427809,qmof-e911ecb,4.40874,1.9826707360225853,3000.3864370587708,-0.749242,O,7.5389
428037,qmof-e911ecb,4.40874,1.9826707360225853,3000.3864370587708,-1.065746,O,7.5515
428113,qmof-e911ecb,4.40874,1.9826707360225853,3000.3864370587708,-0.971241,O,7.6968
428189,qmof-e911ecb,4.40874,1.9826707360225853,3000.3864370587708,-0.613476,O,7.3306
428265,qmof-e911ecb,4.40874,1.9826707360225853,3000.3864370587708,-0.555391,O,8.0528
428341,qmof-e911ecb,4.40874,1.9826707360225853,3000.3864370587708,-0.576778,O,7.9186
428417,qmof-e911ecb,4.40874,1.9826707360225853,3000.3864370587708,-0.557565,O,7.8838
428493,qmof-e911ecb,4.40874,1.9826707360225853,3000.3864370587708,-0.528611,O,7.9256
428569,qmof-e911ecb,4.40874,1.9826707360225853,3000.3864370587708,-0.613556,O,8.3478
428645,qmof-e911ecb,4.40874,1.9826707360225853,3000.3864370587708,-0.564642,O,7.913
428721,qmof-e911ecb,4.40874,1.9826707360225853,3000.3864370587708,-0.564679,O,8.1896
428797,qmof-e911ecb,4.40874,1.9826707360225853,3000.3864370587708,-0.746001,O,7.915
429025,qmof-e911ecb,4.40874,1.9826707360225853,3000.3864370587708,-0.789954,O,7.2063
429177,qmof-e911ecb,4.40874,1.9826707360225853,3000.3864370587708,-1.084102,O,7.4535
429253,qmof-e911ecb,4.40874,1.9826707360225853,3000.3864370587708,-1.073994,O,7.8341
429329,qmof-e911ecb,4.40874,1.9826707360225853,3000.3864370587708,-0.997987,O,7.7207
429405,qmof-e911ecb,4.40874,1.9826707360225853,3000.3864370587708,-0.963824,O,7.3812
429481,qmof-e911ecb,4.40874,1.9826707360225853,3000.3864370587708,-1.068323,O,7.396
429557,qmof-e911ecb,4.40874,1.9826707360225853,3000.3864370587708,0.417601,O,7.6714
429633,qmof-eab8919,3.95881,1.1416093880503606,2874.7755997307177,2.378895,Zr,3.2712
429671,qmof-eab8919,3.95881,1.1416093880503606,2874.7755997307177,2.378328,Zr,3.2712
429709,qmof-eab8919,3.95881,1.1416093880503606,2874.7755997307177,2.378481,Zr,3.2544
429747,qmof-eab8919,3.95881,1.1416093880503606,2874.7755997307177,2.378563,Zr,3.2712
429785,qmof-eab8919,3.95881,1.1416093880503606,2874.7755997307177,2.378695,Zr,3.2547
429823,qmof-eab8919,3.95881,1.1416093880503606,2874.7755997307177,-0.630051,Zr,3.2548
429861,qmof-eab8919,3.95881,1.1416093880503606,2874.7755997307177,-0.618346,O,8.089
429899,qmof-eab8919,3.95881,1.1416093880503606,2874.7755997307177,-0.618826,O,8.2354
429937,qmof-eab8919,3.95881,1.1416093880503606,2874.7755997307177,-0.639723,O,8.2336
429975,qmof-eab8919,3.95881,1.1416093880503606,2874.7755997307177,-0.627503,O,8.0628
430013,qmof-eab8919,3.95881,1.1416093880503606,2874.7755997307177,-0.628956,O,8.085
430051,qmof-eab8919,3.95881,1.1416093880503606,2874.7755997307177,-0.627916,O,8.0055
430089,qmof-eab8919,3.95881,1.1416093880503606,2874.7755997307177,-0.622731,O,8.0053
430127,qmof-eab8919,3.95881,1.1416093880503606,2874.7755997307177,-1.145465,O,8.1096
430165,qmof-eab8919,3.95881,1.1416093880503606,2874.7755997307177,-1.145782,O,8.2299
430203,qmof-eab8919,3.95881,1.1416093880503606,2874.7755997307177,-1.056049,O,8.2292
430241,qmof-eab8919,3.95881,1.1416093880503606,2874.7755997307177,-1.074463,O,7.7611
430279,qmof-eab8919,3.95881,1.1416093880503606,2874.7755997307177,-0.63861,O,7.682
430317,qmof-eab8919,3.95881,1.1416093880503606,2874.7755997307177,-0.623766,O,8.0615
430355,qmof-eab8919,3.95881,1.1416093880503606,2874.7755997307177,-0.618873,O,8.1921
430393,qmof-eab8919,3.95881,1.1416093880503606,2874.7755997307177,-0.62983,O,8.2351
430431,qmof-eab8919,3.95881,1.1416093880503606,2874.7755997307177,-0.623441,O,8.0889
430469,qmof-eab8919,3.95881,1.1416093880503606,2874.7755997307177,-0.639011,O,8.1925
430507,qmof-eab8919,3.95881,1.1416093880503606,2874.7755997307177,-0.629984,O,8.0613
430545,qmof-eab8919,3.95881,1.1416093880503606,2874.7755997307177,-0.623445,O,8.0896
430583,qmof-eab8919,3.95881,1.1416093880503606,2874.7755997307177,-0.622976,O,8.1935
430621,qmof-eab8919,3.95881,1.1416093880503606,2874.7755997307177,-0.637461,O,8.1085
430659,qmof-eab8919,3.95881,1.1416093880503606,2874.7755997307177,-0.628657,O,8.0075
430697,qmof-eab8919,3.95881,1.1416093880503606,2874.7755997307177,-0.625985,O,8.0045
430735,qmof-eab8919,3.95881,1.1416093880503606,2874.7755997307177,-0.637196,O,8.0859
430773,qmof-eab8919,3.95881,1.1416093880503606,2874.7755997307177,-0.623097,O,8.0084
430811,qmof-eab8919,3.95881,1.1416093880503606,2874.7755997307177,-0.626471,O,8.109
430849,qmof-eab8919,3.95881,1.1416093880503606,2874.7755997307177,-0.63766,O,8.0852
430887,qmof-eab8919,3.95881,1.1416093880503606,2874.7755997307177,-1.146488,O,8.0068
430925,qmof-eab8919,3.95881,1.1416093880503606,2874.7755997307177,-1.146071,O,8.243
430963,qmof-eab8919,3.95881,1.1416093880503606,2874.7755997307177,-1.074229,O,8.2285
431001,qmof-eab8919,3.95881,1.1416093880503606,2874.7755997307177,-1.074464,O,7.6804
431039,qmof-eab8919,3.95881,1.1416093880503606,2874.7755997307177,0.136153,O,7.6814
431077,qmof-eb5a6a0,3.46834,1.4371845335969635,2276.286873338242,2.366625,Zr,3.2358
431131,qmof-eb5a6a0,3.46834,1.4371845335969635,2276.286873338242,2.372168,Zr,3.2262
431185,qmof-eb5a6a0,3.46834,1.4371845335969635,2276.286873338242,2.369682,Zr,3.243
431239,qmof-eb5a6a0,3.46834,1.4371845335969635,2276.286873338242,2.368185,Zr,3.2578
431293,qmof-eb5a6a0,3.46834,1.4371845335969635,2276.286873338242,2.369982,Zr,3.2279
431347,qmof-eb5a6a0,3.46834,1.4371845335969635,2276.286873338242,-0.628662,Zr,3.2294
431401,qmof-eb5a6a0,3.46834,1.4371845335969635,2276.286873338242,-0.630363,O,8.2157
431455,qmof-eb5a6a0,3.46834,1.4371845335969635,2276.286873338242,-0.637095,O,8.2373
431509,qmof-eb5a6a0,3.46834,1.4371845335969635,2276.286873338242,-0.635334,O,8.2758
431563,qmof-eb5a6a0,3.46834,1.4371845335969635,2276.286873338242,-0.662742,O,8.2394
431617,qmof-eb5a6a0,3.46834,1.4371845335969635,2276.286873338242,-0.62908,O,8.2002
431671,qmof-eb5a6a0,3.46834,1.4371845335969635,2276.286873338242,-0.588597,O,8.2105
431725,qmof-eb5a6a0,3.46834,1.4371845335969635,2276.286873338242,-0.632926,O,8.0828
431779,qmof-eb5a6a0,3.46834,1.4371845335969635,2276.286873338242,-0.630813,O,8.2539
431833,qmof-eb5a6a0,3.46834,1.4371845335969635,2276.286873338242,-0.629566,O,8.2421
431887,qmof-eb5a6a0,3.46834,1.4371845335969635,2276.286873338242,-0.634106,O,8.2773
431941,qmof-eb5a6a0,3.46834,1.4371845335969635,2276.286873338242,-0.631624,O,8.2283
431995,qmof-eb5a6a0,3.46834,1.4371845335969635,2276.286873338242,-0.606703,O,8.2748
432049,qmof-eb5a6a0,3.46834,1.4371845335969635,2276.286873338242,-0.611948,O,8.1815
432103,qmof-eb5a6a0,3.46834,1.4371845335969635,2276.286873338242,-0.599733,O,8.1021
432157,qmof-eb5a6a0,3.46834,1.4371845335969635,2276.286873338242,-0.611729,O,8.1054
432211,qmof-eb5a6a0,3.46834,1.4371845335969635,2276.286873338242,-0.588382,O,8.0881
432265,qmof-eb5a6a0,3.46834,1.4371845335969635,2276.286873338242,-0.617417,O,8.0837
432319,qmof-eb5a6a0,3.46834,1.4371845335969635,2276.286873338242,-0.659615,O,8.0987
432373,qmof-eb5a6a0,3.46834,1.4371845335969635,2276.286873338242,-0.613716,O,8.2481
432427,qmof-eb5a6a0,3.46834,1.4371845335969635,2276.286873338242,-0.617525,O,8.0908
432481,qmof-eb5a6a0,3.46834,1.4371845335969635,2276.286873338242,-0.613622,O,8.0887
432535,qmof-eb5a6a0,3.46834,1.4371845335969635,2276.286873338242,-0.614024,O,8.1063
432589,qmof-eb5a6a0,3.46834,1.4371845335969635,2276.286873338242,-0.613871,O,8.1004
432643,qmof-eb5a6a0,3.46834,1.4371845335969635,2276.286873338242,-1.063568,O,8.1025
432697,qmof-eb5a6a0,3.46834,1.4371845335969635,2276.286873338242,-1.071935,O,7.7362
432751,qmof-eb5a6a0,3.46834,1.4371845335969635,2276.286873338242,-1.068887,O,7.7442
432805,qmof-eb5a6a0,3.46834,1.4371845335969635,2276.286873338242,-1.065848,O,7.8929
432859,qmof-eb5a6a0,3.46834,1.4371845335969635,2276.286873338242,-1.149021,O,7.8216
432913,qmof-eb5a6a0,3.46834,1.4371845335969635,2276.286873338242,-1.145395,O,8.3524
432967,qmof-eb5a6a0,3.46834,1.4371845335969635,2276.286873338242,-1.14756,O,8.3061
433021,qmof-eb5a6a0,3.46834,1.4371845335969635,2276.286873338242,-1.148817,O,8.326
433075,qmof-eb5a6a0,3.46834,1.4371845335969635,2276.286873338242,-0.434045,O,8.3351
433993,qmof-eb9b4b0,6.11541,1.0203592509031838,5402.7885283172645,0.152908,Cu,12.7789
434017,qmof-eb9b4b0,6.11541,1.0203592509031838,5402.7885283172645,0.153836,Cu,12.7792
434041,qmof-eb9b4b0,6.11541,1.0203592509031838,5402.7885283172645,0.15393,Cu,12.7786
434065,qmof-eb9b4b0,6.11541,1.0203592509031838,5402.7885283172645,0.15379,Cu,12.7779
434089,qmof-eb9b4b0,6.11541,1.0203592509031838,5402.7885283172645,0.152946,Cu,12.7788
434113,qmof-eb9b4b0,6.11541,1.0203592509031838,5402.7885283172645,0.153874,Cu,12.7789
434137,qmof-eb9b4b0,6.11541,1.0203592509031838,5402.7885283172645,0.152921,Cu,12.7784
434161,qmof-eb9b4b0,6.11541,1.0203592509031838,5402.7885283172645,-0.342754,Cu,12.7789
434185,qmof-eb9b4b0,6.11541,1.0203592509031838,5402.7885283172645,-0.342786,I,3.9222
434209,qmof-eb9b4b0,6.11541,1.0203592509031838,5402.7885283172645,-0.342894,I,3.9222
434233,qmof-eb9b4b0,6.11541,1.0203592509031838,5402.7885283172645,-0.342926,I,3.9229
434257,qmof-eb9b4b0,6.11541,1.0203592509031838,5402.7885283172645,-0.342922,I,3.9228
434281,qmof-eb9b4b0,6.11541,1.0203592509031838,5402.7885283172645,-0.342804,I,3.9228
434305,qmof-eb9b4b0,6.11541,1.0203592509031838,5402.7885283172645,-0.342871,I,3.9222
434329,qmof-eb9b4b0,6.11541,1.0203592509031838,5402.7885283172645,-0.342764,I,3.9228
434353,qmof-eb9b4b0,6.11541,1.0203592509031838,5402.7885283172645,-0.142742,I,3.9222
434377,qmof-eb9b4b0,6.11541,1.0203592509031838,5402.7885283172645,-0.142793,N,5.7379
434401,qmof-eb9b4b0,6.11541,1.0203592509031838,5402.7885283172645,-0.144856,N,5.7379
434425,qmof-eb9b4b0,6.11541,1.0203592509031838,5402.7885283172645,-0.144888,N,5.7381
434449,qmof-eb9b4b0,6.11541,1.0203592509031838,5402.7885283172645,-0.144723,N,5.7382
434473,qmof-eb9b4b0,6.11541,1.0203592509031838,5402.7885283172645,-0.1427,N,5.7382
434497,qmof-eb9b4b0,6.11541,1.0203592509031838,5402.7885283172645,-0.144894,N,5.738
434521,qmof-eb9b4b0,6.11541,1.0203592509031838,5402.7885283172645,-0.142917,N,5.7382
434545,qmof-eb9b4b0,6.11541,1.0203592509031838,5402.7885283172645,2.381999,N,5.7379
436013,qmof-ee0dc19,3.54531,1.3214415777998427,2277.364408310085,2.36783,Zr,3.25
436051,qmof-ee0dc19,3.54531,1.3214415777998427,2277.364408310085,2.371208,Zr,3.2388
436089,qmof-ee0dc19,3.54531,1.3214415777998427,2277.364408310085,2.374476,Zr,3.2437
436127,qmof-ee0dc19,3.54531,1.3214415777998427,2277.364408310085,2.370923,Zr,3.2515
436165,qmof-ee0dc19,3.54531,1.3214415777998427,2277.364408310085,2.371416,Zr,3.2393
436203,qmof-ee0dc19,3.54531,1.3214415777998427,2277.364408310085,-0.618731,Zr,3.2396
436241,qmof-ee0dc19,3.54531,1.3214415777998427,2277.364408310085,-0.608751,O,8.1664
436279,qmof-ee0dc19,3.54531,1.3214415777998427,2277.364408310085,-0.61485,O,8.1115
436317,qmof-ee0dc19,3.54531,1.3214415777998427,2277.364408310085,-0.613327,O,8.1514
436355,qmof-ee0dc19,3.54531,1.3214415777998427,2277.364408310085,-0.616509,O,8.1721
436393,qmof-ee0dc19,3.54531,1.3214415777998427,2277.364408310085,-0.616991,O,8.2032
436431,qmof-ee0dc19,3.54531,1.3214415777998427,2277.364408310085,-0.61896,O,8.1729
436469,qmof-ee0dc19,3.54531,1.3214415777998427,2277.364408310085,-0.608289,O,8.1661
436507,qmof-ee0dc19,3.54531,1.3214415777998427,2277.364408310085,-0.611669,O,8.1179
436545,qmof-ee0dc19,3.54531,1.3214415777998427,2277.364408310085,-0.607656,O,8.0967
436583,qmof-ee0dc19,3.54531,1.3214415777998427,2277.364408310085,-0.623595,O,8.1349
436621,qmof-ee0dc19,3.54531,1.3214415777998427,2277.364408310085,-0.61878,O,8.1654
436659,qmof-ee0dc19,3.54531,1.3214415777998427,2277.364408310085,-0.625925,O,8.1783
436697,qmof-ee0dc19,3.54531,1.3214415777998427,2277.364408310085,-0.614913,O,8.1609
436735,qmof-ee0dc19,3.54531,1.3214415777998427,2277.364408310085,-0.618115,O,8.1696
436773,qmof-ee0dc19,3.54531,1.3214415777998427,2277.364408310085,-0.621005,O,8.1686
436811,qmof-ee0dc19,3.54531,1.3214415777998427,2277.364408310085,-0.618848,O,8.1599
436849,qmof-ee0dc19,3.54531,1.3214415777998427,2277.364408310085,-0.623447,O,8.1878
436887,qmof-ee0dc19,3.54531,1.3214415777998427,2277.364408310085,-0.616534,O,8.1658
436925,qmof-ee0dc19,3.54531,1.3214415777998427,2277.364408310085,-0.618115,O,8.2358
436963,qmof-ee0dc19,3.54531,1.3214415777998427,2277.364408310085,-0.623463,O,8.163
437001,qmof-ee0dc19,3.54531,1.3214415777998427,2277.364408310085,-0.617975,O,8.1663
437039,qmof-ee0dc19,3.54531,1.3214415777998427,2277.364408310085,-0.621377,O,8.178
437077,qmof-ee0dc19,3.54531,1.3214415777998427,2277.364408310085,-0.618863,O,8.1552
437115,qmof-ee0dc19,3.54531,1.3214415777998427,2277.364408310085,-1.070193,O,8.1818
437153,qmof-ee0dc19,3.54531,1.3214415777998427,2277.364408310085,-1.068863,O,7.7477
437191,qmof-ee0dc19,3.54531,1.3214415777998427,2277.364408310085,-1.068823,O,7.7482
437229,qmof-ee0dc19,3.54531,1.3214415777998427,2277.364408310085,-1.069541,O,7.7717
437267,qmof-ee0dc19,3.54531,1.3214415777998427,2277.364408310085,-1.148379,O,7.7511
437305,qmof-ee0dc19,3.54531,1.3214415777998427,2277.364408310085,-1.148536,O,8.3066
437343,qmof-ee0dc19,3.54531,1.3214415777998427,2277.364408310085,-1.149458,O,8.2991
437381,qmof-ee0dc19,3.54531,1.3214415777998427,2277.364408310085,-1.15075,O,8.3309
437419,qmof-ee0dc19,3.54531,1.3214415777998427,2277.364408310085,0.415385,O,8.3183
437457,qmof-f204bbf,7.33353,0.4606308741791852,10827.567279909414,2.3741,Zr,3.2487
437495,qmof-f204bbf,7.33353,0.4606308741791852,10827.567279909414,2.373469,Zr,3.25
437533,qmof-f204bbf,7.33353,0.4606308741791852,10827.567279909414,2.374365,Zr,3.2489
437571,qmof-f204bbf,7.33353,0.4606308741791852,10827.567279909414,2.37339,Zr,3.2504
437609,qmof-f204bbf,7.33353,0.4606308741791852,10827.567279909414,2.373294,Zr,3.2497
437647,qmof-f204bbf,7.33353,0.4606308741791852,10827.567279909414,-1.14773,Zr,3.2492
437685,qmof-f204bbf,7.33353,0.4606308741791852,10827.567279909414,-1.068265,O,8.2837
437723,qmof-f204bbf,7.33353,0.4606308741791852,10827.567279909414,-0.612335,O,7.7202
437761,qmof-f204bbf,7.33353,0.4606308741791852,10827.567279909414,-0.613367,O,8.1776
437799,qmof-f204bbf,7.33353,0.4606308741791852,10827.567279909414,-0.631891,O,8.1766
437837,qmof-f204bbf,7.33353,0.4606308741791852,10827.567279909414,-0.632137,O,8.1257
437875,qmof-f204bbf,7.33353,0.4606308741791852,10827.567279909414,-0.612294,O,8.1247
437913,qmof-f204bbf,7.33353,0.4606308741791852,10827.567279909414,-0.611246,O,8.1802
437951,qmof-f204bbf,7.33353,0.4606308741791852,10827.567279909414,-0.632478,O,8.1753
437989,qmof-f204bbf,7.33353,0.4606308741791852,10827.567279909414,-0.630993,O,8.1198
438027,qmof-f204bbf,7.33353,0.4606308741791852,10827.567279909414,-1.069169,O,8.1208
438065,qmof-f204bbf,7.33353,0.4606308741791852,10827.567279909414,-0.611011,O,7.7191
438103,qmof-f204bbf,7.33353,0.4606308741791852,10827.567279909414,-0.613028,O,8.1813
438141,qmof-f204bbf,7.33353,0.4606308741791852,10827.567279909414,-0.632074,O,8.1725
438179,qmof-f204bbf,7.33353,0.4606308741791852,10827.567279909414,-0.631755,O,8.1151
438217,qmof-f204bbf,7.33353,0.4606308741791852,10827.567279909414,-0.610758,O,8.125
438255,qmof-f204bbf,7.33353,0.4606308741791852,10827.567279909414,-0.612781,O,8.1806
438293,qmof-f204bbf,7.33353,0.4606308741791852,10827.567279909414,-0.632607,O,8.1763
438331,qmof-f204bbf,7.33353,0.4606308741791852,10827.567279909414,-0.631097,O,8.1197
438369,qmof-f204bbf,7.33353,0.4606308741791852,10827.567279909414,-1.066994,O,8.1247
438407,qmof-f204bbf,7.33353,0.4606308741791852,10827.567279909414,-0.61188,O,7.719
438445,qmof-f204bbf,7.33353,0.4606308741791852,10827.567279909414,-0.61301,O,8.1808
438483,qmof-f204bbf,7.33353,0.4606308741791852,10827.567279909414,-0.631742,O,8.1742
438521,qmof-f204bbf,7.33353,0.4606308741791852,10827.567279909414,-0.632622,O,8.1189
438559,qmof-f204bbf,7.33353,0.4606308741791852,10827.567279909414,-0.612578,O,8.121
438597,qmof-f204bbf,7.33353,0.4606308741791852,10827.567279909414,-0.612873,O,8.1797
438635,qmof-f204bbf,7.33353,0.4606308741791852,10827.567279909414,-0.6307,O,8.1732
438673,qmof-f204bbf,7.33353,0.4606308741791852,10827.567279909414,-0.63148,O,8.1254
438711,qmof-f204bbf,7.33353,0.4606308741791852,10827.567279909414,-1.067019,O,8.1237
438749,qmof-f204bbf,7.33353,0.4606308741791852,10827.567279909414,-1.147769,O,7.7281
438787,qmof-f204bbf,7.33353,0.4606308741791852,10827.567279909414,-1.14751,O,8.2822
438825,qmof-f204bbf,7.33353,0.4606308741791852,10827.567279909414,-1.148572,O,8.2845
438863,qmof-f204bbf,7.33353,0.4606308741791852,10827.567279909414,0.422375,O,8.2819
438901,qmof-f275516,8.91523,1.1307761485582382,4776.080117792908,2.144101,Hf,2.673
438939,qmof-f275516,8.91523,1.1307761485582382,4776.080117792908,2.157276,Hf,2.6385
438977,qmof-f275516,8.91523,1.1307761485582382,4776.080117792908,2.156371,Hf,2.6684
439015,qmof-f275516,8.91523,1.1307761485582382,4776.080117792908,2.120695,Hf,2.6569
439053,qmof-f275516,8.91523,1.1307761485582382,4776.080117792908,2.11421,Hf,2.7863
439091,qmof-f275516,8.91523,1.1307761485582382,4776.080117792908,-0.580763,Hf,2.792
439129,qmof-f275516,8.91523,1.1307761485582382,4776.080117792908,-0.539531,O,8.115
439167,qmof-f275516,8.91523,1.1307761485582382,4776.080117792908,-0.547876,O,8.022
439205,qmof-f275516,8.91523,1.1307761485582382,4776.080117792908,-0.552937,O,8.0022
439243,qmof-f275516,8.91523,1.1307761485582382,4776.080117792908,-0.533076,O,8.0001
439281,qmof-f275516,8.91523,1.1307761485582382,4776.080117792908,-0.558292,O,8.0535
439319,qmof-f275516,8.91523,1.1307761485582382,4776.080117792908,-0.535892,O,7.9987
439357,qmof-f275516,8.91523,1.1307761485582382,4776.080117792908,-0.555794,O,8.0213
439395,qmof-f275516,8.91523,1.1307761485582382,4776.080117792908,-0.897866,O,7.9866
439433,qmof-f275516,8.91523,1.1307761485582382,4776.080117792908,-0.788846,O,7.4791
439471,qmof-f275516,8.91523,1.1307761485582382,4776.080117792908,-0.786233,O,7.3167
439509,qmof-f275516,8.91523,1.1307761485582382,4776.080117792908,-0.935113,O,7.1614
439547,qmof-f275516,8.91523,1.1307761485582382,4776.080117792908,-1.077516,O,7.2899
439585,qmof-f275516,8.91523,1.1307761485582382,4776.080117792908,-0.954422,O,7.6543
439623,qmof-f275516,8.91523,1.1307761485582382,4776.080117792908,-0.561536,O,7.4299
439661,qmof-f275516,8.91523,1.1307761485582382,4776.080117792908,-0.54432,O,8.0258
439699,qmof-f275516,8.91523,1.1307761485582382,4776.080117792908,-0.57081,O,8.0197
439737,qmof-f275516,8.91523,1.1307761485582382,4776.080117792908,-0.538378,O,8.1131
439775,qmof-f275516,8.91523,1.1307761485582382,4776.080117792908,-0.567885,O,8.0449
439813,qmof-f275516,8.91523,1.1307761485582382,4776.080117792908,-0.536631,O,8.182
439851,qmof-f275516,8.91523,1.1307761485582382,4776.080117792908,-0.559881,O,8.0385
439889,qmof-f275516,8.91523,1.1307761485582382,4776.080117792908,-0.546595,O,8.0588
439927,qmof-f275516,8.91523,1.1307761485582382,4776.080117792908,-0.791227,O,8.0219
439965,qmof-f275516,8.91523,1.1307761485582382,4776.080117792908,-0.903114,O,7.2139
440003,qmof-f275516,8.91523,1.1307761485582382,4776.080117792908,-0.901335,O,7.6745
440041,qmof-f275516,8.91523,1.1307761485582382,4776.080117792908,-0.779166,O,7.4417
440117,qmof-f275516,8.91523,1.1307761485582382,4776.080117792908,-1.074333,O,7.4061
440155,qmof-f275516,8.91523,1.1307761485582382,4776.080117792908,-1.066906,O,7.6264
440193,qmof-f275516,8.91523,1.1307761485582382,4776.080117792908,-0.970476,O,7.6546
440231,qmof-f275516,8.91523,1.1307761485582382,4776.080117792908,-0.972226,O,7.4337
440269,qmof-f275516,8.91523,1.1307761485582382,4776.080117792908,-1.079001,O,7.3622
440307,qmof-f275516,8.91523,1.1307761485582382,4776.080117792908,0.424246,O,7.7251
440345,qmof-f3e6404,9.22755,0.8077244372001966,9472.829195572003,2.154977,Hf,2.6683
440421,qmof-f3e6404,9.22755,0.8077244372001966,9472.829195572003,2.149041,Hf,2.6816
440497,qmof-f3e6404,9.22755,0.8077244372001966,9472.829195572003,2.139769,Hf,2.6722
440573,qmof-f3e6404,9.22755,0.8077244372001966,9472.829195572003,2.123853,Hf,2.6438
440649,qmof-f3e6404,9.22755,0.8077244372001966,9472.829195572003,2.126043,Hf,2.8079
440725,qmof-f3e6404,9.22755,0.8077244372001966,9472.829195572003,2.137617,Hf,2.809
440801,qmof-f3e6404,9.22755,0.8077244372001966,9472.829195572003,2.154874,Hf,2.6445
440877,qmof-f3e6404,9.22755,0.8077244372001966,9472.829195572003,2.146994,Hf,2.6837
440953,qmof-f3e6404,9.22755,0.8077244372001966,9472.829195572003,2.139876,Hf,2.6685
441029,qmof-f3e6404,9.22755,0.8077244372001966,9472.829195572003,2.121777,Hf,2.6415
441105,qmof-f3e6404,9.22755,0.8077244372001966,9472.829195572003,2.126436,Hf,2.8116
441181,qmof-f3e6404,9.22755,0.8077244372001966,9472.829195572003,-0.62905,Hf,2.8053
441257,qmof-f3e6404,9.22755,0.8077244372001966,9472.829195572003,-0.571374,O,8.1645
441333,qmof-f3e6404,9.22755,0.8077244372001966,9472.829195572003,-0.599487,O,8.006
441409,qmof-f3e6404,9.22755,0.8077244372001966,9472.829195572003,-0.581832,O,8.0683
441485,qmof-f3e6404,9.22755,0.8077244372001966,9472.829195572003,-0.593916,O,7.9745
441561,qmof-f3e6404,9.22755,0.8077244372001966,9472.829195572003,-0.585875,O,8.0372
441637,qmof-f3e6404,9.22755,0.8077244372001966,9472.829195572003,-0.568992,O,7.9654
441713,qmof-f3e6404,9.22755,0.8077244372001966,9472.829195572003,-0.594248,O,7.9586
441789,qmof-f3e6404,9.22755,0.8077244372001966,9472.829195572003,-0.892277,O,7.9493
441865,qmof-f3e6404,9.22755,0.8077244372001966,9472.829195572003,-0.788902,O,7.5964
441941,qmof-f3e6404,9.22755,0.8077244372001966,9472.829195572003,-0.790057,O,7.2213
442017,qmof-f3e6404,9.22755,0.8077244372001966,9472.829195572003,-0.892449,O,7.1907
442093,qmof-f3e6404,9.22755,0.8077244372001966,9472.829195572003,-1.060145,O,7.6356
442169,qmof-f3e6404,9.22755,0.8077244372001966,9472.829195572003,-0.975289,O,7.6621
442245,qmof-f3e6404,9.22755,0.8077244372001966,9472.829195572003,-0.62922,O,7.3285
442321,qmof-f3e6404,9.22755,0.8077244372001966,9472.829195572003,-0.568378,O,8.1619
442397,qmof-f3e6404,9.22755,0.8077244372001966,9472.829195572003,-0.602921,O,8.0111
442473,qmof-f3e6404,9.22755,0.8077244372001966,9472.829195572003,-0.578348,O,8.0602
442549,qmof-f3e6404,9.22755,0.8077244372001966,9472.829195572003,-0.603543,O,7.9757
442625,qmof-f3e6404,9.22755,0.8077244372001966,9472.829195572003,-0.581825,O,8.1388
442701,qmof-f3e6404,9.22755,0.8077244372001966,9472.829195572003,-0.572885,O,7.9943
442777,qmof-f3e6404,9.22755,0.8077244372001966,9472.829195572003,-0.59294,O,7.9486
442853,qmof-f3e6404,9.22755,0.8077244372001966,9472.829195572003,-0.786688,O,7.9559
442929,qmof-f3e6404,9.22755,0.8077244372001966,9472.829195572003,-0.892888,O,7.2026
443005,qmof-f3e6404,9.22755,0.8077244372001966,9472.829195572003,-0.896896,O,7.6032
443081,qmof-f3e6404,9.22755,0.8077244372001966,9472.829195572003,-0.792901,O,7.6352
443157,qmof-f3e6404,9.22755,0.8077244372001966,9472.829195572003,-0.9683,O,7.1897
443233,qmof-f3e6404,9.22755,0.8077244372001966,9472.829195572003,-1.057223,O,7.3464
443309,qmof-f3e6404,9.22755,0.8077244372001966,9472.829195572003,-1.059468,O,7.6187
443385,qmof-f3e6404,9.22755,0.8077244372001966,9472.829195572003,-0.979948,O,7.631
443461,qmof-f3e6404,9.22755,0.8077244372001966,9472.829195572003,-0.973953,O,7.3196
443537,qmof-f3e6404,9.22755,0.8077244372001966,9472.829195572003,-1.058274,O,7.3244
443613,qmof-f3e6404,9.22755,0.8077244372001966,9472.829195572003,-0.603534,O,7.6605
443689,qmof-f3e6404,9.22755,0.8077244372001966,9472.829195572003,-0.581349,O,8.0552
443765,qmof-f3e6404,9.22755,0.8077244372001966,9472.829195572003,-0.601555,O,7.9932
443841,qmof-f3e6404,9.22755,0.8077244372001966,9472.829195572003,-0.583178,O,8.0609
443917,qmof-f3e6404,9.22755,0.8077244372001966,9472.829195572003,-0.596204,O,7.9689
443993,qmof-f3e6404,9.22755,0.8077244372001966,9472.829195572003,-0.584234,O,8.0365
444069,qmof-f3e6404,9.22755,0.8077244372001966,9472.829195572003,-0.604408,O,7.9665
444145,qmof-f3e6404,9.22755,0.8077244372001966,9472.829195572003,-0.581359,O,8.1327
444221,qmof-f3e6404,9.22755,0.8077244372001966,9472.829195572003,-0.893561,O,7.9798
444297,qmof-f3e6404,9.22755,0.8077244372001966,9472.829195572003,-0.788244,O,7.6304
444373,qmof-f3e6404,9.22755,0.8077244372001966,9472.829195572003,-0.789363,O,7.1579
444449,qmof-f3e6404,9.22755,0.8077244372001966,9472.829195572003,-0.891081,O,7.1822
444525,qmof-f3e6404,9.22755,0.8077244372001966,9472.829195572003,-1.06048,O,7.6267
444601,qmof-f3e6404,9.22755,0.8077244372001966,9472.829195572003,-0.970081,O,7.6545
444677,qmof-f3e6404,9.22755,0.8077244372001966,9472.829195572003,-0.627861,O,7.3351
444753,qmof-f3e6404,9.22755,0.8077244372001966,9472.829195572003,-0.570727,O,8.1671
444829,qmof-f3e6404,9.22755,0.8077244372001966,9472.829195572003,-0.603078,O,8.0136
444905,qmof-f3e6404,9.22755,0.8077244372001966,9472.829195572003,-0.580299,O,8.0481
444981,qmof-f3e6404,9.22755,0.8077244372001966,9472.829195572003,-0.602123,O,7.9683
445057,qmof-f3e6404,9.22755,0.8077244372001966,9472.829195572003,-0.583283,O,8.1413
445133,qmof-f3e6404,9.22755,0.8077244372001966,9472.829195572003,-0.572352,O,7.9873
445209,qmof-f3e6404,9.22755,0.8077244372001966,9472.829195572003,-0.594557,O,7.9343
445285,qmof-f3e6404,9.22755,0.8077244372001966,9472.829195572003,-0.784123,O,7.9435
445361,qmof-f3e6404,9.22755,0.8077244372001966,9472.829195572003,-0.893822,O,7.201
445437,qmof-f3e6404,9.22755,0.8077244372001966,9472.829195572003,-0.897204,O,7.5784
445513,qmof-f3e6404,9.22755,0.8077244372001966,9472.829195572003,-0.793411,O,7.6389
445589,qmof-f3e6404,9.22755,0.8077244372001966,9472.829195572003,-0.967065,O,7.1847
445665,qmof-f3e6404,9.22755,0.8077244372001966,9472.829195572003,-1.060492,O,7.3438
445741,qmof-f3e6404,9.22755,0.8077244372001966,9472.829195572003,-1.073733,O,7.6242
445817,qmof-f3e6404,9.22755,0.8077244372001966,9472.829195572003,-0.978865,O,7.6141
445893,qmof-f3e6404,9.22755,0.8077244372001966,9472.829195572003,-0.953344,O,7.3232
445969,qmof-f3e6404,9.22755,0.8077244372001966,9472.829195572003,-1.056879,O,7.3553
446045,qmof-f3e6404,9.22755,0.8077244372001966,9472.829195572003,0.415792,O,7.649
447565,qmof-f5f84d4,3.44891,1.4899776822301614,2294.219535700885,2.379161,Zr,3.2388
447603,qmof-f5f84d4,3.44891,1.4899776822301614,2294.219535700885,2.37773,Zr,3.2411
447641,qmof-f5f84d4,3.44891,1.4899776822301614,2294.219535700885,2.376416,Zr,3.2478
447679,qmof-f5f84d4,3.44891,1.4899776822301614,2294.219535700885,2.378207,Zr,3.2448
447717,qmof-f5f84d4,3.44891,1.4899776822301614,2294.219535700885,2.379709,Zr,3.2349
447755,qmof-f5f84d4,3.44891,1.4899776822301614,2294.219535700885,-0.620296,Zr,3.2381
447793,qmof-f5f84d4,3.44891,1.4899776822301614,2294.219535700885,-0.61861,O,8.0778
447831,qmof-f5f84d4,3.44891,1.4899776822301614,2294.219535700885,-0.621189,O,8.0025
447869,qmof-f5f84d4,3.44891,1.4899776822301614,2294.219535700885,-0.617644,O,8.0274
447907,qmof-f5f84d4,3.44891,1.4899776822301614,2294.219535700885,-0.625444,O,8.0086
447945,qmof-f5f84d4,3.44891,1.4899776822301614,2294.219535700885,-0.621788,O,8.1073
447983,qmof-f5f84d4,3.44891,1.4899776822301614,2294.219535700885,-0.622417,O,8.0277
448021,qmof-f5f84d4,3.44891,1.4899776822301614,2294.219535700885,-0.621156,O,8.0993
448059,qmof-f5f84d4,3.44891,1.4899776822301614,2294.219535700885,-0.621937,O,8.0231
448097,qmof-f5f84d4,3.44891,1.4899776822301614,2294.219535700885,-0.620666,O,8.0176
448135,qmof-f5f84d4,3.44891,1.4899776822301614,2294.219535700885,-0.62332,O,8.0485
448173,qmof-f5f84d4,3.44891,1.4899776822301614,2294.219535700885,-0.617648,O,8.0127
448211,qmof-f5f84d4,3.44891,1.4899776822301614,2294.219535700885,-0.608199,O,8.0308
448249,qmof-f5f84d4,3.44891,1.4899776822301614,2294.219535700885,-0.603587,O,8.1724
448287,qmof-f5f84d4,3.44891,1.4899776822301614,2294.219535700885,-0.606453,O,8.1778
448325,qmof-f5f84d4,3.44891,1.4899776822301614,2294.219535700885,-0.605879,O,8.1984
448363,qmof-f5f84d4,3.44891,1.4899776822301614,2294.219535700885,-0.60747,O,8.1607
448401,qmof-f5f84d4,3.44891,1.4899776822301614,2294.219535700885,-0.605892,O,8.1277
448439,qmof-f5f84d4,3.44891,1.4899776822301614,2294.219535700885,-0.609399,O,8.1323
448477,qmof-f5f84d4,3.44891,1.4899776822301614,2294.219535700885,-0.608032,O,8.0922
448515,qmof-f5f84d4,3.44891,1.4899776822301614,2294.219535700885,-0.60967,O,8.1408
448553,qmof-f5f84d4,3.44891,1.4899776822301614,2294.219535700885,-0.601642,O,8.1297
448591,qmof-f5f84d4,3.44891,1.4899776822301614,2294.219535700885,-0.608468,O,8.164
448629,qmof-f5f84d4,3.44891,1.4899776822301614,2294.219535700885,-0.603138,O,8.1348
448667,qmof-f5f84d4,3.44891,1.4899776822301614,2294.219535700885,-1.069718,O,8.1608
448705,qmof-f5f84d4,3.44891,1.4899776822301614,2294.219535700885,-1.066682,O,7.7547
448743,qmof-f5f84d4,3.44891,1.4899776822301614,2294.219535700885,-1.070958,O,7.7154
448781,qmof-f5f84d4,3.44891,1.4899776822301614,2294.219535700885,-1.07172,O,7.7753
448819,qmof-f5f84d4,3.44891,1.4899776822301614,2294.219535700885,-1.149439,O,7.7393
448857,qmof-f5f84d4,3.44891,1.4899776822301614,2294.219535700885,-1.149654,O,8.29
448895,qmof-f5f84d4,3.44891,1.4899776822301614,2294.219535700885,-1.149012,O,8.2952
448933,qmof-f5f84d4,3.44891,1.4899776822301614,2294.219535700885,-1.148923,O,8.2983
448971,qmof-f5f84d4,3.44891,1.4899776822301614,2294.219535700885,0.422872,O,8.2936
449009,qmof-f62972b,5.36479,0.8856821265191115,5124.61404177372,2.374273,Zr,3.2638
449047,qmof-f62972b,5.36479,0.8856821265191115,5124.61404177372,2.373477,Zr,3.2625
449085,qmof-f62972b,5.36479,0.8856821265191115,5124.61404177372,2.374894,Zr,3.2394
449123,qmof-f62972b,5.36479,0.8856821265191115,5124.61404177372,2.374565,Zr,3.2647
449161,qmof-f62972b,5.36479,0.8856821265191115,5124.61404177372,2.373885,Zr,3.2413
449199,qmof-f62972b,5.36479,0.8856821265191115,5124.61404177372,-0.610444,Zr,3.2395
449237,qmof-f62972b,5.36479,0.8856821265191115,5124.61404177372,-0.599193,O,8.0847
449275,qmof-f62972b,5.36479,0.8856821265191115,5124.61404177372,-0.599997,O,8.206
449313,qmof-f62972b,5.36479,0.8856821265191115,5124.61404177372,-0.613055,O,8.215
449351,qmof-f62972b,5.36479,0.8856821265191115,5124.61404177372,-0.638324,O,8.0911
449389,qmof-f62972b,5.36479,0.8856821265191115,5124.61404177372,-0.637104,O,8.1417
449427,qmof-f62972b,5.36479,0.8856821265191115,5124.61404177372,-0.638915,O,8.0228
449465,qmof-f62972b,5.36479,0.8856821265191115,5124.61404177372,-0.635622,O,8.0148
449503,qmof-f62972b,5.36479,0.8856821265191115,5124.61404177372,-1.145484,O,8.1363
449541,qmof-f62972b,5.36479,0.8856821265191115,5124.61404177372,-1.14569,O,8.2631
449579,qmof-f62972b,5.36479,0.8856821265191115,5124.61404177372,-1.063372,O,8.2638
449617,qmof-f62972b,5.36479,0.8856821265191115,5124.61404177372,-1.071178,O,7.7492
449655,qmof-f62972b,5.36479,0.8856821265191115,5124.61404177372,-0.613586,O,7.7265
449693,qmof-f62972b,5.36479,0.8856821265191115,5124.61404177372,-0.602863,O,8.0871
449731,qmof-f62972b,5.36479,0.8856821265191115,5124.61404177372,-0.600782,O,8.1885
449769,qmof-f62972b,5.36479,0.8856821265191115,5124.61404177372,-0.608126,O,8.2109
449807,qmof-f62972b,5.36479,0.8856821265191115,5124.61404177372,-0.601952,O,8.0895
449845,qmof-f62972b,5.36479,0.8856821265191115,5124.61404177372,-0.612085,O,8.1916
449883,qmof-f62972b,5.36479,0.8856821265191115,5124.61404177372,-0.610433,O,8.097
449921,qmof-f62972b,5.36479,0.8856821265191115,5124.61404177372,-0.602539,O,8.0851
449959,qmof-f62972b,5.36479,0.8856821265191115,5124.61404177372,-0.636325,O,8.196
449997,qmof-f62972b,5.36479,0.8856821265191115,5124.61404177372,-0.649416,O,8.141
450035,qmof-f62972b,5.36479,0.8856821265191115,5124.61404177372,-0.637844,O,8.0347
450073,qmof-f62972b,5.36479,0.8856821265191115,5124.61404177372,-0.637303,O,8.0166
450111,qmof-f62972b,5.36479,0.8856821265191115,5124.61404177372,-0.64811,O,8.1417
450149,qmof-f62972b,5.36479,0.8856821265191115,5124.61404177372,-0.635228,O,8.0296
450187,qmof-f62972b,5.36479,0.8856821265191115,5124.61404177372,-0.637449,O,8.1398
450225,qmof-f62972b,5.36479,0.8856821265191115,5124.61404177372,-0.650342,O,8.1382
450263,qmof-f62972b,5.36479,0.8856821265191115,5124.61404177372,-1.147748,O,8.0285
450301,qmof-f62972b,5.36479,0.8856821265191115,5124.61404177372,-1.147064,O,8.2781
450339,qmof-f62972b,5.36479,0.8856821265191115,5124.61404177372,-1.07149,O,8.2608
450377,qmof-f62972b,5.36479,0.8856821265191115,5124.61404177372,-1.072987,O,7.724
450415,qmof-f62972b,5.36479,0.8856821265191115,5124.61404177372,0.129151,O,7.725
450453,qmof-f848b6b,3.48933,1.1266178180193536,3531.771769418839,2.384906,Zr,3.2746
450491,qmof-f848b6b,3.48933,1.1266178180193536,3531.771769418839,2.369767,Zr,3.2746
450529,qmof-f848b6b,3.48933,1.1266178180193536,3531.771769418839,2.369685,Zr,3.2283
450567,qmof-f848b6b,3.48933,1.1266178180193536,3531.771769418839,2.376327,Zr,3.2283
450605,qmof-f848b6b,3.48933,1.1266178180193536,3531.771769418839,2.376364,Zr,3.253
450643,qmof-f848b6b,3.48933,1.1266178180193536,3531.771769418839,-0.60343,Zr,3.253
450681,qmof-f848b6b,3.48933,1.1266178180193536,3531.771769418839,-0.603506,O,8.0569
450719,qmof-f848b6b,3.48933,1.1266178180193536,3531.771769418839,-0.603422,O,8.0569
450757,qmof-f848b6b,3.48933,1.1266178180193536,3531.771769418839,-0.603407,O,8.0569
450795,qmof-f848b6b,3.48933,1.1266178180193536,3531.771769418839,-0.61995,O,8.0569
450833,qmof-f848b6b,3.48933,1.1266178180193536,3531.771769418839,-0.619916,O,8.1768
450871,qmof-f848b6b,3.48933,1.1266178180193536,3531.771769418839,-0.61991,O,8.1769
450909,qmof-f848b6b,3.48933,1.1266178180193536,3531.771769418839,-0.619962,O,8.1769
450947,qmof-f848b6b,3.48933,1.1266178180193536,3531.771769418839,-0.606969,O,8.1768
450985,qmof-f848b6b,3.48933,1.1266178180193536,3531.771769418839,-0.606944,O,8.0787
451023,qmof-f848b6b,3.48933,1.1266178180193536,3531.771769418839,-0.60701,O,8.0786
451061,qmof-f848b6b,3.48933,1.1266178180193536,3531.771769418839,-0.606998,O,8.0787
451099,qmof-f848b6b,3.48933,1.1266178180193536,3531.771769418839,-0.620527,O,8.0787
451137,qmof-f848b6b,3.48933,1.1266178180193536,3531.771769418839,-0.620546,O,8.171
451175,qmof-f848b6b,3.48933,1.1266178180193536,3531.771769418839,-0.620623,O,8.171
451213,qmof-f848b6b,3.48933,1.1266178180193536,3531.771769418839,-0.62058,O,8.171
451251,qmof-f848b6b,3.48933,1.1266178180193536,3531.771769418839,-0.607259,O,8.1709
451289,qmof-f848b6b,3.48933,1.1266178180193536,3531.771769418839,-0.607314,O,8.0496
451327,qmof-f848b6b,3.48933,1.1266178180193536,3531.771769418839,-0.607184,O,8.0497
451365,qmof-f848b6b,3.48933,1.1266178180193536,3531.771769418839,-0.607245,O,8.0498
451403,qmof-f848b6b,3.48933,1.1266178180193536,3531.771769418839,-0.618257,O,8.0497
451441,qmof-f848b6b,3.48933,1.1266178180193536,3531.771769418839,-0.618296,O,8.137
451479,qmof-f848b6b,3.48933,1.1266178180193536,3531.771769418839,-0.618388,O,8.137
451517,qmof-f848b6b,3.48933,1.1266178180193536,3531.771769418839,-0.618352,O,8.137
451555,qmof-f848b6b,3.48933,1.1266178180193536,3531.771769418839,-1.071655,O,8.137
451593,qmof-f848b6b,3.48933,1.1266178180193536,3531.771769418839,-1.071813,O,7.719
451631,qmof-f848b6b,3.48933,1.1266178180193536,3531.771769418839,-1.07178,O,7.719
451669,qmof-f848b6b,3.48933,1.1266178180193536,3531.771769418839,-1.071672,O,7.719
451707,qmof-f848b6b,3.48933,1.1266178180193536,3531.771769418839,-1.151331,O,7.7189
451745,qmof-f848b6b,3.48933,1.1266178180193536,3531.771769418839,-1.151392,O,8.2766
451783,qmof-f848b6b,3.48933,1.1266178180193536,3531.771769418839,-1.151339,O,8.2765
451821,qmof-f848b6b,3.48933,1.1266178180193536,3531.771769418839,-1.151403,O,8.2765
451859,qmof-f848b6b,3.48933,1.1266178180193536,3531.771769418839,0.422757,O,8.2765
451897,qmof-fa2b07a,5.31222,1.066282185579565,5072.044481624497,2.142925,Hf,2.8329
451935,qmof-fa2b07a,5.31222,1.066282185579565,5072.044481624497,2.140586,Hf,2.8319
451973,qmof-fa2b07a,5.31222,1.066282185579565,5072.044481624497,2.144608,Hf,2.8093
452011,qmof-fa2b07a,5.31222,1.066282185579565,5072.044481624497,2.14338,Hf,2.8323
452049,qmof-fa2b07a,5.31222,1.066282185579565,5072.044481624497,2.141199,Hf,2.8103
452087,qmof-fa2b07a,5.31222,1.066282185579565,5072.044481624497,-0.574721,Hf,2.8092
452125,qmof-fa2b07a,5.31222,1.066282185579565,5072.044481624497,-0.563353,O,7.8932
452163,qmof-fa2b07a,5.31222,1.066282185579565,5072.044481624497,-0.563218,O,7.9863
452201,qmof-fa2b07a,5.31222,1.066282185579565,5072.044481624497,-0.577406,O,7.9973
452239,qmof-fa2b07a,5.31222,1.066282185579565,5072.044481624497,-0.597925,O,7.8974
452277,qmof-fa2b07a,5.31222,1.066282185579565,5072.044481624497,-0.596744,O,7.9429
452315,qmof-fa2b07a,5.31222,1.066282185579565,5072.044481624497,-0.59848,O,7.8625
452353,qmof-fa2b07a,5.31222,1.066282185579565,5072.044481624497,-0.593737,O,7.8573
452391,qmof-fa2b07a,5.31222,1.066282185579565,5072.044481624497,-1.055989,O,7.9155
452429,qmof-fa2b07a,5.31222,1.066282185579565,5072.044481624497,-1.054849,O,7.5549
452467,qmof-fa2b07a,5.31222,1.066282185579565,5072.044481624497,-0.986552,O,7.553
452505,qmof-fa2b07a,5.31222,1.066282185579565,5072.044481624497,-0.994501,O,7.3545
452543,qmof-fa2b07a,5.31222,1.066282185579565,5072.044481624497,-0.579086,O,7.2651
452581,qmof-fa2b07a,5.31222,1.066282185579565,5072.044481624497,-0.568192,O,7.894
452619,qmof-fa2b07a,5.31222,1.066282185579565,5072.044481624497,-0.564691,O,7.973
452657,qmof-fa2b07a,5.31222,1.066282185579565,5072.044481624497,-0.573616,O,7.991
452695,qmof-fa2b07a,5.31222,1.066282185579565,5072.044481624497,-0.566225,O,7.8995
452733,qmof-fa2b07a,5.31222,1.066282185579565,5072.044481624497,-0.577826,O,7.9745
452771,qmof-fa2b07a,5.31222,1.066282185579565,5072.044481624497,-0.574893,O,7.901
452809,qmof-fa2b07a,5.31222,1.066282185579565,5072.044481624497,-0.568653,O,7.8965
452847,qmof-fa2b07a,5.31222,1.066282185579565,5072.044481624497,-0.592987,O,7.9817
452885,qmof-fa2b07a,5.31222,1.066282185579565,5072.044481624497,-0.611749,O,7.9211
452923,qmof-fa2b07a,5.31222,1.066282185579565,5072.044481624497,-0.597966,O,7.9061
452961,qmof-fa2b07a,5.31222,1.066282185579565,5072.044481624497,-0.598054,O,7.858
452999,qmof-fa2b07a,5.31222,1.066282185579565,5072.044481624497,-0.610197,O,7.9442
453037,qmof-fa2b07a,5.31222,1.066282185579565,5072.044481624497,-0.593839,O,7.9057
453075,qmof-fa2b07a,5.31222,1.066282185579565,5072.044481624497,-0.596899,O,7.9203
453113,qmof-fa2b07a,5.31222,1.066282185579565,5072.044481624497,-0.611435,O,7.9399
453151,qmof-fa2b07a,5.31222,1.066282185579565,5072.044481624497,-1.060372,O,7.9044
453189,qmof-fa2b07a,5.31222,1.066282185579565,5072.044481624497,-1.055531,O,7.622
453227,qmof-fa2b07a,5.31222,1.066282185579565,5072.044481624497,-0.995359,O,7.5498
453265,qmof-fa2b07a,5.31222,1.066282185579565,5072.044481624497,-0.995187,O,7.261
453303,qmof-fa2b07a,5.31222,1.066282185579565,5072.044481624497,0.128695,O,7.2626
453493,qmof-faede09,9.98198,0.5976211523636606,5079.550812903441,2.359847,Zr,3.2638
453531,qmof-faede09,9.98198,0.5976211523636606,5079.550812903441,-0.633896,Zr,3.2637
453569,qmof-faede09,9.98198,0.5976211523636606,5079.550812903441,-0.58571,O,8.1511
453607,qmof-faede09,9.98198,0.5976211523636606,5079.550812903441,-0.633962,O,8.1583
453645,qmof-faede09,9.98198,0.5976211523636606,5079.550812903441,-0.585796,O,8.1544
453683,qmof-faede09,9.98198,0.5976211523636606,5079.550812903441,-0.600323,O,8.1527
453721,qmof-faede09,9.98198,0.5976211523636606,5079.550812903441,-0.595365,O,8.2735
453759,qmof-faede09,9.98198,0.5976211523636606,5079.550812903441,-0.601292,O,8.1379
453797,qmof-faede09,9.98198,0.5976211523636606,5079.550812903441,-0.596165,O,8.2596
453835,qmof-faede09,9.98198,0.5976211523636606,5079.550812903441,-0.962411,O,8.1191
453873,qmof-faede09,9.98198,0.5976211523636606,5079.550812903441,-0.778251,O,7.4221
453987,qmof-faede09,9.98198,0.5976211523636606,5079.550812903441,-1.182756,O,7.4313
454025,qmof-faede09,9.98198,0.5976211523636606,5079.550812903441,-1.051418,O,8.3376
454063,qmof-faede09,9.98198,0.5976211523636606,5079.550812903441,-0.633799,O,7.8073
454101,qmof-faede09,9.98198,0.5976211523636606,5079.550812903441,-0.584976,O,8.1505
454139,qmof-faede09,9.98198,0.5976211523636606,5079.550812903441,-0.632412,O,8.1545
454177,qmof-faede09,9.98198,0.5976211523636606,5079.550812903441,-0.585856,O,8.1502
454215,qmof-faede09,9.98198,0.5976211523636606,5079.550812903441,-0.598697,O,8.156
454253,qmof-faede09,9.98198,0.5976211523636606,5079.550812903441,-0.595417,O,8.2675
454291,qmof-faede09,9.98198,0.5976211523636606,5079.550812903441,-0.601173,O,8.1145
454329,qmof-faede09,9.98198,0.5976211523636606,5079.550812903441,-0.596824,O,8.2852
454367,qmof-faede09,9.98198,0.5976211523636606,5079.550812903441,-0.779059,O,8.1362
454443,qmof-faede09,9.98198,0.5976211523636606,5079.550812903441,-0.963318,O,7.4333
454481,qmof-faede09,9.98198,0.5976211523636606,5079.550812903441,-0.778866,O,7.4267
454557,qmof-faede09,9.98198,0.5976211523636606,5079.550812903441,-1.182574,O,7.8034
454595,qmof-faede09,9.98198,0.5976211523636606,5079.550812903441,-1.183462,O,8.3418
454633,qmof-faede09,9.98198,0.5976211523636606,5079.550812903441,-1.051826,O,8.3478
454671,qmof-faede09,9.98198,0.5976211523636606,5079.550812903441,-1.050703,O,7.8026
454709,qmof-faede09,9.98198,0.5976211523636606,5079.550812903441,-1.182458,O,7.8073
454747,qmof-faede09,9.98198,0.5976211523636606,5079.550812903441,0.440073,O,8.3398
454981,qmof-fbe14b0,5.1818,0.8474213818034075,4888.735044264589,2.374292,Zr,3.2485
455027,qmof-fbe14b0,5.1818,0.8474213818034075,4888.735044264589,2.373653,Zr,3.2492
455073,qmof-fbe14b0,5.1818,0.8474213818034075,4888.735044264589,2.373626,Zr,3.2432
455119,qmof-fbe14b0,5.1818,0.8474213818034075,4888.735044264589,2.37362,Zr,3.2429
455165,qmof-fbe14b0,5.1818,0.8474213818034075,4888.735044264589,2.373051,Zr,3.2545
455211,qmof-fbe14b0,5.1818,0.8474213818034075,4888.735044264589,-0.623366,Zr,3.2533
455257,qmof-fbe14b0,5.1818,0.8474213818034075,4888.735044264589,-0.622457,O,8.1613
455303,qmof-fbe14b0,5.1818,0.8474213818034075,4888.735044264589,-0.623993,O,8.162
455349,qmof-fbe14b0,5.1818,0.8474213818034075,4888.735044264589,-0.62423,O,8.1157
455395,qmof-fbe14b0,5.1818,0.8474213818034075,4888.735044264589,-0.606788,O,8.1007
455441,qmof-fbe14b0,5.1818,0.8474213818034075,4888.735044264589,-0.622118,O,8.2841
455487,qmof-fbe14b0,5.1818,0.8474213818034075,4888.735044264589,-0.607293,O,8.1369
455533,qmof-fbe14b0,5.1818,0.8474213818034075,4888.735044264589,-0.622713,O,8.283
455579,qmof-fbe14b0,5.1818,0.8474213818034075,4888.735044264589,-0.618912,O,8.1367
455625,qmof-fbe14b0,5.1818,0.8474213818034075,4888.735044264589,-0.617444,O,8.1633
455671,qmof-fbe14b0,5.1818,0.8474213818034075,4888.735044264589,-0.617051,O,8.1656
455717,qmof-fbe14b0,5.1818,0.8474213818034075,4888.735044264589,-0.61874,O,8.1647
455763,qmof-fbe14b0,5.1818,0.8474213818034075,4888.735044264589,-0.628492,O,8.1638
455809,qmof-fbe14b0,5.1818,0.8474213818034075,4888.735044264589,-0.628651,O,8.1506
455855,qmof-fbe14b0,5.1818,0.8474213818034075,4888.735044264589,-0.623328,O,8.1511
455901,qmof-fbe14b0,5.1818,0.8474213818034075,4888.735044264589,-0.624204,O,8.1603
455947,qmof-fbe14b0,5.1818,0.8474213818034075,4888.735044264589,-0.602655,O,8.1605
455993,qmof-fbe14b0,5.1818,0.8474213818034075,4888.735044264589,-0.620388,O,8.2519
456039,qmof-fbe14b0,5.1818,0.8474213818034075,4888.735044264589,-0.603283,O,8.1385
456085,qmof-fbe14b0,5.1818,0.8474213818034075,4888.735044264589,-0.619301,O,8.2584
456131,qmof-fbe14b0,5.1818,0.8474213818034075,4888.735044264589,-0.622713,O,8.1378
456177,qmof-fbe14b0,5.1818,0.8474213818034075,4888.735044264589,-0.623821,O,8.1362
456223,qmof-fbe14b0,5.1818,0.8474213818034075,4888.735044264589,-0.623652,O,8.1403
456269,qmof-fbe14b0,5.1818,0.8474213818034075,4888.735044264589,-0.623071,O,8.1396
456315,qmof-fbe14b0,5.1818,0.8474213818034075,4888.735044264589,-1.067735,O,8.1366
456361,qmof-fbe14b0,5.1818,0.8474213818034075,4888.735044264589,-1.068501,O,7.7151
456407,qmof-fbe14b0,5.1818,0.8474213818034075,4888.735044264589,-1.069943,O,7.7155
456453,qmof-fbe14b0,5.1818,0.8474213818034075,4888.735044264589,-1.069329,O,7.7326
456499,qmof-fbe14b0,5.1818,0.8474213818034075,4888.735044264589,-1.148219,O,7.7418
456545,qmof-fbe14b0,5.1818,0.8474213818034075,4888.735044264589,-1.148346,O,8.2685
456591,qmof-fbe14b0,5.1818,0.8474213818034075,4888.735044264589,-1.149255,O,8.2683
456637,qmof-fbe14b0,5.1818,0.8474213818034075,4888.735044264589,-1.149304,O,8.2779
456683,qmof-fbe14b0,5.1818,0.8474213818034075,4888.735044264589,-0.442761,O,8.2783
456775,qmof-fbe14b0,5.1818,0.8474213818034075,4888.735044264589,-0.46082,O,8.4227
456867,qmof-fbe14b0,5.1818,0.8474213818034075,4888.735044264589,-0.459951,O,8.6897
456959,qmof-fbe14b0,5.1818,0.8474213818034075,4888.735044264589,-0.442951,O,8.6892
457051,qmof-fbe14b0,5.1818,0.8474213818034075,4888.735044264589,0.420841,O,8.423
463837,qmof-fe78703,6.48947,1.3003199974250674,1512.1099758395324,-0.670625,O,8.2555
463865,qmof-fe78703,6.48947,1.3003199974250674,1512.1099758395324,-0.625724,O,8.2823
463893,qmof-fe78703,6.48947,1.3003199974250674,1512.1099758395324,-0.601072,O,8.3716
463921,qmof-fe78703,6.48947,1.3003199974250674,1512.1099758395324,-0.670652,O,8.2555
463949,qmof-fe78703,6.48947,1.3003199974250674,1512.1099758395324,-0.625735,O,8.2823
463977,qmof-fe78703,6.48947,1.3003199974250674,1512.1099758395324,-0.601133,O,8.3716
464005,qmof-fe78703,6.48947,1.3003199974250674,1512.1099758395324,-0.670721,O,8.2555
464033,qmof-fe78703,6.48947,1.3003199974250674,1512.1099758395324,-0.625792,O,8.2823
464061,qmof-fe78703,6.48947,1.3003199974250674,1512.1099758395324,-0.601198,O,8.3715
464089,qmof-fe78703,6.48947,1.3003199974250674,1512.1099758395324,-0.670777,O,8.2555
464117,qmof-fe78703,6.48947,1.3003199974250674,1512.1099758395324,-0.625791,O,8.2823
464145,qmof-fe78703,6.48947,1.3003199974250674,1512.1099758395324,-0.601134,O,8.3715
464173,qmof-fe78703,6.48947,1.3003199974250674,1512.1099758395324,-0.670782,O,8.2555
464201,qmof-fe78703,6.48947,1.3003199974250674,1512.1099758395324,-0.625822,O,8.2823
464229,qmof-fe78703,6.48947,1.3003199974250674,1512.1099758395324,-0.601042,O,8.3715
464257,qmof-fe78703,6.48947,1.3003199974250674,1512.1099758395324,-0.670796,O,8.2555
464285,qmof-fe78703,6.48947,1.3003199974250674,1512.1099758395324,-0.625857,O,8.2823
464313,qmof-fe78703,6.48947,1.3003199974250674,1512.1099758395324,-0.601255,O,8.3715
464341,qmof-fe78703,6.48947,1.3003199974250674,1512.1099758395324,-0.670658,O,8.2555
464369,qmof-fe78703,6.48947,1.3003199974250674,1512.1099758395324,-0.625768,O,8.2823
464397,qmof-fe78703,6.48947,1.3003199974250674,1512.1099758395324,-0.601236,O,8.3716
464425,qmof-fe78703,6.48947,1.3003199974250674,1512.1099758395324,-0.670667,O,8.2555
464453,qmof-fe78703,6.48947,1.3003199974250674,1512.1099758395324,-0.625737,O,8.2823
464481,qmof-fe78703,6.48947,1.3003199974250674,1512.1099758395324,0.126195,O,8.3716
