qmof_id,target,actual,predicted,residual,atom_i
qmof-04b4379,U,8.0717,8.09271471775183,-0.021014717751830503,O
qmof-04b4379,U,8.0717,8.093499638678018,-0.021799638678018596,O
qmof-04b4379,U,7.6567,8.093498834318401,-0.4367988343184015,O
qmof-04b4379,U,7.6569,8.146127313209448,-0.48922731320944735,O
qmof-0798d7e,U,2.7092,2.7017994743930895,0.007400525606910513,Hf
qmof-0798d7e,U,2.7108,2.703332583822956,0.007467416177044051,Hf
qmof-0798d7e,U,2.5293,2.702711148988911,-0.17341114898891075,Hf
qmof-0798d7e,U,2.6048,2.703129348959745,-0.09832934895974521,Hf
qmof-0798d7e,U,2.4905,2.7035930287639207,-0.21309302876392078,Hf
qmof-0798d7e,U,2.5905,2.606959778009845,-0.016459778009844772,Hf
qmof-0798d7e,U,7.9215,7.883418875536446,0.03808112446355416,O
qmof-0798d7e,U,8.1098,7.88334289706763,0.2264571029323701,O
qmof-0798d7e,U,8.284,7.884647970546098,0.3993520294539028,O
qmof-0798d7e,U,7.8967,7.883718633553688,0.012981366446312315,O
qmof-0798d7e,U,8.1377,7.884712922585164,0.2529870774148364,O
qmof-0798d7e,U,8.0551,7.867228524076989,0.18787147592301068,O
qmof-0798d7e,U,7.7903,7.871167908815885,-0.08086790881588435,O
qmof-0798d7e,U,7.4357,7.871980747723775,-0.43628074772377534,O
qmof-0798d7e,U,7.4842,7.868108459982926,-0.38390845998292544,O
qmof-0798d7e,U,7.7431,7.872887193982086,-0.12978719398208582,O
qmof-0798d7e,U,7.5882,7.878388980246898,-0.29018898024689843,O
qmof-0798d7e,U,7.7789,7.872149897848219,-0.09324989784821902,O
qmof-0798d7e,U,7.4389,7.867431390275376,-0.428531390275376,O
qmof-0798d7e,U,7.6697,7.871560201704057,-0.20186020170405694,O
qmof-0798d7e,U,7.3286,7.872105356434432,-0.5435053564344319,O
qmof-0798d7e,U,7.1682,7.88611009523977,-0.7179100952397706,O
qmof-0798d7e,U,8.201,7.881308001296734,0.3196919987032665,O
qmof-0798d7e,U,8.1272,7.871465689449069,0.2557343105509311,O
qmof-0798d7e,U,7.3265,7.884612880357809,-0.5581128803578084,O
qmof-0798d7e,U,7.9521,7.874038132048961,0.07806186795103898,O
qmof-0798d7e,U,7.3727,7.8756451755336165,-0.5029451755336165,O
qmof-0798d7e,U,7.273,7.877349680591857,-0.6043496805918576,O
qmof-0798d7e,U,7.9924,7.878805940163325,0.11359405983667514,O
qmof-0798d7e,U,7.1733,7.8786807616979395,-0.7053807616979393,O
qmof-0798d7e,U,8.1294,7.884120411182344,0.245279588817656,O
qmof-0798d7e,U,8.1693,7.872182910107497,0.2971170898925024,O
qmof-0798d7e,U,7.1848,7.871001004195371,-0.6862010041953708,O
qmof-0798d7e,U,7.7603,7.907729371388738,-0.14742937138873824,O
qmof-09816d2,U,3.228,3.2616496404644106,-0.033649640464410435,Zr
qmof-09816d2,U,3.2334,3.261832699307229,-0.028432699307229026,Zr
qmof-09816d2,U,3.2561,3.2617599382768816,-0.005659938276881604,Zr
qmof-09816d2,U,3.2499,3.261637709130092,-0.011737709130092089,Zr
qmof-09816d2,U,3.2285,3.2616612031339045,-0.03316120313390458,Zr
qmof-09816d2,U,3.2319,3.1608730998085495,0.07102690019145053,Zr
qmof-09816d2,U,8.2752,8.048315680336684,0.22688431966331635,O
qmof-09816d2,U,8.2292,8.04824660595458,0.18095339404542088,O
qmof-09816d2,U,8.2222,8.04835201057938,0.1738479894206204,O
qmof-09816d2,U,8.2397,8.049016277563029,0.19068372243697063,O
qmof-09816d2,U,8.0816,8.048319165895023,0.03328083410497662,O
qmof-09816d2,U,8.2455,8.049011384375358,0.19648861562464148,O
qmof-09816d2,U,8.1109,8.04833632556685,0.06256367443315014,O
qmof-09816d2,U,8.2403,8.048199718491908,0.19210028150809144,O
qmof-09816d2,U,8.2381,8.04821781658329,0.18988218341671015,O
qmof-09816d2,U,8.2413,8.048256861539695,0.19304313846030574,O
qmof-09816d2,U,8.2313,8.04830901085486,0.18299098914513934,O
qmof-09816d2,U,8.2402,8.049160961749124,0.1910390382508762,O
qmof-09816d2,U,8.0911,8.04915422523733,0.04194577476267014,O
qmof-09816d2,U,8.1081,8.04891854786957,0.05918145213042969,O
qmof-09816d2,U,8.129,8.049057769113269,0.07994223088673102,O
qmof-09816d2,U,8.0951,8.048907454409854,0.04619254559014685,O
qmof-09816d2,U,8.1396,8.048875112450258,0.09072488754974195,O
qmof-09816d2,U,8.0865,8.048937182200696,0.03756281779930326,O
qmof-09816d2,U,8.1024,8.0488225274403,0.05357747255969869,O
qmof-09816d2,U,8.0918,8.048884865310612,0.04291513468938746,O
qmof-09816d2,U,8.0892,8.049014869933698,0.040185130066301866,O
qmof-09816d2,U,8.1013,8.048874542695529,0.052425457304471124,O
qmof-09816d2,U,8.0905,8.048854701824977,0.04164529817502327,O
qmof-09816d2,U,8.1019,8.033647914602106,0.06825208539789429,O
qmof-09816d2,U,7.7649,8.033731199337442,-0.26883119933744215,O
qmof-09816d2,U,7.7307,8.033628677001268,-0.302928677001268,O
qmof-09816d2,U,7.7502,8.0336706042463,-0.28347060424629955,O
qmof-09816d2,U,7.7507,8.031049263284697,-0.28034926328469645,O
qmof-09816d2,U,8.3164,8.031133888619394,0.2852661113806061,O
qmof-09816d2,U,8.319,8.031144110689524,0.28785588931047634,O
qmof-09816d2,U,8.3166,8.031093905243436,0.2855060947565633,O
qmof-09816d2,U,8.3184,8.055027692675132,0.26337230732486816,O
qmof-0c2ac6d,U,6.8868,6.879076708581968,0.0077232914180322965,Pd
qmof-0c2ac6d,U,6.8868,6.879075770162414,0.007724229837585916,Pd
qmof-0c2ac6d,U,6.8868,6.879076976701839,0.0077230232981611024,Pd
qmof-0c2ac6d,U,6.8868,6.879075066347749,0.007724933652251131,Pd
qmof-0c2ac6d,U,6.8868,6.879077345366664,0.007722654633336212,Pd
qmof-0c2ac6d,U,6.8868,6.879077881606408,0.007722118393592048,Pd
qmof-0c2ac6d,U,6.8868,6.87907556907251,0.007724430927489756,Pd
qmof-0c2ac6d,U,6.8868,6.879077546456568,0.007722453543432373,Pd
qmof-0c2ac6d,U,6.8868,6.879076641551999,0.007723358448001427,Pd
qmof-0c2ac6d,U,6.8868,6.879075066347749,0.007724933652251131,Pd
qmof-0c2ac6d,U,6.8868,6.879076339917143,0.007723660082857187,Pd
qmof-0c2ac6d,U,6.8868,6.855850321918375,0.030949678081625187,Pd
qmof-0c2ac6d,U,5.4582,5.494357074399696,-0.0361570743996964,N
qmof-0c2ac6d,U,5.4582,5.494358817178865,-0.03615881717886538,N
qmof-0c2ac6d,U,5.4582,5.494354929440718,-0.036154929440717964,N
qmof-0c2ac6d,U,5.4582,5.494355164045606,-0.03615516404560637,N
qmof-0c2ac6d,U,5.4582,5.494355666770366,-0.03615566677036597,N
qmof-0c2ac6d,U,5.4582,5.494354795380781,-0.03615479538078148,N
qmof-0c2ac6d,U,5.4582,5.494356270040079,-0.036156270040079264,N
qmof-0c2ac6d,U,5.4582,5.494357007369727,-0.03615700736972727,N
qmof-0c2ac6d,U,5.4582,5.494356270040079,-0.036156270040079264,N
qmof-0c2ac6d,U,5.4582,5.494356437614998,-0.03615643761499854,N
qmof-0c2ac6d,U,5.4582,5.494355164045606,-0.03615516404560637,N
qmof-0c2ac6d,U,5.4582,5.494357342519567,-0.03615734251956759,N
qmof-0c2ac6d,U,5.4582,5.49435992317334,-0.03615992317334005,N
qmof-0c2ac6d,U,5.4582,5.4943548624107486,-0.036154862410748834,N
qmof-0c2ac6d,U,5.4582,5.494354996470685,-0.03615499647068532,N
qmof-0c2ac6d,U,5.4582,5.494354828895766,-0.036154828895766045,N
qmof-0c2ac6d,U,5.4582,5.494353287206499,-0.03615328720649913,N
qmof-0c2ac6d,U,5.4582,5.494357744699377,-0.03615774469937705,N
qmof-0c2ac6d,U,5.4582,5.494357945789281,-0.03615794578928089,N
qmof-0c2ac6d,U,5.4582,5.494356806279823,-0.03615680627982343,N
qmof-0c2ac6d,U,5.4582,5.494354426715956,-0.03615442671595659,N
qmof-0c2ac6d,U,5.4582,5.49435761063944,-0.03615761063944056,N
qmof-0c2ac6d,U,5.4582,5.494359722083434,-0.03615972208343443,N
qmof-0c2ac6d,U,5.4582,5.494356772764839,-0.03615677276483886,N
qmof-0c2ac6d,U,5.4582,5.494358448514042,-0.03615844851404226,N
qmof-0c2ac6d,U,5.4582,5.494356437614998,-0.03615643761499854,N
qmof-0c2ac6d,U,5.4582,5.494354761865797,-0.036154761865796914,N
qmof-0c2ac6d,U,5.4582,5.494357443064521,-0.03615744306452129,N
qmof-0c2ac6d,U,5.4582,5.4943581468791844,-0.03615814687918473,N
qmof-0c2ac6d,U,5.4582,5.494355767315318,-0.03615576731531789,N
qmof-0c2ac6d,U,5.4582,5.494353287206499,-0.03615328720649913,N
qmof-0c2ac6d,U,5.4582,5.4943592193586746,-0.03615921935867483,N
qmof-0c2ac6d,U,5.4582,5.49435761063944,-0.03615761063944056,N
qmof-0c2ac6d,U,5.4582,5.494354761865797,-0.036154761865796914,N
qmof-0c2ac6d,U,5.4582,5.494357107914679,-0.03615710791467919,N
qmof-0c2ac6d,U,5.4582,5.494356705734871,-0.03615670573487151,N
qmof-0c2ac6d,U,5.4582,5.494355666770366,-0.03615566677036597,N
qmof-0c2ac6d,U,5.4582,5.4943561359801425,-0.03615613598014278,N
qmof-0c2ac6d,U,5.4582,5.494358582573977,-0.03615858257397697,N
qmof-0c2ac6d,U,5.4582,5.4943580463342325,-0.03615804633423281,N
qmof-0c2ac6d,U,5.4582,5.494354694835829,-0.03615469483582956,N
qmof-0c2ac6d,U,5.4582,5.494354996470685,-0.03615499647068532,N
qmof-0c2ac6d,U,5.4582,5.49435570028535,-0.036155700285350534,N
qmof-0c2ac6d,U,5.4582,5.494355901375254,-0.03615590137525437,N
qmof-0c2ac6d,U,5.4582,5.494355666770366,-0.03615566677036597,N
qmof-0c2ac6d,U,5.4582,5.494359252873659,-0.0361592528736594,N
qmof-0c2ac6d,U,5.4582,5.494357744699377,-0.03615774469937705,N
qmof-0c2ac6d,U,5.4582,5.507729586546128,-0.04952958654612871,N
qmof-0e4bbc6,U,10.224,10.102663577475255,0.1213364225247453,Ni
qmof-0e4bbc6,U,10.2241,10.113301535044,0.11079846495599988,Ni
qmof-0e4bbc6,U,5.0867,5.68490574990329,-0.5982057499032898,N
qmof-0e4bbc6,U,5.0866,5.684901694590222,-0.598301694590222,N
qmof-0e4bbc6,U,5.0866,5.684900253445907,-0.598300253445907,N
qmof-0e4bbc6,U,5.0866,5.655059047897577,-0.5684590478975773,N
qmof-0e4bbc6,U,5.8943,5.6550623658809975,0.23923763411900278,N
qmof-0e4bbc6,U,5.894,5.655584495817337,0.23841550418266344,N
qmof-0e4bbc6,U,5.9021,5.6555843617574,0.2465156382425997,N
qmof-0e4bbc6,U,5.9026,5.654964435097636,0.24763556490236383,N
qmof-0e4bbc6,U,5.9016,5.6549609160243115,0.24663908397568868,N
qmof-0e4bbc6,U,5.9015,5.654963128013259,0.24653687198674135,N
qmof-0e4bbc6,U,5.9016,5.654963865342907,0.2466361346570931,N
qmof-0e4bbc6,U,5.9015,5.664315852974088,0.2371841470259124,N
qmof-1035838,U,7.493,7.853096128085136,-0.3600961280851358,O
qmof-1035838,U,8.0861,7.852141051584985,0.2339589484150153,O
qmof-1035838,U,8.1744,7.852173225969661,0.32222677403033906,O
qmof-1035838,U,8.1522,7.8544601544205275,0.2977398455794731,O
qmof-1035838,U,8.1746,7.853687935673291,0.32091206432670916,O
qmof-1035838,U,8.1872,7.854284368329244,0.33291563167075644,O
qmof-1035838,U,8.0526,7.835511419229732,0.21708858077026782,O
qmof-1035838,U,8.3918,7.838482857714606,0.553317142285394,O
qmof-1035838,U,7.7765,7.838989637788256,-0.06248963778825534,O
qmof-1035838,U,7.7749,7.8356984663556535,-0.06079846635565378,O
qmof-1035838,U,8.379,7.8427107394361055,0.536289260563894,O
qmof-1035838,U,7.8693,7.8472833562834285,0.022016643716571416,O
qmof-1035838,U,7.3441,7.835789861717126,-0.49168986171712614,O
qmof-1035838,U,8.3633,7.838725405654094,0.524574594345907,O
qmof-1035838,U,7.7391,7.834763766965798,-0.09566376696579848,O
qmof-1035838,U,8.337,7.838875887932428,0.4981241120675719,O
qmof-1035838,U,7.8089,7.842507404027943,-0.0336074040279426,O
qmof-1035838,U,7.8903,7.85309059811277,0.03720940188722999,O
qmof-1035838,U,8.2143,7.852740198954644,0.361559801045356,O
qmof-1035838,U,8.1913,7.842311676521158,0.34898832347884223,O
qmof-1035838,U,7.8958,7.853755099701305,0.042044900298695786,O
qmof-1035838,U,8.1371,7.84244389313319,0.2946561068668103,O
qmof-1035838,U,8.0308,7.845956833215176,0.18484316678482315,O
qmof-1035838,U,7.3979,7.84657102881267,-0.4486710288126705,O
qmof-1035838,U,7.3335,7.852815272518891,-0.5193152725188908,O
qmof-1035838,U,8.1392,7.84700752796479,0.2921924720352109,O
qmof-1035838,U,7.3824,7.846289871611569,-0.4638898716115696,O
qmof-1035838,U,7.4937,7.8532644403349785,-0.3595644403349789,O
qmof-1035838,U,8.1073,7.853960311948574,0.25333968805142604,O
qmof-1035838,U,8.0719,7.843020317343672,0.22887968265632708,O
qmof-1035838,U,7.8135,7.841330156698598,-0.027830156698597897,O
qmof-1035838,U,7.9983,7.8882888387098475,0.11001116129015287,O
qmof-10e0b8f,U,3.2348,3.229504626353169,0.005295373646831081,Zr
qmof-10e0b8f,U,3.2376,3.2295079443365893,0.008092055663410758,Zr
qmof-10e0b8f,U,3.2375,3.2292292337293222,0.008270766270677576,Zr
qmof-10e0b8f,U,3.2347,3.229268010565855,0.005431989434145024,Zr
qmof-10e0b8f,U,3.2208,3.229231345173318,-0.008431345173317784,Zr
qmof-10e0b8f,U,3.2231,3.128891136094655,0.09420886390534511,Zr
qmof-10e0b8f,U,8.2076,8.01616966077592,0.1914303392240786,O
qmof-10e0b8f,U,8.1991,8.01631538392652,0.18278461607348007,O
qmof-10e0b8f,U,8.1987,8.01609753653027,0.1826024634697312,O
qmof-10e0b8f,U,8.2105,8.015668410674637,0.1948315893253625,O
qmof-10e0b8f,U,7.8686,8.01602511064976,-0.1474251106497606,O
qmof-10e0b8f,U,8.2082,8.016602439764812,0.1915975602351878,O
qmof-10e0b8f,U,8.0068,8.015985965148404,-0.009185965148404307,O
qmof-10e0b8f,U,8.2206,8.015959086131204,0.20464091386879524,O
qmof-10e0b8f,U,8.2088,8.015888704664723,0.19291129533527673,O
qmof-10e0b8f,U,8.2062,8.016019580677394,0.19018041932260665,O
qmof-10e0b8f,U,8.205,8.015975340898464,0.18902465910153587,O
qmof-10e0b8f,U,8.2076,8.016293364582006,0.19130663541799287,O
qmof-10e0b8f,U,8.1992,8.016078634079271,0.18312136592072825,O
qmof-10e0b8f,U,8.2108,8.016142614183801,0.19465738581619974,O
qmof-10e0b8f,U,8.2078,8.016134503557664,0.19166549644233655,O
qmof-10e0b8f,U,8.1992,8.016571840584385,0.18262815941561428,O
qmof-10e0b8f,U,8.0058,8.015986233268276,-0.010186233268274947,O
qmof-10e0b8f,U,8.2198,8.015653228386867,0.20414677161313222,O
qmof-10e0b8f,U,7.8682,8.016004431904609,-0.1478044319046088,O
qmof-10e0b8f,U,8.2089,8.016023736535415,0.1928762634645853,O
qmof-10e0b8f,U,8.2055,8.016016899478672,0.1894831005213291,O
qmof-10e0b8f,U,8.2063,8.016011268961353,0.19028873103864719,O
qmof-10e0b8f,U,8.2097,8.015920677959496,0.19377932204050374,O
qmof-10e0b8f,U,8.2061,8.001533365611355,0.20456663438864453,O
qmof-10e0b8f,U,7.766,8.001287399143495,-0.23528739914349472,O
qmof-10e0b8f,U,7.7771,8.001406410851818,-0.2243064108518178,O
qmof-10e0b8f,U,7.7588,8.00137175635832,-0.24257175635832073,O
qmof-10e0b8f,U,7.7576,7.998844190322057,-0.2412441903220568,O
qmof-10e0b8f,U,8.3729,7.998992661701349,0.3739073382986504,O
qmof-10e0b8f,U,8.3612,7.998957806117948,0.3622421938820519,O
qmof-10e0b8f,U,8.3382,7.998983478595722,0.3392165214042784,O
qmof-10e0b8f,U,8.3374,8.023748068966755,0.3136519310332453,O
qmof-15f7608,U,3.2492,3.1216154551174586,0.12758454488254145,Zr
qmof-15f7608,U,3.2531,3.020070281817654,0.23302971818234575,Zr
qmof-15f7608,U,8.0998,7.908905644537484,0.19089435546251643,O
qmof-15f7608,U,8.0784,7.908116065028516,0.17028393497148464,O
qmof-15f7608,U,8.1768,7.909183115090341,0.26761688490965874,O
qmof-15f7608,U,8.1648,7.907014863197956,0.2577851368020436,O
qmof-15f7608,U,8.23,7.909378440417319,0.32062155958268157,O
qmof-15f7608,U,8.1038,7.908811601492271,0.19498839850772853,O
qmof-15f7608,U,8.2415,7.90905971291911,0.3324402870808907,O
qmof-15f7608,U,8.1499,7.897173355709906,0.25272664429009417,O
qmof-15f7608,U,7.5094,7.90395809556372,-0.39455809556371957,O
qmof-15f7608,U,7.9163,7.890668633547737,0.025631366452262938,O
qmof-15f7608,U,8.3723,7.894597427551675,0.47770257244832415,O
qmof-15f7608,U,7.834,7.9075798252838965,-0.07357982528389684,O
qmof-15f7608,U,8.1115,7.909174769859314,0.20232523014068526,O
qmof-15f7608,U,8.0801,7.907998025254731,0.172101974745269,O
qmof-15f7608,U,8.1021,7.909009540988004,0.19309045901199617,O
qmof-15f7608,U,8.1466,7.909015741260051,0.2375842587399486,O
qmof-15f7608,U,8.1968,7.908627972894724,0.2881720271052757,O
qmof-15f7608,U,8.054,7.908727076702526,0.14527292329747432,O
qmof-15f7608,U,8.2211,7.909051836897861,0.3120481631021388,O
qmof-15f7608,U,8.1567,7.904069633430602,0.25263036656939875,O
qmof-15f7608,U,7.5497,7.897765029238126,-0.34806502923812666,O
qmof-15f7608,U,7.491,7.902563201928029,-0.4115632019280291,O
qmof-15f7608,U,7.3473,7.894519270608896,-0.5472192706088963,O
qmof-15f7608,U,7.7903,7.890394648553219,-0.10009464855321859,O
qmof-15f7608,U,8.329,7.890474849910024,0.4385251500899763,O
qmof-15f7608,U,8.3803,7.894315700595845,0.485984299404155,O
qmof-15f7608,U,7.7429,7.89461274389938,-0.15171274389938016,O
qmof-15f7608,U,7.831,7.890818914736165,-0.05981891473616496,O
qmof-15f7608,U,8.3393,7.934092423162452,0.4052075768375474,O
qmof-167482e,U,3.2488,3.2745972595932713,-0.02579725959327117,Zr
qmof-167482e,U,3.2632,3.2744288132834924,-0.011228813283492567,Zr
qmof-167482e,U,3.2574,3.2744009623317574,-0.017000962331757297,Zr
qmof-167482e,U,3.2366,3.274673104002151,-0.03807310400215069,Zr
qmof-167482e,U,3.2609,3.2746663674903598,-0.013766367490359865,Zr
qmof-167482e,U,3.2595,3.1743490826607808,0.08515091733921931,Zr
qmof-167482e,U,8.1533,8.061477962938312,0.09182203706168757,O
qmof-167482e,U,8.1053,8.06150209372682,0.04379790627318059,O
qmof-167482e,U,8.1088,8.06161346401878,0.047186535981220246,O
qmof-167482e,U,8.1576,8.061275498919734,0.09632450108026624,O
qmof-167482e,U,8.1271,8.061547875195016,0.0655521248049844,O
qmof-167482e,U,8.1721,8.061007647167296,0.11109235283270458,O
qmof-167482e,U,8.1394,8.061521364842642,0.07787863515735793,O
qmof-167482e,U,8.118,8.061339311449343,0.05666068855065731,O
qmof-167482e,U,8.1152,8.06134400354711,0.05385599645289041,O
qmof-167482e,U,8.1196,8.061793841662876,0.0578061583371241,O
qmof-167482e,U,8.1297,8.06176582313622,0.06793417686377978,O
qmof-167482e,U,8.1638,8.061939966993286,0.10186003300671409,O
qmof-167482e,U,8.0741,8.06156500135186,0.012534998648138895,O
qmof-167482e,U,8.1233,8.061645873008345,0.06165412699165529,O
qmof-167482e,U,8.1187,8.06201735309143,0.05668264690856972,O
qmof-167482e,U,8.0688,8.060996419647644,0.00780358035235551,O
qmof-167482e,U,8.0561,8.06208863946248,-0.005988639462479739,O
qmof-167482e,U,8.0533,8.061282838701239,-0.007982838701238393,O
qmof-167482e,U,8.0744,8.061751210603179,0.012648789396822124,O
qmof-167482e,U,8.124,8.061804030218024,0.0621959697819765,O
qmof-167482e,U,8.1263,8.061887784163137,0.06441221583686385,O
qmof-167482e,U,8.1263,8.061946871079998,0.06435312892000233,O
qmof-167482e,U,8.0582,8.06197783892525,-0.0037778389252505207,O
qmof-167482e,U,8.0568,8.046371854727493,0.010428145272507905,O
qmof-167482e,U,7.755,8.046354091785952,-0.2913540917859523,O
qmof-167482e,U,7.7023,8.046431243279208,-0.3441312432792083,O
qmof-167482e,U,7.7033,8.046418608130226,-0.34311860813022665,O
qmof-167482e,U,7.7028,8.043743375074287,-0.3409433750742874,O
qmof-167482e,U,8.2725,8.043772499595418,0.22872750040458278,O
qmof-167482e,U,8.2858,8.043793614035362,0.24200638596463797,O
qmof-167482e,U,8.2685,8.043820459537576,0.22467954046242333,O
qmof-167482e,U,8.27,8.068812482590296,0.20118751740970353,O
qmof-1db67f1,U,2.5959,2.611983244702456,-0.016083244702456145,Hf
qmof-1db67f1,U,2.6569,2.6115571687103714,0.04534283128962846,Hf
qmof-1db67f1,U,2.5981,2.611558006584973,-0.013458006584972981,Hf
qmof-1db67f1,U,2.5985,2.611542019937586,-0.013042019937585803,Hf
qmof-1db67f1,U,2.8312,2.6115807967741187,0.21961920322588124,Hf
qmof-1db67f1,U,2.8387,2.5206299780488255,0.3180700219511743,Hf
qmof-1db67f1,U,8.1261,7.794088613114374,0.33201138688562537,O
qmof-1db67f1,U,7.9126,7.793510714244594,0.11908928575540667,O
qmof-1db67f1,U,8.1148,7.793876262175505,0.32092373782449535,O
qmof-1db67f1,U,7.8932,7.792453417043125,0.10074658295687478,O
qmof-1db67f1,U,8.1792,7.79389730958548,0.3853026904145196,O
qmof-1db67f1,U,7.9197,7.793302653223682,0.12639734677631775,O
qmof-1db67f1,U,8.1795,7.79380128915621,0.3856987108437906,O
qmof-1db67f1,U,7.9,7.780890144280054,0.11910985571994637,O
qmof-1db67f1,U,7.7958,7.779949646797959,0.015850353202040424,O
qmof-1db67f1,U,7.371,7.792225314061758,-0.42122531406175767,O
qmof-1db67f1,U,8.1092,7.794217310653083,0.3149826893469161,O
qmof-1db67f1,U,7.9239,7.792336081084006,0.13156391891599384,O
qmof-1db67f1,U,8.1056,7.794118407935185,0.3114815920648155,O
qmof-1db67f1,U,7.9222,7.793246281020529,0.12895371897947072,O
qmof-1db67f1,U,8.1894,7.793785604143681,0.3956143958563185,O
qmof-1db67f1,U,7.9081,7.793333118344174,0.11476688165582605,O
qmof-1db67f1,U,8.193,7.79377655509799,0.39922344490200956,O
qmof-1db67f1,U,7.8975,7.7873865212112,0.11011347878879985,O
qmof-1db67f1,U,7.1388,7.787373617942345,-0.6485736179423451,O
qmof-1db67f1,U,7.4002,7.776279756045721,-0.37607975604572097,O
qmof-1db67f1,U,7.7665,7.776263032068686,-0.009763032068685895,O
qmof-1db67f1,U,7.7635,7.779658032921839,-0.01615803292183937,O
qmof-1db67f1,U,7.393,7.780117556867994,-0.3871175568679943,O
qmof-1db67f1,U,7.4023,7.776520929870863,-0.3742209298708623,O
qmof-1db67f1,U,7.8131,7.826892844886583,-0.0137928448865825,O
qmof-1eadbf5,U,3.2486,3.2826981174895717,-0.03409811748957159,Zr
qmof-1eadbf5,U,3.213,3.2829129820522436,-0.0699129820522435,Zr
qmof-1eadbf5,U,3.2222,3.283214952058433,-0.0610149520584331,Zr
qmof-1eadbf5,U,3.2484,3.283056526728881,-0.034656526728880976,Zr
qmof-1eadbf5,U,3.2345,3.283063263240674,-0.04856326324067384,Zr
qmof-1eadbf5,U,3.237,3.183070638061478,0.053929361938521936,Zr
qmof-1eadbf5,U,8.1448,8.069756919459794,0.07504308054020647,O
qmof-1eadbf5,U,8.1698,8.069941654051815,0.09985834594818499,O
qmof-1eadbf5,U,8.1602,8.070254315337912,0.08994568466208719,O
qmof-1eadbf5,U,8.1479,8.06973034207745,0.07816965792254926,O
qmof-1eadbf5,U,8.129,8.070291852120036,0.05870814787996359,O
qmof-1eadbf5,U,8.1534,8.070569423217844,0.08283057678215577,O
qmof-1eadbf5,U,8.0839,8.069925633889445,0.01397436611055447,O
qmof-1eadbf5,U,8.166,8.069836685121807,0.09616331487819352,O
qmof-1eadbf5,U,8.1519,8.069988709089406,0.08191129091059324,O
qmof-1eadbf5,U,8.1691,8.070154105535636,0.09894589446436441,O
qmof-1eadbf5,U,8.1534,8.07019844585952,0.08320155414048003,O
qmof-1eadbf5,U,8.1606,8.069882734709875,0.09071726529012558,O
qmof-1eadbf5,U,8.1351,8.07008442788382,0.06501557211617914,O
qmof-1eadbf5,U,8.1385,8.070099844776477,0.06840015522352338,O
qmof-1eadbf5,U,8.149,8.0698728142746,0.07912718572539923,O
qmof-1eadbf5,U,8.0792,8.070646239561261,0.008553760438738678,O
qmof-1eadbf5,U,8.0926,8.06971033363198,0.02288966636801959,O
qmof-1eadbf5,U,8.125,8.06977340883194,0.05522659116805961,O
qmof-1eadbf5,U,8.1786,8.070108692732264,0.10849130726773559,O
qmof-1eadbf5,U,8.1306,8.070002885927654,0.060597114072345803,O
qmof-1eadbf5,U,8.1446,8.069987435520012,0.07461256447998821,O
qmof-1eadbf5,U,8.1411,8.070033987832842,0.07106601216715802,O
qmof-1eadbf5,U,8.1439,8.069839131715641,0.07406086828435932,O
qmof-1eadbf5,U,8.1267,8.05528659049619,0.07141340950381014,O
qmof-1eadbf5,U,7.7287,8.05507896517007,-0.32637896517007015,O
qmof-1eadbf5,U,7.7854,8.055097666531163,-0.26969766653116256,O
qmof-1eadbf5,U,7.7368,8.055178270067776,-0.3183782700677762,O
qmof-1eadbf5,U,7.728,8.052596376242386,-0.32459637624238624,O
qmof-1eadbf5,U,8.3253,8.052571072429435,0.2727289275705651,O
qmof-1eadbf5,U,8.2835,8.052539970524249,0.23096002947575123,O
qmof-1eadbf5,U,8.3127,8.052552873793102,0.2601471262068973,O
qmof-1eadbf5,U,8.3076,8.105196233337063,0.2024037666629379,O
qmof-2039712,U,2.8317,2.8752654723112503,-0.043565472311250186,Hf
qmof-2039712,U,2.83,2.875252300922522,-0.04525230092252208,Hf
qmof-2039712,U,2.8291,2.8752613499682127,-0.04616134996821275,Hf
qmof-2039712,U,2.8312,2.8752577303499365,-0.04405773034993654,Hf
qmof-2039712,U,2.8302,2.87523011400309,-0.04503011400308976,Hf
qmof-2039712,U,2.8302,2.7847227655465954,0.04547723445340468,Hf
qmof-2039712,U,8.0813,8.056187962876505,0.025112037123495412,O
qmof-2039712,U,7.9857,8.056138159610224,-0.07043815961022482,O
qmof-2039712,U,7.9834,8.056407519536943,-0.07300751953694373,O
qmof-2039712,U,8.0651,8.055377101352672,0.009722898647327227,O
qmof-2039712,U,7.9572,8.055157980387028,-0.09795798038702763,O
qmof-2039712,U,7.9052,8.055140183930503,-0.1499401839305028,O
qmof-2039712,U,7.8991,8.05549500706652,-0.15639500706652054,O
qmof-2039712,U,7.9801,8.039605217983924,-0.05950521798392394,O
qmof-2039712,U,7.5967,8.039621104086358,-0.44292110408635743,O
qmof-2039712,U,7.5926,8.041931157876212,-0.4493311578762116,O
qmof-2039712,U,7.2967,8.041795790855678,-0.7450957908556779,O
qmof-2039712,U,7.2753,8.056302785211821,-0.7810027852118218,O
qmof-2039712,U,8.0569,8.056071732911859,0.0008282670881420984,O
qmof-2039712,U,7.9998,8.05615156560384,-0.05635156560383958,O
qmof-2039712,U,7.977,8.056325608915952,-0.0793256089159513,O
qmof-2039712,U,8.0518,8.056041066701463,-0.004241066701462515,O
qmof-2039712,U,7.9936,8.05629222799185,-0.06269222799185048,O
qmof-2039712,U,8.0377,8.056391298284668,-0.018691298284668534,O
qmof-2039712,U,8.0906,8.056053869425366,0.034546130574634404,O
qmof-2039712,U,7.9983,8.0555011403086,-0.05720114030859946,O
qmof-2039712,U,7.9848,8.055160728615718,-0.07036072861571796,O
qmof-2039712,U,7.9093,8.055182781475215,-0.1458827814752155,O
qmof-2039712,U,7.9031,8.055310406534435,-0.15221040653443474,O
qmof-2039712,U,7.9427,8.055125705457398,-0.11242570545739738,O
qmof-2039712,U,7.9159,8.055385681188586,-0.13948568118858606,O
qmof-2039712,U,7.9641,8.055363159119313,-0.09126315911931293,O
qmof-2039712,U,7.9599,8.055160091831022,-0.09526009183102158,O
qmof-2039712,U,7.9123,8.039635984739272,-0.12733598473927188,O
qmof-2039712,U,7.5936,8.039616680108464,-0.44601668010846396,O
qmof-2039712,U,7.5937,8.041778664698835,-0.4480786646988353,O
qmof-2039712,U,7.2726,8.04182799875534,-0.7692279987553396,O
qmof-2039712,U,7.2761,8.089123573386146,-0.8130235733861468,O
qmof-25b107a,U,3.248,3.303316388943065,-0.05531638894306479,Zr
qmof-25b107a,U,3.2485,3.3032883033864398,-0.05478830338643981,Zr
qmof-25b107a,U,3.2461,3.303270439899947,-0.05717043989994686,Zr
qmof-25b107a,U,3.2459,3.3032259990311115,-0.057325999031111685,Zr
qmof-25b107a,U,3.2431,3.3032484875854013,-0.060148487585401256,Zr
qmof-25b107a,U,3.2439,3.2030407632386453,0.04085923676135472,Zr
qmof-25b107a,U,8.1674,8.09030658574096,0.07709341425904093,O
qmof-25b107a,U,8.1674,8.090300988738624,0.0770990112613763,O
qmof-25b107a,U,8.1685,8.090299849229167,0.07820015077083298,O
qmof-25b107a,U,8.169,8.090000929086527,0.0789990709134738,O
qmof-25b107a,U,8.1324,8.090289023889323,0.04211097611067771,O
qmof-25b107a,U,8.1785,8.089979345436806,0.0885206545631938,O
qmof-25b107a,U,8.1323,8.090279472118873,0.04202052788112809,O
qmof-25b107a,U,8.1784,8.09032676176135,0.08807323823864976,O
qmof-25b107a,U,8.1687,8.090314026067416,0.0783859739325834,O
qmof-25b107a,U,8.1674,8.090313489827672,0.07708651017232881,O
qmof-25b107a,U,8.1673,8.090340100724998,0.07695989927500158,O
qmof-25b107a,U,8.1689,8.09022410536524,0.07867589463476143,O
qmof-25b107a,U,8.1596,8.090243041331222,0.06935695866877722,O
qmof-25b107a,U,8.1596,8.09022129010658,0.0693787098934191,O
qmof-25b107a,U,8.1632,8.090216028254087,0.07298397174591287,O
qmof-25b107a,U,8.1633,8.090093463957457,0.07320653604254268,O
qmof-25b107a,U,8.1263,8.090210699371625,0.03608930062837601,O
qmof-25b107a,U,8.1674,8.09006370265163,0.07733629734837066,O
qmof-25b107a,U,8.1262,8.090236338334414,0.035963661665586955,O
qmof-25b107a,U,8.1675,8.090240728797323,0.07725927120267784,O
qmof-25b107a,U,8.1578,8.090263351411549,0.06753664858845099,O
qmof-25b107a,U,8.1577,8.090282320892515,0.06741767910748564,O
qmof-25b107a,U,8.1578,8.090252626616657,0.06754737338334316,O
qmof-25b107a,U,8.1581,8.075161868268527,0.08293813173147235,O
qmof-25b107a,U,7.727,8.075143937752067,-0.34814393775206653,O
qmof-25b107a,U,7.7267,8.075212978619186,-0.34851297861918606,O
qmof-25b107a,U,7.7217,8.07520171758455,-0.3535017175845496,O
qmof-25b107a,U,7.7213,8.072497292977513,-0.35119729297751245,O
qmof-25b107a,U,8.2785,8.072528294337749,0.20597170566225032,O
qmof-25b107a,U,8.2785,8.072522931940302,0.2059770680596973,O
qmof-25b107a,U,8.2731,8.07252323357516,0.2005767664248399,O
qmof-25b107a,U,8.2729,8.125183317096154,0.14771668290384632,O
qmof-32df618,U,3.2504,3.1819806219533966,0.06841937804660336,Zr
qmof-32df618,U,3.2501,3.181975125496013,0.06812487450398708,Zr
qmof-32df618,U,3.2476,3.181960479447989,0.06563952055201083,Zr
qmof-32df618,U,3.2483,3.181938259013572,0.06636174098642789,Zr
qmof-32df618,U,3.252,3.1819194571075258,0.07008054289247401,Zr
qmof-32df618,U,3.2507,3.181915803974265,0.06878419602573516,Zr
qmof-32df618,U,3.2529,3.182010249199287,0.07088975080071291,Zr
qmof-32df618,U,3.2516,3.181945732855013,0.0696542671449869,Zr
qmof-32df618,U,3.2521,3.1818463274123534,0.07025367258764659,Zr
qmof-32df618,U,3.2544,3.18172688000924,0.07267311999075998,Zr
qmof-32df618,U,3.2547,3.181757747309538,0.07294225269046217,Zr
qmof-32df618,U,3.2554,3.081572846666912,0.17382715333308774,Zr
qmof-32df618,U,8.1197,7.968777370263419,0.15092262973658066,O
qmof-32df618,U,8.1153,7.968804819035347,0.14649518096465286,O
qmof-32df618,U,8.1135,7.9688569683505115,0.14464303164948866,O
qmof-32df618,U,8.1183,7.968822246827047,0.14947775317295253,O
qmof-32df618,U,8.1056,7.969096432911469,0.13650356708853195,O
qmof-32df618,U,7.9852,7.9688850874221195,0.016314912577880314,O
qmof-32df618,U,8.1111,7.969167417647663,0.14193258235233763,O
qmof-32df618,U,7.9903,7.968773046830478,0.021526953169522578,O
qmof-32df618,U,8.1185,7.968730583345701,0.14976941665429777,O
qmof-32df618,U,8.1198,7.968749452281715,0.15105054771828463,O
qmof-32df618,U,8.1185,7.9687505917911725,0.14974940820882665,O
qmof-32df618,U,8.1199,7.9689620713404565,0.15093792865954292,O
qmof-32df618,U,7.9835,7.968934555538562,0.014565444461438481,O
qmof-32df618,U,7.9843,7.969006545724277,0.015293454275723484,O
qmof-32df618,U,7.9837,7.968997530193571,0.014702469806429086,O
qmof-32df618,U,7.9838,7.968883311127966,0.014916688872033568,O
qmof-32df618,U,7.9854,7.9686281950694635,0.01677180493053676,O
qmof-32df618,U,8.116,7.968869871619367,0.147130128380633,O
qmof-32df618,U,7.9855,7.968633155287101,0.01686684471289901,O
qmof-32df618,U,8.1149,7.968990324472001,0.14590967552799938,O
qmof-32df618,U,8.1033,7.96900118332683,0.13429881667317112,O
qmof-32df618,U,8.1045,7.968838970804082,0.1356610291959175,O
qmof-32df618,U,7.982,7.968818258543946,0.013181741456054219,O
qmof-32df618,U,7.9803,7.953571554975085,0.026728445024915004,O
qmof-32df618,U,7.7148,7.953648572408406,-0.23884857240840596,O
qmof-32df618,U,7.7114,7.953670424178,-0.24227042417799982,O
qmof-32df618,U,7.7087,7.953608823637337,-0.24490882363733668,O
qmof-32df618,U,7.7128,7.95100306714331,-0.23820306714330997,O
qmof-32df618,U,8.2651,7.950946996575013,0.31415300342498753,O
qmof-32df618,U,8.2696,7.951040872045306,0.31855912795469443,O
qmof-32df618,U,8.2634,7.950943846166513,0.31245615383348735,O
qmof-32df618,U,8.2681,7.968733096969505,0.29936690303049573,O
qmof-32df618,U,8.1237,7.968743922309349,0.15495607769065067,O
qmof-32df618,U,8.1116,7.968807098054262,0.14279290194573768,O
qmof-32df618,U,8.1117,7.9687112787148955,0.1429887212851053,O
qmof-32df618,U,8.1234,7.9687083293963,0.15469167060370026,O
qmof-32df618,U,8.1261,7.969026889319588,0.15707311068041108,O
qmof-32df618,U,8.1095,7.968622262917288,0.14087773708271278,O
qmof-32df618,U,8.1175,7.968863738377287,0.1486362616227126,O
qmof-32df618,U,7.9879,7.968948631831857,0.01895136816814258,O
qmof-32df618,U,8.1031,7.968664458282193,0.13443554171780647,O
qmof-32df618,U,8.1224,7.968972662075414,0.15342733792458674,O
qmof-32df618,U,8.1101,7.968683997517887,0.14141600248211184,O
qmof-32df618,U,8.1288,7.969089193674916,0.1597108063250836,O
qmof-32df618,U,8.0926,7.968649544114296,0.12395045588570319,O
qmof-32df618,U,8.1213,7.968983386870306,0.15231661312969358,O
qmof-32df618,U,8.1066,7.968807031024294,0.13779296897570603,O
qmof-32df618,U,8.11,7.969060370788643,0.14093962921135628,O
qmof-32df618,U,8.1045,7.968685438662201,0.13581456133779923,O
qmof-32df618,U,8.1169,7.968908279791075,0.1479917202089247,O
qmof-32df618,U,7.9825,7.968736817132733,0.013763182867267076,O
qmof-32df618,U,8.1173,7.969004534825235,0.14829546517476544,O
qmof-32df618,U,8.0992,7.968991933191235,0.1302080668087644,O
qmof-32df618,U,8.0998,7.968969411121961,0.13083058887803922,O
qmof-32df618,U,8.0985,7.968954832103904,0.1295451678960955,O
qmof-32df618,U,8.0979,7.953600109741487,0.14429989025851242,O
qmof-32df618,U,7.7082,7.953603896934682,-0.24540389693468256,O
qmof-32df618,U,7.7113,7.953640461782269,-0.24234046178226976,O
qmof-32df618,U,7.7072,7.953578224456908,-0.24637822445690816,O
qmof-32df618,U,7.7127,7.9509830586978385,-0.2382830586978386,O
qmof-32df618,U,8.2627,7.950980008834291,0.3117199911657096,O
qmof-32df618,U,8.2582,7.951003670413023,0.3071963295869775,O
qmof-32df618,U,8.2582,7.9509485717792625,0.3072514282207379,O
qmof-32df618,U,8.263,8.003709066192439,0.2592909338075611,O
qmof-37ec311,U,3.2465,3.275030086497745,-0.02853008649774491,Zr
qmof-37ec311,U,3.2476,3.2750498268233432,-0.027449826823343404,Zr
qmof-37ec311,U,3.2466,3.2750801243689143,-0.02848012436891434,Zr
qmof-37ec311,U,3.2471,3.2751184319956703,-0.028018431995670223,Zr
qmof-37ec311,U,3.2441,3.2751702126460103,-0.031070212646010287,Zr
qmof-37ec311,U,3.2445,3.174826182859169,0.06967381714083087,Zr
qmof-37ec311,U,8.1855,8.062097434788896,0.12340256521110327,O
qmof-37ec311,U,8.1563,8.061940148968803,0.09435985103119648,O
qmof-37ec311,U,8.1915,8.062156689280677,0.1293433107193227,O
qmof-37ec311,U,8.1638,8.062153170207353,0.10164682979264761,O
qmof-37ec311,U,8.1828,8.062040626890951,0.12075937310904905,O
qmof-37ec311,U,8.1691,8.062035130433568,0.10706486956643246,O
qmof-37ec311,U,8.1584,8.0620587920123,0.09634120798770063,O
qmof-37ec311,U,8.165,8.061941154418324,0.10305884558167477,O
qmof-37ec311,U,8.1594,8.062096295279439,0.09730370472056116,O
qmof-37ec311,U,8.1739,8.061903248971376,0.11199675102862372,O
qmof-37ec311,U,8.1563,8.062085704544483,0.09421429545551696,O
qmof-37ec311,U,8.1739,8.061911895837259,0.11198810416274085,O
qmof-37ec311,U,8.1918,8.062162420342947,0.1296375796570537,O
qmof-37ec311,U,8.1642,8.062068142692846,0.10213185730715324,O
qmof-37ec311,U,8.1857,8.062097669393784,0.12360233060621617,O
qmof-37ec311,U,8.1571,8.062070689831634,0.09502931016836591,O
qmof-37ec311,U,8.1583,8.06203241571986,0.09626758428013993,O
qmof-37ec311,U,8.1672,8.06211895140865,0.10508104859134981,O
qmof-37ec311,U,8.1718,8.062042168580216,0.1097578314197829,O
qmof-37ec311,U,8.1678,8.061911761777322,0.10588823822267734,O
qmof-37ec311,U,8.1571,8.062097501818865,0.0950024981811346,O
qmof-37ec311,U,8.175,8.061976680301406,0.1130233196985948,O
qmof-37ec311,U,8.1592,8.06213339636677,0.09706660363323039,O
qmof-37ec311,U,8.1739,8.046910756556448,0.12698924344355156,O
qmof-37ec311,U,7.7487,8.04702014946435,-0.2983201494643497,O
qmof-37ec311,U,7.7122,8.046983986796572,-0.3347839867965723,O
qmof-37ec311,U,7.7263,8.046895105058901,-0.3205951050589011,O
qmof-37ec311,U,7.7276,8.044342637389498,-0.31674263738949815,O
qmof-37ec311,U,8.2959,8.044303022678363,0.2515969773216362,O
qmof-37ec311,U,8.2883,8.044262871727485,0.2440371282725149,O
qmof-37ec311,U,8.2994,8.044247622409747,0.2551523775902531,O
qmof-37ec311,U,8.3011,8.096900600754127,0.20419939924587283,O
qmof-3966050,U,10.2619,10.085259286523398,0.17664071347660304,Ni
qmof-3966050,U,10.2617,10.085237803418629,0.17646219658137063,Ni
qmof-3966050,U,10.2614,10.085240115952526,0.17615988404747362,Ni
qmof-3966050,U,10.2615,10.085262738566753,0.17623726143324703,Ni
qmof-3966050,U,10.2599,10.08526156554231,0.17463843445768923,Ni
qmof-3966050,U,9.973,10.085253052736366,-0.11225305273636543,Ni
qmof-3966050,U,10.2619,10.085257912409052,0.1766420875909489,Ni
qmof-3966050,U,10.262,10.04822868120397,0.21377131879603084,Ni
qmof-3966050,U,5.4665,5.6351270568495195,-0.16862705684951962,N
qmof-3966050,U,5.8089,5.636381757306976,0.17251824269302407,N
qmof-3966050,U,5.887,5.619828170450509,0.2671718295494907,N
qmof-3966050,U,5.4665,5.635127425514344,-0.1686274255143445,N
qmof-3966050,U,5.8089,5.6363825616665935,0.17251743833340694,N
qmof-3966050,U,5.887,5.619829712139776,0.2671702878602238,N
qmof-3966050,U,5.4653,5.635129603988306,-0.1698296039883056,N
qmof-3966050,U,5.8089,5.636471275829344,0.1724287241706568,N
qmof-3966050,U,5.887,5.619823947562521,0.26717605243747844,N
qmof-3966050,U,5.4654,5.635130106713067,-0.1697301067130672,N
qmof-3966050,U,5.809,5.636474024058035,0.17252597594196484,N
qmof-3966050,U,5.887,5.619853038568666,0.267146961431334,N
qmof-3966050,U,5.4643,5.63512166093709,-0.17082166093709006,N
qmof-3966050,U,5.8089,5.636383231966274,0.1725167680337263,N
qmof-3966050,U,5.8861,5.619853775898315,0.2662462241016845,N
qmof-3966050,U,5.4143,5.635115795814881,-0.22081579581488153,N
qmof-3966050,U,5.7929,5.636385980194966,0.15651401980503454,N
qmof-3966050,U,5.809,5.636360944501888,0.1726390554981121,N
qmof-3966050,U,5.8869,5.6198582333911915,0.2670417666088083,N
qmof-3966050,U,5.4643,5.635134296086072,-0.17083429608607226,N
qmof-3966050,U,5.809,5.636361715346522,0.17263828465347775,N
qmof-3966050,U,5.8869,5.625129067900993,0.26177093209900715,N
qmof-3966050,U,7.6937,8.086761523937806,-0.39306152393780636,O
qmof-3966050,U,8.0172,8.088126354632815,-0.07092635463281383,O
qmof-3966050,U,7.6937,8.086760283883397,-0.393060283883397,O
qmof-3966050,U,8.0221,8.088117674251949,-0.06601767425194893,O
qmof-3966050,U,7.6928,8.086753949551413,-0.3939539495514133,O
qmof-3966050,U,8.0219,8.088116233107634,-0.06621623310763347,O
qmof-3966050,U,7.6928,8.086757200504865,-0.3939572005048646,O
qmof-3966050,U,8.0219,8.088126790327607,-0.06622679032760637,O
qmof-3966050,U,7.6932,8.086775097506342,-0.3935750975063419,O
qmof-3966050,U,8.0234,8.088127628202209,-0.06472762820220801,O
qmof-3966050,U,7.687,8.08677566726107,-0.3997756672610704,O
qmof-3966050,U,8.024,8.088135068528665,-0.06413506852866568,O
qmof-3966050,U,7.6934,8.086757803774578,-0.3933578037745784,O
qmof-3966050,U,8.0239,8.088136710762882,-0.06423671076288251,O
qmof-3966050,U,7.6935,8.08675368143154,-0.39325368143154016,O
qmof-3966050,U,8.0239,8.112506528136924,-0.08860652813692482,O
qmof-3ce4a78,U,3.2436,3.2765128704349653,-0.03291287043496549,Zr
qmof-3ce4a78,U,3.2499,3.2766075837798585,-0.026707583779858712,Zr
qmof-3ce4a78,U,3.2589,3.276471043734885,-0.017571043734884828,Zr
qmof-3ce4a78,U,3.2485,3.2766304409989733,-0.028130440998973327,Zr
qmof-3ce4a78,U,3.2562,3.276599238548833,-0.020399238548832965,Zr
qmof-3ce4a78,U,3.2558,3.1762060087654227,0.07959399123457711,Zr
qmof-3ce4a78,U,8.1371,8.063591613820691,0.07350838617930933,O
qmof-3ce4a78,U,8.1152,8.063548647611153,0.05165135238884666,O
qmof-3ce4a78,U,8.1166,8.063462949796966,0.053137050203034164,O
qmof-3ce4a78,U,8.1387,8.063547239981823,0.07515276001817739,O
qmof-3ce4a78,U,8.1288,8.063445756610154,0.06535424338984619,O
qmof-3ce4a78,U,8.1529,8.063275466976252,0.0896245330237484,O
qmof-3ce4a78,U,8.1411,8.063614303464885,0.07748569653511517,O
qmof-3ce4a78,U,8.1257,8.063488454699819,0.06221154530018147,O
qmof-3ce4a78,U,8.1271,8.063485337806304,0.0636146621936966,O
qmof-3ce4a78,U,8.128,8.06358497785385,0.06441502214615014,O
qmof-3ce4a78,U,8.1425,8.063563528264066,0.07893647173593443,O
qmof-3ce4a78,U,8.1429,8.06351942254507,0.07938057745492877,O
qmof-3ce4a78,U,8.0425,8.063482220912787,-0.020982220912786786,O
qmof-3ce4a78,U,8.1058,8.063458157154248,0.04234184284575271,O
qmof-3ce4a78,U,8.1057,8.06344971137827,0.04225028862173019,O
qmof-3ce4a78,U,8.0421,8.063397796667994,-0.021297796667994362,O
qmof-3ce4a78,U,8.1244,8.063492208378031,0.060907791621968244,O
qmof-3ce4a78,U,8.0195,8.063538190936132,-0.04403819093613137,O
qmof-3ce4a78,U,8.1279,8.063612862320571,0.06428713767942895,O
qmof-3ce4a78,U,8.0909,8.063667659319474,0.02723234068052527,O
qmof-3ce4a78,U,8.0985,8.063692862587471,0.03480713741252828,O
qmof-3ce4a78,U,8.1012,8.063574822813687,0.03762517718631386,O
qmof-3ce4a78,U,8.0349,8.06357783916225,-0.028677839162249086,O
qmof-3ce4a78,U,8.0338,8.048289945678006,-0.014489945678006322,O
qmof-3ce4a78,U,7.7086,8.048308714069067,-0.3397087140690678,O
qmof-3ce4a78,U,7.7049,8.04824674486358,-0.3433467448635792,O
qmof-3ce4a78,U,7.7024,8.04824392960492,-0.3458439296049205,O
qmof-3ce4a78,U,7.7023,8.045612936327913,-0.34331293632791304,O
qmof-3ce4a78,U,8.257,8.045638441230766,0.21136155876923368,O
qmof-3ce4a78,U,8.2642,8.045634654037569,0.21856534596243193,O
qmof-3ce4a78,U,8.2561,8.045617125700918,0.21048287429908186,O
qmof-3ce4a78,U,8.2558,8.069546589699673,0.18625341030032772,O
qmof-3dfbcbd,U,8.691,9.61157429802751,-0.9205742980275087,Fe
qmof-3dfbcbd,U,5.9764,5.413072864524329,0.5633271354756708,N
qmof-3dfbcbd,U,5.9713,5.4130752776031805,0.5582247223968198,N
qmof-3dfbcbd,U,5.961,5.413072763979377,0.5479272360206231,N
qmof-3dfbcbd,U,5.98,5.420093985560568,0.5599060144394326,N
qmof-3dfbcbd,U,4.1857,3.5637892989617352,0.6219107010382645,C
qmof-3dfbcbd,U,4.1642,3.5637936559096604,0.6004063440903398,C
qmof-3dfbcbd,U,4.1574,3.56379124283081,0.5936087571691901,C
qmof-3dfbcbd,U,4.1852,3.5637099019645477,0.6214900980354523,C
qmof-3dfbcbd,U,4.1211,3.5637115777137494,0.5573884222862509,C
qmof-3dfbcbd,U,4.1211,3.5637100025094997,0.5573899974905006,C
qmof-3dfbcbd,U,4.1222,3.5637128512831433,0.558487148716857,C
qmof-3dfbcbd,U,4.1221,3.5661383641930087,0.555961635806991,C
qmof-48c7a7e,U,3.2391,3.2483642182243138,-0.00926421822431367,Zr
qmof-48c7a7e,U,3.2397,3.2484986803402762,-0.0087986803402762,Zr
qmof-48c7a7e,U,3.2447,3.2484756890612267,-0.003775689061226828,Zr
qmof-48c7a7e,U,3.2454,3.248532262354283,-0.0031322623542830996,Zr
qmof-48c7a7e,U,3.2503,3.248567922297301,0.0017320777026990086,Zr
qmof-48c7a7e,U,3.2498,3.1481961756186596,0.10160382438134041,Zr
qmof-48c7a7e,U,8.107,8.03547342673053,0.07152657326946965,O
qmof-48c7a7e,U,8.1073,8.035389337635577,0.07191066236442367,O
qmof-48c7a7e,U,8.1171,8.035367217746112,0.08173278225388891,O
qmof-48c7a7e,U,8.1173,8.035647403012675,0.08165259698732541,O
qmof-48c7a7e,U,8.1622,8.035529966508603,0.12667003349139705,O
qmof-48c7a7e,U,8.1088,8.035694391020296,0.07310560897970397,O
qmof-48c7a7e,U,8.1643,8.035520716373009,0.12877928362699187,O
qmof-48c7a7e,U,8.1095,8.035531776317741,0.0739682236822592,O
qmof-48c7a7e,U,8.1167,8.035550544708803,0.08114945529119666,O
qmof-48c7a7e,U,8.1117,8.035550645253755,0.07614935474624573,O
qmof-48c7a7e,U,8.1134,8.035561101928774,0.07783889807122613,O
qmof-48c7a7e,U,8.1175,8.035101678527573,0.08239832147242687,O
qmof-48c7a7e,U,7.9842,8.035106940380066,-0.05090694038006571,O
qmof-48c7a7e,U,7.9834,8.035194146368536,-0.051794146368536076,O
qmof-48c7a7e,U,7.9714,8.035149102229987,-0.06374910222998675,O
qmof-48c7a7e,U,7.9707,8.035457641173048,-0.06475764117304816,O
qmof-48c7a7e,U,8.1653,8.035186672527095,0.13011332747290538,O
qmof-48c7a7e,U,7.9522,8.035489212288011,-0.0832892122880109,O
qmof-48c7a7e,U,8.1644,8.035219785331325,0.12918021466867557,O
qmof-48c7a7e,U,7.9523,8.035290602492598,-0.08299060249259771,O
qmof-48c7a7e,U,7.9711,8.035269152902814,-0.06416915290281366,O
qmof-48c7a7e,U,7.9745,8.0353168447251,-0.060816844725100516,O
qmof-48c7a7e,U,7.9744,8.035297607124262,-0.06089760712426173,O
qmof-48c7a7e,U,7.9717,8.020151347962566,-0.04845134796256545,O
qmof-48c7a7e,U,7.7172,8.020128189108593,-0.3029281891085933,O
qmof-48c7a7e,U,7.7171,8.020105130799575,-0.3030051307995745,O
qmof-48c7a7e,U,7.7107,8.020142064311987,-0.3094420643119866,O
qmof-48c7a7e,U,7.71,8.017491933979093,-0.3074919339790929,O
qmof-48c7a7e,U,8.2692,8.01748502989238,0.2517149701076189,O
qmof-48c7a7e,U,8.2684,8.017399566683082,0.2510004333169178,O
qmof-48c7a7e,U,8.2742,8.017386462324323,0.2568135376756775,O
qmof-48c7a7e,U,8.2737,8.039747659674955,0.23395234032504497,O
qmof-48c7a7e,U,8.2518,8.039717429159353,0.2120825708406464,O
qmof-48c7a7e,U,8.2535,8.070184359459686,0.18331564054031446,O
qmof-53c7ebf,U,3.2451,3.299365420878516,-0.054265420878516046,Zr
qmof-53c7ebf,U,3.2451,3.299360929870655,-0.05426092987065534,Zr
qmof-53c7ebf,U,3.2452,3.299369710796473,-0.0541697107964727,Zr
qmof-53c7ebf,U,3.2451,3.299367230687654,-0.054267230687654155,Zr
qmof-53c7ebf,U,3.2452,3.2993656219684215,-0.05416562196842145,Zr
qmof-53c7ebf,U,3.2451,3.1990581570291656,0.046041842970834246,Zr
qmof-53c7ebf,U,8.1655,8.086309199423518,0.07919080057648209,O
qmof-53c7ebf,U,8.1654,8.086309702148279,0.07909029785172095,O
qmof-53c7ebf,U,8.1654,8.086308663183774,0.07909133681622649,O
qmof-53c7ebf,U,8.1655,8.086318684164,0.0791813158359993,O
qmof-53c7ebf,U,8.1651,8.086312886071761,0.07878711392823945,O
qmof-53c7ebf,U,8.1653,8.086316472175055,0.07898352782494555,O
qmof-53c7ebf,U,8.1652,8.086318114409272,0.07888188559072873,O
qmof-53c7ebf,U,8.1651,8.08631121032256,0.07878878967744107,O
qmof-53c7ebf,U,8.1653,8.086310741112783,0.07898925888721742,O
qmof-53c7ebf,U,8.1653,8.086314092611188,0.07898590738881239,O
qmof-53c7ebf,U,8.1652,8.086311813592273,0.07888818640772755,O
qmof-53c7ebf,U,8.1653,8.086310741112783,0.07898925888721742,O
qmof-53c7ebf,U,8.1653,8.086308160459012,0.0789918395409881,O
qmof-53c7ebf,U,8.1653,8.086307087979524,0.07899291202047642,O
qmof-53c7ebf,U,8.1656,8.086310841657735,0.0792891583422648,O
qmof-53c7ebf,U,8.1652,8.08630946754339,0.07889053245660982,O
qmof-53c7ebf,U,8.1654,8.086309534573358,0.079090465426642,O
qmof-53c7ebf,U,8.1654,8.086307255554443,0.07909274444555692,O
qmof-53c7ebf,U,8.1653,8.086309031848597,0.0789909681514036,O
qmof-53c7ebf,U,8.1654,8.08631992421841,0.07908007578159015,O
qmof-53c7ebf,U,8.1652,8.0863178462894,0.07888215371059992,O
qmof-53c7ebf,U,8.1652,8.08631901931384,0.07888098068615967,O
qmof-53c7ebf,U,8.1652,8.086318248469208,0.07888175153079224,O
qmof-53c7ebf,U,8.1651,8.071303736709767,0.09379626329023338,O
qmof-53c7ebf,U,7.7244,8.071298608917209,-0.3468986089172086,O
qmof-53c7ebf,U,7.7244,8.071290967500849,-0.34689096750084847,O
qmof-53c7ebf,U,7.7245,8.07130001654654,-0.34680001654653925,O
qmof-53c7ebf,U,7.7245,8.068587213193492,-0.3440872131934922,O
qmof-53c7ebf,U,8.2772,8.068586743983715,0.20861325601628522,O
qmof-53c7ebf,U,8.2773,8.068589257607519,0.20871074239248166,O
qmof-53c7ebf,U,8.2773,8.068586073684035,0.20871392631596564,O
qmof-53c7ebf,U,8.2772,8.121223367015885,0.15597663298411568,O
qmof-564af28,U,2.6103,2.6575179168245064,-0.04721791682450638,Hf
qmof-564af28,U,2.641,2.657356441631409,-0.016356441631408813,Hf
qmof-564af28,U,2.6064,2.657817406721877,-0.051417406721877335,Hf
qmof-564af28,U,2.6291,2.6574784026583256,-0.028378402658325363,Hf
qmof-564af28,U,2.8195,2.6575400367139714,0.16195996328602869,Hf
qmof-564af28,U,2.8277,2.565244027074316,0.2624559729256841,Hf
qmof-564af28,U,8.0193,7.838308928107377,0.1809910718926222,O
qmof-564af28,U,7.8197,7.8374518829355395,-0.01775188293553942,O
qmof-564af28,U,8.0244,7.838977954218759,0.185422045781241,O
qmof-564af28,U,7.9537,7.836478909433913,0.11722109056608776,O
qmof-564af28,U,8.2138,7.838828678479851,0.37497132152014956,O
qmof-564af28,U,7.8519,7.837772085093047,0.014127914906953087,O
qmof-564af28,U,8.1435,7.838547655338687,0.30495234466131294,O
qmof-564af28,U,7.924,7.8263435425658106,0.09765645743418983,O
qmof-564af28,U,7.5041,7.833275882409332,-0.3291758824093316,O
qmof-564af28,U,7.7307,7.822565498960078,-0.09186549896007801,O
qmof-564af28,U,7.7524,7.82576678320549,-0.07336678320548984,O
qmof-564af28,U,7.3748,7.8370813412720075,-0.46228134127200793,O
qmof-564af28,U,8.0461,7.838496544988027,0.20760345501197186,O
qmof-564af28,U,7.8257,7.837496189744439,-0.011796189744438301,O
qmof-564af28,U,7.9349,7.838573193756524,0.0963268062434759,O
qmof-564af28,U,7.9373,7.838402434912846,0.09889756508715397,O
qmof-564af28,U,8.0706,7.838001092978983,0.2325989070210177,O
qmof-564af28,U,7.8157,7.838001629218727,-0.02230162921872747,O
qmof-564af28,U,8.0804,7.838785310090504,0.24161468990949508,O
qmof-564af28,U,7.9595,7.833424688938463,0.12607531106153758,O
qmof-564af28,U,7.4964,7.826942891025375,-0.3305428910253747,O
qmof-564af28,U,7.3685,7.8322003195415615,-0.46370031954156143,O
qmof-564af28,U,7.3677,7.822148304438764,-0.45444830443876416,O
qmof-564af28,U,7.7465,7.822288564646966,-0.07578856464696582,O
qmof-564af28,U,7.7524,7.825426438542575,-0.07302643854257518,O
qmof-564af28,U,7.3549,7.82574962353366,-0.47084962353366056,O
qmof-564af28,U,7.3875,7.822340311782323,-0.43484031178232296,O
qmof-564af28,U,7.7014,7.862111604921516,-0.16071160492151648,O
qmof-67845a0,U,3.2465,3.286817619793844,-0.04031761979384374,Zr
qmof-67845a0,U,3.2324,3.2869220189691237,-0.054522018969123565,Zr
qmof-67845a0,U,3.2335,3.2870270549291014,-0.05352705492910159,Zr
qmof-67845a0,U,3.2442,3.2870704568334315,-0.04287045683343127,Zr
qmof-67845a0,U,3.2394,3.2870546377609653,-0.04765463776096546,Zr
qmof-67845a0,U,3.2418,3.1867885638269975,0.055011436173002526,Zr
qmof-67845a0,U,8.1612,8.074223771058643,0.08697622894135648,O
qmof-67845a0,U,8.1911,8.074236238632706,0.11686376136729493,O
qmof-67845a0,U,8.1512,8.073862747650578,0.07733725234942135,O
qmof-67845a0,U,8.161,8.074116221474863,0.08688377852513618,O
qmof-67845a0,U,8.0774,8.074126845724804,0.003273154275197143,O
qmof-67845a0,U,8.1702,8.0741860667016,0.09601393329839958,O
qmof-67845a0,U,8.0776,8.074438132896555,0.0031618671034454593,O
qmof-67845a0,U,8.1364,8.074477781122672,0.06192221887732785,O
qmof-67845a0,U,8.1063,8.074255978958304,0.03204402104169546,O
qmof-67845a0,U,8.0951,8.073891201872026,0.02120879812797405,O
qmof-67845a0,U,8.1758,8.07398316698823,0.10181683301177102,O
qmof-67845a0,U,8.1782,8.074034076248983,0.10416592375101708,O
qmof-67845a0,U,8.1688,8.074113506761156,0.09468649323884293,O
qmof-67845a0,U,8.1586,8.07400408033827,0.08459591966173008,O
qmof-67845a0,U,8.1593,8.07385570950393,0.08544429049607061,O
qmof-67845a0,U,8.1714,8.074333666691306,0.0970663333086943,O
qmof-67845a0,U,8.1041,8.073810698880367,0.030289301119633905,O
qmof-67845a0,U,8.2062,8.07421344844356,0.1319865515564409,O
qmof-67845a0,U,8.0943,8.074074897499543,0.020225102500457837,O
qmof-67845a0,U,8.1564,8.074066284148644,0.0823337158513553,O
qmof-67845a0,U,8.1685,8.07394234573767,0.09455765426232965,O
qmof-67845a0,U,8.1749,8.07389978170794,0.10100021829205907,O
qmof-67845a0,U,8.1771,8.073992785788649,0.1031072142113505,O
qmof-67845a0,U,8.1943,8.059083611624041,0.13521638837595873,O
qmof-67845a0,U,7.7248,8.058864323083474,-0.33406432308347433,O
qmof-67845a0,U,7.7662,8.058886845152749,-0.29268684515274845,O
qmof-67845a0,U,7.7615,8.058902396105344,-0.297402396105344,O
qmof-67845a0,U,7.7463,8.056243786481488,-0.30994378648148846,O
qmof-67845a0,U,8.3421,8.056358709361756,0.28574129063824394,O
qmof-67845a0,U,8.2945,8.056308503915666,0.2381914960843332,O
qmof-67845a0,U,8.317,8.056330824895037,0.26066917510496346,O
qmof-67845a0,U,8.3029,8.108906718776126,0.19399328122387338,O
qmof-69ba23e,U,3.2423,3.249173895911694,-0.00687389591169385,Zr
qmof-69ba23e,U,3.2423,3.2491338455057672,-0.006833845505767044,Zr
qmof-69ba23e,U,3.2438,3.249116484744036,-0.005316484744036121,Zr
qmof-69ba23e,U,3.2437,3.249193368117421,-0.00549336811742096,Zr
qmof-69ba23e,U,3.2404,3.2491718514976675,-0.008771851497667349,Zr
qmof-69ba23e,U,3.2406,3.1488199792045606,0.09178002079543957,Zr
qmof-69ba23e,U,8.0812,8.036054833861623,0.04514516613837749,O
qmof-69ba23e,U,8.081,8.036106212332154,0.044893787667845686,O
qmof-69ba23e,U,8.0795,8.03610403385819,0.04339596614180863,O
qmof-69ba23e,U,8.0795,8.036007041494383,0.04349295850561674,O
qmof-69ba23e,U,8.1464,8.036018168469084,0.11038183153091552,O
qmof-69ba23e,U,8.0905,8.036007376644223,0.054492623355777425,O
qmof-69ba23e,U,8.1459,8.036034456751327,0.10986554324867193,O
qmof-69ba23e,U,8.0906,8.036173275815216,0.05442672418478445,O
qmof-69ba23e,U,8.104,8.03614907799674,0.06785092200325948,O
qmof-69ba23e,U,8.0842,8.036158529222238,0.04804147077776122,O
qmof-69ba23e,U,8.0844,8.036156920503004,0.0482430794969968,O
qmof-69ba23e,U,8.104,8.036510134919789,0.06748986508021027,O
qmof-69ba23e,U,8.1475,8.036533997588425,0.11096600241157617,O
qmof-69ba23e,U,8.1478,8.036533427833696,0.1112665721663042,O
qmof-69ba23e,U,8.1808,8.036538790231141,0.14426120976885848,O
qmof-69ba23e,U,8.1807,8.036483725112365,0.14421627488763455,O
qmof-69ba23e,U,8.1238,8.036681698123083,0.0871183018769166,O
qmof-69ba23e,U,8.1441,8.036468676884532,0.10763132311546819,O
qmof-69ba23e,U,8.1234,8.036677810384933,0.08672218961506672,O
qmof-69ba23e,U,8.1448,8.036595061889342,0.10820493811065823,O
qmof-69ba23e,U,8.1349,8.0365859122987,0.09831408770130068,O
qmof-69ba23e,U,8.1445,8.036601463251294,0.10789853674870642,O
qmof-69ba23e,U,8.1449,8.036611651806442,0.10828834819355748,O
qmof-69ba23e,U,8.1345,8.020864670070834,0.11363532992916525,O
qmof-69ba23e,U,7.748,8.020846437919516,-0.2728464379195161,O
qmof-69ba23e,U,7.7473,8.020774146098946,-0.2734741460989456,O
qmof-69ba23e,U,7.7507,8.020773609859202,-0.27007360985920137,O
qmof-69ba23e,U,7.7509,8.0181159386549,-0.2672159386548998,O
qmof-69ba23e,U,8.3124,8.01810507980007,0.2942949201999294,O
qmof-69ba23e,U,8.3134,8.01810474465023,0.2952952553497692,O
qmof-69ba23e,U,8.3043,8.018084803234727,0.28621519676527285,O
qmof-69ba23e,U,8.305,8.046110368037743,0.25888963196225667,O
qmof-69ba23e,U,8.3149,8.04061297223584,0.27428702776416003,O
qmof-69ba23e,U,8.3164,8.071169789723365,0.2452302102766346,O
qmof-6a02a00,U,3.2431,3.2813845093921206,-0.03828450939212047,Zr
qmof-6a02a00,U,3.249,3.281515251344855,-0.03251525134485478,Zr
qmof-6a02a00,U,3.2619,3.281350960893098,-0.01945096089309839,Zr
qmof-6a02a00,U,3.2516,3.281454522193778,-0.029854522193778266,Zr
qmof-6a02a00,U,3.2548,3.281454555708761,-0.026654555708760963,Zr
qmof-6a02a00,U,3.2555,3.181036960531955,0.074463039468045,Zr
qmof-6a02a00,U,8.1405,8.068417102644824,0.07208289735517504,O
qmof-6a02a00,U,8.1184,8.068407349784469,0.04999265021553079,O
qmof-6a02a00,U,8.1207,8.06829209175436,0.052407908245639234,O
qmof-6a02a00,U,8.1433,8.068376851148994,0.07492314885100626,O
qmof-6a02a00,U,8.1103,8.068293398838737,0.042006601161263646,O
qmof-6a02a00,U,8.1575,8.0681007211955,0.08939927880450149,O
qmof-6a02a00,U,8.1126,8.068486177026928,0.0441138229730722,O
qmof-6a02a00,U,8.1288,8.068361735891193,0.06043826410880726,O
qmof-6a02a00,U,8.1257,8.068292292844264,0.057407707155736176,O
qmof-6a02a00,U,8.1246,8.068429804823776,0.05617019517622346,O
qmof-6a02a00,U,8.1406,8.06843027403355,0.07216972596644844,O
qmof-6a02a00,U,8.1429,8.068421258502845,0.07447874149715439,O
qmof-6a02a00,U,8.0406,8.0684158961054,-0.02781589610540003,O
qmof-6a02a00,U,8.1052,8.068394144880758,0.03680585511924228,O
qmof-6a02a00,U,8.1031,8.068366629078861,0.03473337092113837,O
qmof-6a02a00,U,8.0381,8.068136816833308,-0.03003681683330761,O
qmof-6a02a00,U,8.1256,8.068314010553921,0.0572859894460791,O
qmof-6a02a00,U,8.0223,8.068268832355438,-0.04596883235543814,O
qmof-6a02a00,U,8.1291,8.06843607212579,0.06066392787420938,O
qmof-6a02a00,U,8.0936,8.068538829066853,0.025061170933147636,O
qmof-6a02a00,U,8.1027,8.068575427429423,0.03412457257057788,O
qmof-6a02a00,U,8.1044,8.068443344877327,0.0359566551226731,O
qmof-6a02a00,U,8.0379,8.068458661225032,-0.03055866122503126,O
qmof-6a02a00,U,8.0377,8.05312739935144,-0.01542739935144155,O
qmof-6a02a00,U,7.7095,8.053128806980771,-0.3436288069807709,O
qmof-6a02a00,U,7.7052,8.053129443765467,-0.34792944376546764,O
qmof-6a02a00,U,7.7003,8.053117009706389,-0.3528170097063885,O
qmof-6a02a00,U,7.6997,8.050438994906775,-0.3507389949067754,O
qmof-6a02a00,U,8.2579,8.050467717248097,0.20743228275190262,O
qmof-6a02a00,U,8.274,8.050488429508233,0.22351157049176607,O
qmof-6a02a00,U,8.2539,8.050470197356915,0.2034298026430843,O
qmof-6a02a00,U,8.2545,8.10322918359581,0.1512708164041907,O
qmof-6ad0afb,U,3.264,3.3010080680121163,-0.037008068012116535,Zr
qmof-6ad0afb,U,3.2618,3.300999085996393,-0.0391990859963931,Zr
qmof-6ad0afb,U,3.2603,3.300989534225943,-0.040689534225943014,Zr
qmof-6ad0afb,U,3.2631,3.3010037110641903,-0.037903711064190215,Zr
qmof-6ad0afb,U,3.2615,3.301000661200643,-0.039500661200642995,Zr
qmof-6ad0afb,U,3.2623,3.2015518836674435,0.06074811633255672,Zr
qmof-6ad0afb,U,8.2789,8.088621576483163,0.19027842351683688,O
qmof-6ad0afb,U,8.2025,8.088538023627954,0.11396197637204608,O
qmof-6ad0afb,U,8.1937,8.088847836140408,0.10485216385959184,O
qmof-6ad0afb,U,8.2656,8.08760432968762,0.17799567031237906,O
qmof-6ad0afb,U,8.1197,8.08740947357042,0.032290526429580524,O
qmof-6ad0afb,U,8.0578,8.087352364037617,-0.02955236403761674,O
qmof-6ad0afb,U,8.0511,8.087717342213798,-0.03661734221379831,O
qmof-6ad0afb,U,8.1403,8.070087153525055,0.07021284647494497,O
qmof-6ad0afb,U,8.2841,8.070090236903587,0.2140097630964135,O
qmof-6ad0afb,U,8.2814,8.07290009965041,0.2084999003495902,O
qmof-6ad0afb,U,7.7572,8.072795398840272,-0.315595398840272,O
qmof-6ad0afb,U,7.7145,8.088790659577638,-0.3742906595776381,O
qmof-6ad0afb,U,8.2561,8.088508832076856,0.16759116792314366,O
qmof-6ad0afb,U,8.2011,8.088584777030688,0.11251522296931249,O
qmof-6ad0afb,U,8.1928,8.088788414073708,0.10401158592629223,O
qmof-6ad0afb,U,8.2593,8.088478132351478,0.17082186764852203,O
qmof-6ad0afb,U,8.1937,8.08875050862676,0.10494949137324028,O
qmof-6ad0afb,U,8.2452,8.088864593632428,0.15633540636757282,O
qmof-6ad0afb,U,8.2855,8.088488488481545,0.19701151151845586,O
qmof-6ad0afb,U,8.1974,8.087735138670324,0.10966486132967646,O
qmof-6ad0afb,U,8.1466,8.087366574390849,0.05923342560915046,O
qmof-6ad0afb,U,8.0628,8.087379142509864,-0.024579142509864482,O
qmof-6ad0afb,U,8.0546,8.087526273289793,-0.03292627328979236,O
qmof-6ad0afb,U,8.105,8.087356989105414,0.017643010894586197,O
qmof-6ad0afb,U,8.0671,8.0876049999873,-0.02050499998730082,O
qmof-6ad0afb,U,8.1242,8.087621154209607,0.03657884579039283,O
qmof-6ad0afb,U,8.1231,8.087382594553219,0.035717405446781925,O
qmof-6ad0afb,U,8.0658,8.070192457604906,-0.0043924576049061415,O
qmof-6ad0afb,U,8.2879,8.07008678486023,0.21781321513977048,O
qmof-6ad0afb,U,8.2804,8.072739093667087,0.20766090633291334,O
qmof-6ad0afb,U,7.7119,8.072784707560363,-0.3608847075603627,O
qmof-6ad0afb,U,7.7175,8.122890848752656,-0.4053908487526554,O
qmof-762f2c9,U,3.255,3.2213682595917703,0.03363174040822958,Zr
qmof-762f2c9,U,3.2667,3.1217099798933443,0.14499002010665585,Zr
qmof-762f2c9,U,8.1028,8.00910178522066,0.09369821477934082,O
qmof-762f2c9,U,8.0842,8.009345539699572,0.0748544603004273,O
qmof-762f2c9,U,8.1699,8.00933481490468,0.16056518509532047,O
qmof-762f2c9,U,8.1086,8.008350178188607,0.10024982181139208,O
qmof-762f2c9,U,8.206,8.00942319391759,0.19657680608241002,O
qmof-762f2c9,U,8.1388,8.009449067485269,0.12935093251473084,O
qmof-762f2c9,U,8.2178,8.008894293954475,0.20890570604552572,O
qmof-762f2c9,U,8.0602,7.99774989146192,0.062450108538079974,O
qmof-762f2c9,U,7.4429,8.002275051091845,-0.5593750510918447,O
qmof-762f2c9,U,7.3032,8.003645277699283,-0.7004452776992824,O
qmof-762f2c9,U,7.4683,7.990145375098519,-0.5218453750985192,O
qmof-762f2c9,U,8.3375,7.994270164729118,0.3432298352708827,O
qmof-762f2c9,U,7.809,8.008419788810455,-0.19941978881045497,O
qmof-762f2c9,U,8.1145,8.009464886557735,0.10503511344226446,O
qmof-762f2c9,U,8.119,8.007673041451088,0.11132695854891139,O
qmof-762f2c9,U,8.1747,8.009894481623142,0.1648055183768573,O
qmof-762f2c9,U,8.1682,8.008142351772582,0.16005764822741853,O
qmof-762f2c9,U,8.2168,8.009773961740539,0.20702603825946042,O
qmof-762f2c9,U,8.1418,8.008408192625978,0.13339180737402145,O
qmof-762f2c9,U,8.2042,8.009436264761366,0.19476373523863444,O
qmof-762f2c9,U,8.116,8.002341946999985,0.11365805300001419,O
qmof-762f2c9,U,7.3127,7.998391234196486,-0.6856912341964856,O
qmof-762f2c9,U,7.7611,7.9982141075058415,-0.2371141075058416,O
qmof-762f2c9,U,7.7833,8.003458130028411,-0.22015813002841167,O
qmof-762f2c9,U,7.7346,7.9900257936354695,-0.25542579363546913,O
qmof-762f2c9,U,8.2647,7.989939861216394,0.2747601387836056,O
qmof-762f2c9,U,8.2574,7.993868118980588,0.2635318810194125,O
qmof-762f2c9,U,7.7972,7.9948531243614855,-0.1976531243614854,O
qmof-762f2c9,U,7.7364,7.990403574535554,-0.2540035745355542,O
qmof-762f2c9,U,8.3819,8.044166502121328,0.3377334978786717,O
qmof-8890ff8,U,12.8433,9.752379750482778,3.0909202495172217,Ag
qmof-8890ff8,U,12.8434,9.752381292172043,3.091018707827958,Ag
qmof-8890ff8,U,12.8435,9.752379951572681,3.091120048427319,Ag
qmof-8890ff8,U,12.8432,9.756014048321967,3.0871859516780322,Ag
qmof-8890ff8,U,5.4078,5.540806836419801,-0.13300683641980093,N
qmof-8890ff8,U,5.4078,5.540813070206832,-0.1330130702068324,N
qmof-8890ff8,U,5.4079,5.540809182468683,-0.13290918246868344,N
qmof-8890ff8,U,5.4078,5.539609010890256,-0.13180901089025632,N
qmof-8890ff8,U,5.1594,5.5396038830976995,-0.3802038830976997,N
qmof-8890ff8,U,5.1594,5.539603715522778,-0.38020371552277865,N
qmof-8890ff8,U,5.1594,5.539603413887923,-0.3802034138879229,N
qmof-8890ff8,U,5.1593,5.553237376424841,-0.39393737642484083,N
qmof-8917e9f,U,3.2448,3.252263460855044,-0.007463460855043902,Zr
qmof-8917e9f,U,3.2562,3.2522222709396615,0.003977729060338664,Zr
qmof-8917e9f,U,3.2497,3.252125680755661,-0.002425680755661297,Zr
qmof-8917e9f,U,3.245,3.2522270970973626,-0.007227097097362467,Zr
qmof-8917e9f,U,3.2491,3.2522471390578183,-0.003147139057818382,Zr
qmof-8917e9f,U,3.2489,3.151758626174784,0.09714137382521582,Zr
qmof-8917e9f,U,8.1473,8.039112291450264,0.10818770854973536,O
qmof-8917e9f,U,8.0486,8.039129115972251,0.009470884027749094,O
qmof-8917e9f,U,8.0624,8.03908279826431,0.023317201735689963,O
qmof-8917e9f,U,8.1636,8.039582171526487,0.12401782847351406,O
qmof-8917e9f,U,8.2474,8.039227415420438,0.20817258457956278,O
qmof-8917e9f,U,8.1692,8.039408865544022,0.1297911344559779,O
qmof-8917e9f,U,8.2448,8.0390284369602,0.20577156303980004,O
qmof-8917e9f,U,8.0494,8.039046501536596,0.010353498463404165,O
qmof-8917e9f,U,8.0579,8.039059907530211,0.018840092469789127,O
qmof-8917e9f,U,8.0687,8.03915532468977,0.029544675310230417,O
qmof-8917e9f,U,8.1783,8.039177176459363,0.139122823540637,O
qmof-8917e9f,U,8.173,8.039153850030472,0.13384614996952848,O
qmof-8917e9f,U,8.147,8.039237168280792,0.10776283171920831,O
qmof-8917e9f,U,8.175,8.03907689962712,0.13592310037288158,O
qmof-8917e9f,U,8.1585,8.03926810261106,0.11923189738893925,O
qmof-8917e9f,U,8.1469,8.039637169615295,0.10726283038470541,O
qmof-8917e9f,U,8.2625,8.03940393884137,0.22309606115863012,O
qmof-8917e9f,U,8.1236,8.039969738801911,0.08363026119808836,O
qmof-8917e9f,U,8.2509,8.039177008884442,0.2117229911155576,O
qmof-8917e9f,U,8.1658,8.03932893230709,0.12647106769291128,O
qmof-8917e9f,U,8.1521,8.039381115137239,0.11271888486276183,O
qmof-8917e9f,U,8.1703,8.039194503706112,0.13110549629388757,O
qmof-8917e9f,U,8.1513,8.039092886274506,0.11220711372549452,O
qmof-8917e9f,U,8.1534,8.023841155458038,0.1295588445419611,O
qmof-8917e9f,U,7.7163,8.023937075342356,-0.30763707534235607,O
qmof-8917e9f,U,7.703,8.023862839652711,-0.3208628396527109,O
qmof-8917e9f,U,7.7618,8.02386689496578,-0.2620668949657796,O
qmof-8917e9f,U,7.7593,8.02127015400246,-0.2619701540024604,O
qmof-8917e9f,U,8.256,8.021339161354597,0.23466083864540366,O
qmof-8917e9f,U,8.2717,8.021269550732747,0.25043044926725244,O
qmof-8917e9f,U,8.2892,8.0212784657185,0.26792153428149845,O
qmof-8917e9f,U,8.2853,8.073493068071654,0.21180693192834532,O
qmof-9433b10,U,4.5276,4.207143383195522,0.3204566168044778,Mo
qmof-9433b10,U,4.5276,4.133544344186561,0.39405565581343893,Mo
qmof-9433b10,U,5.4848,5.563212143013489,-0.0784121430134892,N
qmof-9433b10,U,5.4848,5.559827531805386,-0.0750275318053859,N
qmof-9433b10,U,7.8704,8.006204939042311,-0.13580493904231083,O
qmof-9433b10,U,7.8704,8.01631339337823,-0.14591339337822973,O
qmof-9433b10,U,7.1778,8.015247080646054,-0.8374470806460534,O
qmof-9433b10,U,7.1778,8.028019574033241,-0.8502195740332406,O
qmof-9433b10,U,8.3127,8.01069262892008,0.30200737107992026,O
qmof-9433b10,U,8.3127,8.035604115466155,0.2770958845338445,O
qmof-a66ef72,U,3.245,3.2722870873347674,-0.027287087334767257,Zr
qmof-a66ef72,U,3.2417,3.272450741001828,-0.030750741001828175,Zr
qmof-a66ef72,U,3.2555,3.2723101791587705,-0.016810179158770477,Zr
qmof-a66ef72,U,3.2579,3.2724686380033052,-0.014568638003305434,Zr
qmof-a66ef72,U,3.2563,3.2724508750617645,-0.01615087506176449,Zr
qmof-a66ef72,U,3.2567,3.1720797316528344,0.08462026834716552,Zr
qmof-a66ef72,U,8.135,8.059652618438912,0.07534738156108745,O
qmof-a66ef72,U,8.1093,8.059571579207507,0.0497284207924924,O
qmof-a66ef72,U,8.1097,8.059256002117797,0.05044399788220311,O
qmof-a66ef72,U,8.1274,8.05994470152481,0.06745529847519016,O
qmof-a66ef72,U,8.1454,8.059351184672467,0.08604881532753339,O
qmof-a66ef72,U,8.1334,8.059654662852939,0.07374533714706111,O
qmof-a66ef72,U,8.1723,8.06009997644586,0.1122000235541396,O
qmof-a66ef72,U,8.0908,8.05953410945535,0.03126589054464901,O
qmof-a66ef72,U,8.0704,8.05958612471058,0.010813875289420238,O
qmof-a66ef72,U,8.1248,8.05934049339256,0.06545950660744104,O
qmof-a66ef72,U,8.1004,8.059435709462212,0.04096429053778827,O
qmof-a66ef72,U,8.1194,8.059588169124606,0.05981183087539499,O
qmof-a66ef72,U,8.0463,8.05939834025501,-0.013098340255009333,O
qmof-a66ef72,U,8.0821,8.05939867540485,0.022701324595150396,O
qmof-a66ef72,U,8.079,8.05979234240737,0.019207657592630767,O
qmof-a66ef72,U,8.0311,8.05940092090878,-0.028300920908780114,O
qmof-a66ef72,U,8.174,8.059480317905969,0.11451968209403063,O
qmof-a66ef72,U,8.0044,8.05950954297205,-0.0551095429720494,O
qmof-a66ef72,U,8.1693,8.059458198016504,0.10984180198349591,O
qmof-a66ef72,U,8.0666,8.059635726886956,0.006964273113043262,O
qmof-a66ef72,U,8.0832,8.05963120236411,0.023568797635888927,O
qmof-a66ef72,U,8.088,8.05966471734815,0.028335282651848814,O
qmof-a66ef72,U,8.0428,8.05972829527287,-0.016928295272871097,O
qmof-a66ef72,U,8.0554,8.044115775653227,0.011284224346773897,O
qmof-a66ef72,U,7.7108,8.044047136965915,-0.3332471369659151,O
qmof-a66ef72,U,7.7189,8.044028033425013,-0.3251280334250133,O
qmof-a66ef72,U,7.7624,8.043980710267551,-0.2815807102675505,O
qmof-a66ef72,U,7.7123,8.041433906630449,-0.3291339066304486,O
qmof-a66ef72,U,8.2965,8.041511862483322,0.25498813751667804,O
qmof-a66ef72,U,8.2725,8.041451870661893,0.2310481293381077,O
qmof-a66ef72,U,8.2783,8.04138386875928,0.23691613124072042,O
qmof-a66ef72,U,8.2852,8.069289919129213,0.21591008087078656,O
qmof-a66ef72,U,8.7513,8.06934441449326,0.6819555855067403,O
qmof-a66ef72,U,8.7401,8.069969133795741,0.6701308662042589,O
qmof-a66ef72,U,8.7573,8.069597050442944,0.6877029495570568,O
qmof-a66ef72,U,8.2971,8.0691578700921,0.22794212990790008,O
qmof-a66ef72,U,8.3556,8.069208042023206,0.28639195797679484,O
qmof-a66ef72,U,8.7805,8.0695196643448,0.7109803356552007,O
qmof-a66ef72,U,8.648,8.068935028963228,0.5790649710367717,O
qmof-a66ef72,U,8.6011,8.068700491104924,0.532399508895077,O
qmof-a66ef72,U,8.5865,8.068981815880946,0.5175181841190533,O
qmof-a66ef72,U,8.4803,8.094247522293326,0.3860524777066736,O
qmof-a74574d,U,3.2253,3.2379940714682327,-0.01269407146823287,Zr
qmof-a74574d,U,3.2246,3.238412807678813,-0.013812807678812877,Zr
qmof-a74574d,U,3.2623,3.238422627569136,0.023877372430864074,Zr
qmof-a74574d,U,3.264,3.2383938381978474,0.02560616180215236,Zr
qmof-a74574d,U,3.2707,3.2376409911113857,0.03305900888861446,Zr
qmof-a74574d,U,3.2118,3.1378885678227952,0.07391143217720497,Zr
qmof-a74574d,U,8.0373,8.025170209397574,0.012129790602426027,O
qmof-a74574d,U,8.0404,8.026053094622107,0.014346905377893293,O
qmof-a74574d,U,8.1174,8.02604002377833,0.09135997622166947,O
qmof-a74574d,U,8.1214,8.025707387561747,0.09569261243825267,O
qmof-a74574d,U,8.1281,8.026255659185637,0.10184434081436322,O
qmof-a74574d,U,8.1011,8.02570973361063,0.07539026638937152,O
qmof-a74574d,U,8.1313,8.026273891336954,0.10502610866304529,O
qmof-a74574d,U,8.0981,8.026307071171152,0.0717929288288488,O
qmof-a74574d,U,8.1096,8.025170980242207,0.08442901975779371,O
qmof-a74574d,U,8.0651,8.025180096317866,0.03991990368213294,O
qmof-a74574d,U,8.0644,8.026312433568599,0.03808756643140043,O
qmof-a74574d,U,8.1089,8.02549413171831,0.08340586828169094,O
qmof-a74574d,U,8.0113,8.025477106106417,-0.014177106106416204,O
qmof-a74574d,U,8.0112,8.025059777525167,-0.013859777525166095,O
qmof-a74574d,U,7.9968,8.025055521122194,-0.028255521122193983,O
qmof-a74574d,U,7.9966,8.025376226004461,-0.02877622600446106,O
qmof-a74574d,U,8.1168,8.02503400450244,0.0917659954975587,O
qmof-a74574d,U,8.2122,8.025393553251208,0.18680644674879154,O
qmof-a74574d,U,8.1174,8.025026128481192,0.0923738715188076,O
qmof-a74574d,U,8.213,8.02555770964303,0.18744229035696947,O
qmof-a74574d,U,8.2498,8.025806960579326,0.22399303942067483,O
qmof-a74574d,U,7.9778,8.025816646409714,-0.048016646409713815,O
qmof-a74574d,U,7.9785,8.025555229534211,-0.047055229534210596,O
qmof-a74574d,U,8.2477,8.009829831448325,0.23787016855167487,O
qmof-a74574d,U,7.7589,8.009833182946728,-0.25093318294672873,O
qmof-a74574d,U,7.7589,8.010111759494059,-0.2512117594940593,O
qmof-a74574d,U,7.7402,8.010078479114908,-0.26987847911490803,O
qmof-a74574d,U,7.7386,8.007291875767008,-0.2686918757670078,O
qmof-a74574d,U,8.3035,8.007274447975309,0.2962255520246906,O
qmof-a74574d,U,8.3027,8.007313090751905,0.2953869092480943,O
qmof-a74574d,U,8.3264,8.007299483668385,0.3191005163316145,O
qmof-a74574d,U,8.3275,8.030278730839676,0.29722126916032465,O
qmof-a74574d,U,7.2334,8.031259044122809,-0.7978590441228093,O
qmof-a74574d,U,8.0313,8.030806826443174,0.0004931735568263207,O
qmof-a74574d,U,8.2997,8.030800793746048,0.2688992062539519,O
qmof-a74574d,U,8.2991,8.030279769804181,0.2688202301958178,O
qmof-a74574d,U,7.2302,8.031207632137294,-0.8010076321372939,O
qmof-a74574d,U,8.0333,8.030386246908472,0.002913753091528193,O
qmof-a74574d,U,8.1261,8.031406443022611,0.09469355697738813,O
qmof-a74574d,U,8.4593,8.031410263730791,0.42788973626920956,O
qmof-a74574d,U,8.4625,8.030376996772878,0.4321230032271224,O
qmof-a74574d,U,8.1221,8.030176208503502,0.0919237914964981,O
qmof-a74574d,U,7.2612,8.030956336786971,-0.7697563367869718,O
qmof-a74574d,U,8.0466,8.030231206592308,0.016368793407691484,O
qmof-a74574d,U,7.2584,8.03094105395425,-0.7725410539542494,O
qmof-a74574d,U,8.0501,8.028737946478463,0.021362053521537305,O
qmof-a74574d,U,7.5003,8.028481020610823,-0.5281810206108224,O
qmof-a74574d,U,8.7472,8.02671856814518,0.7204814318548198,O
qmof-a74574d,U,7.4954,8.028460375380655,-0.5330603753806553,O
qmof-a74574d,U,8.7514,8.026723762967706,0.7246762370322948,O
qmof-a962785,U,3.2677,3.295070705365024,-0.02737070536502406,Zr
qmof-a962785,U,3.2668,3.2950455691269944,-0.028245569126994496,Zr
qmof-a962785,U,3.2459,3.2950501271648243,-0.049150127164824475,Zr
qmof-a962785,U,3.2711,3.2950882672166593,-0.023988267216659143,Zr
qmof-a962785,U,3.2552,3.2951044214389658,-0.03990442143896589,Zr
qmof-a962785,U,3.2535,3.194189363354072,0.05931063664592795,Zr
qmof-a962785,U,8.1051,8.081952615249488,0.023147384750512146,O
qmof-a962785,U,8.2512,8.081951241135144,0.1692487588648568,O
qmof-a962785,U,8.249,8.080994589430743,0.16800541056925766,O
qmof-a962785,U,8.0577,8.081462559152875,-0.02376255915287473,O
qmof-a962785,U,8.0676,8.081471507653614,-0.013871507653613335,O
qmof-a962785,U,7.9977,8.081490678224483,-0.08379067822448327,O
qmof-a962785,U,8.0052,8.081650544698348,-0.07645054469834811,O
qmof-a962785,U,8.1163,8.064192891147435,0.05210710885256553,O
qmof-a962785,U,8.2273,8.064168224119184,0.1631317758808155,O
qmof-a962785,U,8.2344,8.067133294757088,0.16726670524291265,O
qmof-a962785,U,7.7656,8.066588609236492,-0.30098860923649173,O
qmof-a962785,U,7.6884,8.081090978524838,-0.39269097852483803,O
qmof-a962785,U,8.0719,8.081744621258544,-0.00984462125854435,O
qmof-a962785,U,8.2026,8.081971584730455,0.12062841526954493,O
qmof-a962785,U,8.2257,8.081607511458841,0.1440924885411583,O
qmof-a962785,U,8.0938,8.081806188284224,0.011993811715775848,O
qmof-a962785,U,8.1907,8.081348440632222,0.10935155936777718,O
qmof-a962785,U,8.0763,8.081363958069833,-0.005063958069833063,O
qmof-a962785,U,8.0915,8.081718412541026,0.009781587458974172,O
qmof-a962785,U,8.1967,8.081645048240965,0.1150549517590349,O
qmof-a962785,U,8.0961,8.081148054542656,0.014951945457344351,O
qmof-a962785,U,7.9908,8.081402064606685,-0.09060206460668496,O
qmof-a962785,U,8.0121,8.081352998670052,-0.06925299867005208,O
qmof-a962785,U,8.0211,8.081070936564382,-0.05997093656438146,O
qmof-a962785,U,8.0213,8.081482668143298,-0.0601826681432982,O
qmof-a962785,U,8.0884,8.081536962417442,0.006863037582558462,O
qmof-a962785,U,8.0902,8.081193132196187,0.009006867803812213,O
qmof-a962785,U,8.0039,8.064160281067966,-0.06026028106796666,O
qmof-a962785,U,8.2483,8.064202442917887,0.18409755708211328,O
qmof-a962785,U,8.2396,8.066571382534695,0.17302861746530418,O
qmof-a962785,U,7.7142,8.066586363732561,-0.3523863637325615,O
qmof-a962785,U,7.6843,8.106950268819528,-0.4226502688195275,O
qmof-adb1dab,U,3.2396,3.2518648119138778,-0.01226481191387796,Zr
qmof-adb1dab,U,3.2395,3.251797916005737,-0.01229791600573682,Zr
qmof-adb1dab,U,3.2432,3.2517799519742905,-0.008579951974290623,Zr
qmof-adb1dab,U,3.2425,3.2519161568694255,-0.009416156869425318,Zr
qmof-adb1dab,U,3.2362,3.2518895124571134,-0.015689512457113253,Zr
qmof-adb1dab,U,3.2349,3.1511817445485004,0.08371825545149969,Zr
qmof-adb1dab,U,8.0097,8.038423536807258,-0.028723536807257588,O
qmof-adb1dab,U,8.0098,8.038403025637026,-0.028603025637025326,O
qmof-adb1dab,U,8.0115,8.038433624817452,-0.02693362481745254,O
qmof-adb1dab,U,8.0106,8.038292660794585,-0.027692660794585322,O
qmof-adb1dab,U,8.1267,8.038409292939042,0.08829070706095798,O
qmof-adb1dab,U,8.0158,8.0383186684222,-0.022518668422199184,O
qmof-adb1dab,U,8.1271,8.038407382584952,0.08869261741504886,O
qmof-adb1dab,U,8.0159,8.03846288339852,-0.022562883398519418,O
qmof-adb1dab,U,8.012,8.038471496749416,-0.026471496749415735,O
qmof-adb1dab,U,8.01,8.038460202199795,-0.028460202199795503,O
qmof-adb1dab,U,8.011,8.038433122092693,-0.02743312209269355,O
qmof-adb1dab,U,8.0124,8.03881324904166,-0.02641324904165998,O
qmof-adb1dab,U,8.1697,8.03883084440828,0.1308691555917214,O
qmof-adb1dab,U,8.17,8.038869688274781,0.13113031172521872,O
qmof-adb1dab,U,8.1657,8.038884434867757,0.12681556513224201,O
qmof-adb1dab,U,8.1662,8.038800111167916,0.12739988883208397,O
qmof-adb1dab,U,8.1182,8.038951699440723,0.07924830055927679,O
qmof-adb1dab,U,8.1624,8.038812880376835,0.12358711962316526,O
qmof-adb1dab,U,8.1177,8.03897375230022,0.07872624769977854,O
qmof-adb1dab,U,8.1629,8.038875117702196,0.12402488229780495,O
qmof-adb1dab,U,8.0971,8.038919022331285,0.05818097766871411,O
qmof-adb1dab,U,8.1467,8.03890079017997,0.10779920982002977,O
qmof-adb1dab,U,8.1469,8.038855679011453,0.10804432098854733,O
qmof-adb1dab,U,8.1456,8.023624995604962,0.12197500439503806,O
qmof-adb1dab,U,7.7583,8.023618225578186,-0.2653182255781861,O
qmof-adb1dab,U,7.7586,8.023597814952906,-0.2649978149529053,O
qmof-adb1dab,U,7.7265,8.023631396966913,-0.29713139696691293,O
qmof-adb1dab,U,7.7258,8.020897076994114,-0.29509707699411436,O
qmof-adb1dab,U,8.2913,8.020907969363927,0.27039203063607253,O
qmof-adb1dab,U,8.2913,8.020884776994972,0.2704152230050276,O
qmof-adb1dab,U,8.2869,8.020872108331005,0.266027891668994,O
qmof-adb1dab,U,8.2856,8.073567483130194,0.2120325168698063,O
qmof-b0402ac,U,8.1524,9.807176292242186,-1.654776292242186,Fe
qmof-b0402ac,U,8.1514,9.807055068544917,-1.6556550685449167,Fe
qmof-b0402ac,U,8.1472,9.792304520799766,-1.6451045207997659,Fe
qmof-b0402ac,U,5.6786,5.593821520537807,0.08477847946219352,N
qmof-b0402ac,U,5.6793,5.593799266588405,0.08550073341159425,N
qmof-b0402ac,U,5.6787,5.5938009758525915,0.08489902414740857,N
qmof-b0402ac,U,5.6841,5.593822593017297,0.09027740698270303,N
qmof-b0402ac,U,5.6841,5.593801746697224,0.09029825330277585,N
qmof-b0402ac,U,5.684,5.589711678590092,0.09428832140990817,N
qmof-b0402ac,U,5.2384,5.589712516464692,-0.3513125164646915,N
qmof-b0402ac,U,5.2393,5.589736278588376,-0.35043627858837567,N
qmof-b0402ac,U,5.2394,5.589712382404755,-0.3503123824047556,N
qmof-b0402ac,U,5.5231,5.5897122818598035,-0.06661228185980317,N
qmof-b0402ac,U,5.5232,5.5897334968446994,-0.06653349684469934,N
qmof-b0402ac,U,5.5237,5.585312535300153,-0.06161253530015287,N
qmof-b0402ac,U,5.1251,5.585301642930341,-0.4602016429303415,N
qmof-b0402ac,U,5.1251,5.58528056200538,-0.46018056200538027,N
qmof-b0402ac,U,5.1237,5.5853113622757125,-0.4616113622757121,N
qmof-b0402ac,U,5.4634,5.585302011595164,-0.12190201159516434,N
qmof-b0402ac,U,5.4633,5.585279187891034,-0.1219791878910339,N
qmof-b0402ac,U,5.4633,5.592970072368303,-0.1296700723683024,N
qmof-b0402ac,U,5.756,5.5929878353098434,0.16301216469015678,N
qmof-b0402ac,U,5.756,5.592958275093922,0.16304172490607804,N
qmof-b0402ac,U,5.7541,5.592972183812298,0.1611278161877019,N
qmof-b0402ac,U,5.614,5.5929841486616,0.021015851338400005,N
qmof-b0402ac,U,5.614,5.592957470734305,0.02104252926569483,N
qmof-b0402ac,U,5.6134,5.593894046963268,0.01950595303673275,N
qmof-b0402ac,U,5.8088,5.593835999010912,0.21496400098908808,N
qmof-b0402ac,U,5.8093,5.593887645601315,0.21541235439868522,N
qmof-b0402ac,U,5.8106,5.59389217012416,0.21670782987583959,N
qmof-b0402ac,U,5.6156,5.59383358593206,0.021766414067939444,N
qmof-b0402ac,U,5.616,5.593888584020869,0.02211141597913091,N
qmof-b0402ac,U,5.6163,5.603257295629083,0.013042704370916702,N
qmof-b193d49,U,2.5943,2.772642800087082,-0.17834280008708214,Hf
qmof-b193d49,U,2.593,2.772580127066929,-0.17958012706692905,Hf
qmof-b193d49,U,2.5917,2.772620780742569,-0.18092078074256923,Hf
qmof-b193d49,U,2.5937,2.772810877732036,-0.17911087773203604,Hf
qmof-b193d49,U,2.8344,2.772790701711644,0.06160929828835604,Hf
qmof-b193d49,U,2.8366,2.6817078674642225,0.15489213253577727,Hf
qmof-b193d49,U,8.1364,7.955047256216561,0.1813527437834388,O
qmof-b193d49,U,7.9563,7.953341611648863,0.0029583883511365983,O
qmof-b193d49,U,8.1458,7.95503180580892,0.1907681941910795,O
qmof-b193d49,U,7.9513,7.95437890040486,-0.003078900404860363,O
qmof-b193d49,U,8.202,7.954624598752849,0.24737540124715096,O
qmof-b193d49,U,7.9464,7.954365930106038,-0.007965930106037966,O
qmof-b193d49,U,8.1919,7.954680099566417,0.23721990043358332,O
qmof-b193d49,U,7.9253,7.941867991468095,-0.0165679914680954,O
qmof-b193d49,U,7.7446,7.941159149555677,-0.19655914955567688,O
qmof-b193d49,U,7.3968,7.953318586854827,-0.5565185868548275,O
qmof-b193d49,U,8.1407,7.955036296816781,0.18566370318322,O
qmof-b193d49,U,7.9516,7.953334942167039,-0.0017349421670393994,O
qmof-b193d49,U,8.137,7.955003586192358,0.1819964138076422,O
qmof-b193d49,U,7.9544,7.9543876813306795,1.2318669320166009e-05,O
qmof-b193d49,U,8.197,7.954658415371744,0.24234158462825484,O
qmof-b193d49,U,7.923,7.9543743088520475,-0.031374308852047506,O
qmof-b193d49,U,8.2114,7.954619973685052,0.25678002631494756,O
qmof-b193d49,U,7.9433,7.94847506839152,-0.0051750683915203766,O
qmof-b193d49,U,7.3933,7.9373409549990654,-0.5440409549990655,O
qmof-b193d49,U,7.746,7.937312266172729,-0.19131226617272823,O
qmof-b193d49,U,7.7559,7.941179057456196,-0.18527905745619666,O
qmof-b193d49,U,7.3927,7.941224537289537,-0.5485245372895378,O
qmof-b193d49,U,7.3969,7.9373108250284155,-0.5404108250284159,O
qmof-b193d49,U,7.7533,7.98800874029388,-0.2347087402938799,O
qmof-b2c9241,U,3.2255,3.27451647314062,-0.04901647314062041,Zr
qmof-b2c9241,U,3.2336,3.274643964139903,-0.04104396413990319,Zr
qmof-b2c9241,U,3.25,3.274599489756083,-0.02459948975608306,Zr
qmof-b2c9241,U,3.2467,3.274523712377171,-0.02782371237717074,Zr
qmof-b2c9241,U,3.2303,3.274475182680284,-0.044175182680283864,Zr
qmof-b2c9241,U,3.2305,3.173901374162872,0.05659862583712805,Zr
qmof-b2c9241,U,8.2469,8.061204264237533,0.1856957357624669,O
qmof-b2c9241,U,8.2344,8.061266870227717,0.17313312977228357,O
qmof-b2c9241,U,8.2328,8.061152718192082,0.17164728180791755,O
qmof-b2c9241,U,8.2469,8.061576045955475,0.1853239540445255,O
qmof-b2c9241,U,8.0969,8.061109014652894,0.035790985347105675,O
qmof-b2c9241,U,8.2523,8.061680612705675,0.19061938729432448,O
qmof-b2c9241,U,8.0392,8.061114242990405,-0.02191424299040534,O
qmof-b2c9241,U,8.2466,8.061094100484997,0.18550589951500385,O
qmof-b2c9241,U,8.2452,8.061081934545792,0.18411806545420895,O
qmof-b2c9241,U,8.2431,8.06112523590517,0.18197476409483038,O
qmof-b2c9241,U,8.2437,8.061137301299423,0.18256269870057729,O
qmof-b2c9241,U,8.2428,8.061870944300031,0.18092905569996987,O
qmof-b2c9241,U,8.1122,8.061841551659029,0.050358448340970696,O
qmof-b2c9241,U,8.1101,8.06183608871663,0.048263911283369154,O
qmof-b2c9241,U,8.0995,8.061851840759129,0.03764815924087195,O
qmof-b2c9241,U,8.1085,8.061770365832931,0.04672963416706821,O
qmof-b2c9241,U,8.0754,8.061773717331334,0.013626282668665723,O
qmof-b2c9241,U,8.1072,8.0614078007356,0.045792199264401034,O
qmof-b2c9241,U,8.0102,8.061745095534965,-0.05154509553496567,O
qmof-b2c9241,U,8.1053,8.061799021144283,0.043500978855716355,O
qmof-b2c9241,U,8.103,8.06180180288796,0.04119819711204009,O
qmof-b2c9241,U,8.1042,8.061739766652503,0.04246023334749793,O
qmof-b2c9241,U,8.1003,8.061711211886102,0.03858878811389843,O
qmof-b2c9241,U,8.097,8.046529460356307,0.05047053964369219,O
qmof-b2c9241,U,7.7539,8.046513976433681,-0.2926139764336817,O
qmof-b2c9241,U,7.7463,8.046454755456885,-0.3001547554568855,O
qmof-b2c9241,U,7.7431,8.046478551095554,-0.30337855109555356,O
qmof-b2c9241,U,7.7445,8.043894344736264,-0.2993943447362639,O
qmof-b2c9241,U,8.3183,8.043950783969384,0.27434921603061646,O
qmof-b2c9241,U,8.3275,8.043907717214895,0.28359228278510606,O
qmof-b2c9241,U,8.3091,8.043909962718825,0.26519003728117596,O
qmof-b2c9241,U,8.3107,8.067771056150143,0.24292894384985786,O
qmof-bb971ba,U,9.1821,9.574511382759182,-0.39241138275918175,Ag
qmof-bb971ba,U,9.1822,9.555387263656913,-0.3731872636569129,Ag
qmof-bb971ba,U,5.477,5.356882344595393,0.1201176554046075,N
qmof-bb971ba,U,5.477,5.356811225799262,0.12018877420073792,N
qmof-bb971ba,U,5.4585,5.356815951412013,0.10168404858798663,N
qmof-bb971ba,U,5.4585,5.427586057648233,0.030913942351767254,N
qmof-c0b261d,U,3.247,3.2976951373575023,-0.05069513735750242,Zr
qmof-c0b261d,U,3.247,3.297691048529451,-0.050691048529451166,Zr
qmof-c0b261d,U,3.247,3.2976907468945935,-0.05069074689459363,Zr
qmof-c0b261d,U,3.247,3.2976895738701533,-0.05068957387015338,Zr
qmof-c0b261d,U,3.2471,3.297687495941142,-0.05058749594114209,Zr
qmof-c0b261d,U,3.2471,3.1972420833275823,0.04985791667241779,Zr
qmof-c0b261d,U,8.1611,8.084494834986122,0.07660516501387704,O
qmof-c0b261d,U,8.1611,8.084494298746376,0.07660570125362298,O
qmof-c0b261d,U,8.161,8.084493293296855,0.07650670670314419,O
qmof-c0b261d,U,8.161,8.084495773405674,0.07650422659432543,O
qmof-c0b261d,U,8.161,8.084495840435643,0.0765041595643563,O
qmof-c0b261d,U,8.161,8.08449208675743,0.076507913242569,O
qmof-c0b261d,U,8.161,8.084495873950628,0.07650412604937173,O
qmof-c0b261d,U,8.161,8.084494801471138,0.07650519852886184,O
qmof-c0b261d,U,8.161,8.084494164686442,0.07650583531355792,O
qmof-c0b261d,U,8.161,8.084496544250309,0.07650345574969108,O
qmof-c0b261d,U,8.161,8.084494499836282,0.0765055001637176,O
qmof-c0b261d,U,8.161,8.084493863051584,0.07650613694841546,O
qmof-c0b261d,U,8.161,8.08449366196168,0.0765063380383193,O
qmof-c0b261d,U,8.161,8.084493360326825,0.07650663967317506,O
qmof-c0b261d,U,8.1611,8.084495538800786,0.0766044611992136,O
qmof-c0b261d,U,8.161,8.084495371225866,0.07650462877413311,O
qmof-c0b261d,U,8.161,8.084497583214812,0.07650241678518732,O
qmof-c0b261d,U,8.161,8.084496041525547,0.07650395847445246,O
qmof-c0b261d,U,8.161,8.084494633896217,0.07650536610378289,O
qmof-c0b261d,U,8.161,8.084497415639893,0.0765025843601066,O
qmof-c0b261d,U,8.161,8.08449456686625,0.07650543313375024,O
qmof-c0b261d,U,8.161,8.084494097656473,0.07650590234352705,O
qmof-c0b261d,U,8.161,8.084493360326825,0.07650663967317506,O
qmof-c0b261d,U,8.161,8.069610461909702,0.09138953809029715,O
qmof-c0b261d,U,7.7235,8.069607244471236,-0.3461072444712361,O
qmof-c0b261d,U,7.7235,8.069607579621076,-0.3461075796210764,O
qmof-c0b261d,U,7.7235,8.069610830574527,-0.34611083057452774,O
qmof-c0b261d,U,7.7235,8.066850033764338,-0.34335003376433804,O
qmof-c0b261d,U,8.2735,8.066847955835327,0.20665204416467375,O
qmof-c0b261d,U,8.2735,8.066849832674434,0.20665016732556651,O
qmof-c0b261d,U,8.2735,8.06685170951354,0.20664829048646105,O
qmof-c0b261d,U,8.2735,8.11945806851512,0.15404193148487977,O
qmof-c5ff6a1,U,2.5999,2.7718235404878335,-0.17192354048783365,Hf
qmof-c5ff6a1,U,2.6542,2.7720325734432834,-0.11783257344328346,Hf
qmof-c5ff6a1,U,2.6458,2.7715754625759796,-0.1257754625759797,Hf
qmof-c5ff6a1,U,2.626,2.771365859865801,-0.1453658598658012,Hf
qmof-c5ff6a1,U,2.824,2.7715175821985447,0.05248241780145513,Hf
qmof-c5ff6a1,U,2.8357,2.681283716011805,0.15441628398819507,Hf
qmof-c5ff6a1,U,7.9814,7.952945780357959,0.028454219642040535,O
qmof-c5ff6a1,U,7.8851,7.953084498876896,-0.0679844988768954,O
qmof-c5ff6a1,U,8.1101,7.953267490689747,0.15683250931025228,O
qmof-c5ff6a1,U,7.9177,7.952069028375506,-0.03436902837550626,O
qmof-c5ff6a1,U,8.1896,7.953318735100343,0.23628126489965773,O
qmof-c5ff6a1,U,7.9552,7.953078734299641,0.002121265700358421,O
qmof-c5ff6a1,U,8.114,7.952730513615478,0.16126948638452276,O
qmof-c5ff6a1,U,7.872,7.941131145214598,-0.06913114521459818,O
qmof-c5ff6a1,U,7.7899,7.939895782902932,-0.14999578290293147,O
qmof-c5ff6a1,U,7.4094,7.9523497833968,-0.5429497833968,O
qmof-c5ff6a1,U,8.0023,7.953339212755591,0.04896078724440933,O
qmof-c5ff6a1,U,7.921,7.951358778833757,-0.03035877883375715,O
qmof-c5ff6a1,U,8.1998,7.953833156590353,0.24596684340964714,O
qmof-c5ff6a1,U,7.9781,7.951804628666425,0.026295371333575623,O
qmof-c5ff6a1,U,8.1426,7.953633910010243,0.18896608998975672,O
qmof-c5ff6a1,U,7.9507,7.952128517472175,-0.0014285174721750948,O
qmof-c5ff6a1,U,8.1044,7.953278550634479,0.15112144936552063,O
qmof-c5ff6a1,U,7.9211,7.9460141108141205,-0.024914110814120427,O
qmof-c5ff6a1,U,7.5724,7.94181810184244,-0.36941810184243984,O
qmof-c5ff6a1,U,7.5599,7.947229297105396,-0.38732929710539654,O
qmof-c5ff6a1,U,7.3573,7.936008513964216,-0.5787085139642159,O
qmof-c5ff6a1,U,7.6348,7.935875727597455,-0.30107572759745516,O
qmof-c5ff6a1,U,7.6569,7.939560465487624,-0.28266046548762347,O
qmof-c5ff6a1,U,7.3837,7.940240249908882,-0.5565402499088821,O
qmof-c5ff6a1,U,7.3885,7.93656452754942,-0.5480645275494203,O
qmof-c5ff6a1,U,7.7821,7.9866152014431275,-0.20451520144312774,O
qmof-c6e68a4,U,9.2824,9.636819116724437,-0.3544191167244364,Ag
qmof-c6e68a4,U,9.2784,9.636814022446863,-0.3584140224468637,Ag
qmof-c6e68a4,U,9.2741,9.636820926533575,-0.3627209265335747,Ag
qmof-c6e68a4,U,9.2824,9.63681864751466,-0.35441864751465957,Ag
qmof-c6e68a4,U,9.2782,9.636815966315938,-0.35861596631593784,Ag
qmof-c6e68a4,U,9.2742,9.619747053064891,-0.345547053064891,Ag
qmof-c6e68a4,U,5.4686,5.421211970517735,0.04738802948226528,N
qmof-c6e68a4,U,5.4687,5.421224773241638,0.0474752267583618,N
qmof-c6e68a4,U,5.4683,5.42124387678254,0.04705612321745978,N
qmof-c6e68a4,U,5.4686,5.42121150130796,0.047388498692040315,N
qmof-c6e68a4,U,5.4687,5.421222226102852,0.04747777389714791,N
qmof-c6e68a4,U,5.4683,5.420829966729663,0.047470033270337275,N
qmof-c6e68a4,U,5.4842,5.420846053922002,0.06335394607799838,N
qmof-c6e68a4,U,5.4845,5.4208483664559,0.06365163354409997,N
qmof-c6e68a4,U,5.4847,5.420832078173657,0.06386792182634338,N
qmof-c6e68a4,U,5.4842,5.420847964276092,0.06335203572390835,N
qmof-c6e68a4,U,5.4844,5.4208476626412345,0.06355233735876542,N
qmof-c6e68a4,U,5.4847,5.43068216549762,0.05401783450238007,N
qmof-ce9191f,U,3.2581,3.2572375689237827,0.0008624310762175291,Zr
qmof-ce9191f,U,3.2195,3.2574549135952733,-0.037954913595273254,Zr
qmof-ce9191f,U,3.2406,3.2575891075913646,-0.016989107591364405,Zr
qmof-ce9191f,U,3.2622,3.2574330618256795,0.004766938174320501,Zr
qmof-ce9191f,U,3.2391,3.2574364133240845,-0.018336413324084422,Zr
qmof-ce9191f,U,3.2398,3.157163301243468,0.08263669875653168,Zr
qmof-ce9191f,U,8.1107,8.04391252378181,0.06678747621818992,O
qmof-ce9191f,U,8.2549,8.043957199255532,0.21094280074446736,O
qmof-ce9191f,U,8.2588,8.044559195398836,0.21424080460116457,O
qmof-ce9191f,U,8.1252,8.04477972399381,0.08042027600618873,O
qmof-ce9191f,U,8.2087,8.044549978778225,0.1641500212217757,O
qmof-ce9191f,U,8.112,8.045117722607841,0.06688227739215868,O
qmof-ce9191f,U,8.2498,8.044059218866947,0.20574078113305383,O
qmof-ce9191f,U,8.2676,8.044063944479696,0.2235360555203041,O
qmof-ce9191f,U,8.2403,8.044019201976004,0.19628079802399512,O
qmof-ce9191f,U,8.2676,8.044477888047558,0.22312211195244203,O
qmof-ce9191f,U,8.1145,8.044504800579741,0.06999519942025856,O
qmof-ce9191f,U,8.1147,8.04469275261023,0.07000724738976949,O
qmof-ce9191f,U,8.1262,8.044492299490695,0.08170770050930543,O
qmof-ce9191f,U,8.1205,8.044303744190493,0.0761962558095064,O
qmof-ce9191f,U,8.1044,8.044672241439999,0.05972775856000112,O
qmof-ce9191f,U,8.1179,8.04509928936662,0.07280071063338056,O
qmof-ce9191f,U,8.253,8.044534729460487,0.20846527053951291,O
qmof-ce9191f,U,8.1095,8.044710984761547,0.06478901523845337,O
qmof-ce9191f,U,8.2231,8.044482244995484,0.1786177550045167,O
qmof-ce9191f,U,8.1067,8.044308168168387,0.06239183183161323,O
qmof-ce9191f,U,8.1061,8.044355457810864,0.06174454218913539,O
qmof-ce9191f,U,8.1143,8.044797587480303,0.06950241251969658,O
qmof-ce9191f,U,8.1314,8.044756933804665,0.08664306619533413,O
qmof-ce9191f,U,8.1329,8.029370941962139,0.10352905803786072,O
qmof-ce9191f,U,7.717,8.02928323324891,-0.31228323324890983,O
qmof-ce9191f,U,7.7335,8.02929171253987,-0.29579171253986924,O
qmof-ce9191f,U,7.8168,8.029325194008925,-0.21252519400892478,O
qmof-ce9191f,U,7.772,8.026788277292114,-0.2547882772921142,O
qmof-ce9191f,U,8.3149,8.02679803015247,0.28810196984752956,O
qmof-ce9191f,U,8.2688,8.026756002362484,0.24204399763751638,O
qmof-ce9191f,U,8.3141,8.026733346233275,0.28736665376672477,O
qmof-ce9191f,U,8.3057,8.050564946478639,0.2551350535213608,O
qmof-d740c56,U,8.1484,9.920293305700804,-1.7718933057008037,Fe
qmof-d740c56,U,8.1489,9.888672320440081,-1.739772320440082,Fe
qmof-d740c56,U,5.8063,5.7003448965815995,0.10595510341840075,N
qmof-d740c56,U,5.8068,5.700363195762884,0.10643680423711555,N
qmof-d740c56,U,5.8076,5.700301762797142,0.10729823720285747,N
qmof-d740c56,U,5.8057,5.699459866398088,0.10624013360191142,N
qmof-d740c56,U,5.6857,5.699458157133904,-0.01375815713390427,N
qmof-d740c56,U,5.6857,5.701262134664772,-0.015562134664771854,N
qmof-d740c56,U,5.8023,5.701281506325545,0.10101849367445492,N
qmof-d740c56,U,5.8024,5.7094710267353435,0.0929289732646561,N
qmof-d79a97c,U,3.2528,3.278219452990303,-0.025419452990302904,Zr
qmof-d79a97c,U,3.218,3.278310546716922,-0.06031054671692182,Zr
qmof-d79a97c,U,3.2378,3.2783689298191163,-0.040568929819116306,Zr
qmof-d79a97c,U,3.2545,3.2782881922225666,-0.02378819222256645,Zr
qmof-d79a97c,U,3.2379,3.2782843715143866,-0.040384371514386785,Zr
qmof-d79a97c,U,3.2394,3.1782014904831737,0.06119850951682615,Zr
qmof-d79a97c,U,8.1333,8.064950478416627,0.06834952158337337,O
qmof-d79a97c,U,8.2591,8.06501191138237,0.1940880886176295,O
qmof-d79a97c,U,8.2618,8.065432960126849,0.19636703987315052,O
qmof-d79a97c,U,8.1294,8.065209448698294,0.06419055130170648,O
qmof-d79a97c,U,8.1115,8.065432624977008,0.046067375022991186,O
qmof-d79a97c,U,8.1288,8.065699404249957,0.06310059575004345,O
qmof-d79a97c,U,8.0856,8.064916192587956,0.02068380741204301,O
qmof-d79a97c,U,8.2795,8.064906339182649,0.21459366081735176,O
qmof-d79a97c,U,8.2786,8.064932514385182,0.21366748561481863,O
qmof-d79a97c,U,8.2802,8.065387848958332,0.2148121510416683,O
qmof-d79a97c,U,8.1208,8.065341598280359,0.05545840171964045,O
qmof-d79a97c,U,8.1236,8.065600803166914,0.05799919683308552,O
qmof-d79a97c,U,8.1434,8.065286566676567,0.07811343332343235,O
qmof-d79a97c,U,8.1238,8.06526749665065,0.05853250334934934,O
qmof-d79a97c,U,8.1264,8.065570405076391,0.060829594923609065,O
qmof-d79a97c,U,8.1336,8.06580738952853,0.06779261047146967,O
qmof-d79a97c,U,8.1197,8.065489633964859,0.05421036603514118,O
qmof-d79a97c,U,8.1319,8.064854994227101,0.06704500577289885,O
qmof-d79a97c,U,7.9715,8.065360902911165,-0.09386090291116478,O
qmof-d79a97c,U,8.1218,8.065153110010126,0.05664688998987444,O
qmof-d79a97c,U,8.1093,8.065188836983111,0.044111163016888,O
qmof-d79a97c,U,8.1181,8.065587062023459,0.052512937976540996,O
qmof-d79a97c,U,8.136,8.065540476195645,0.07045952380435416,O
qmof-d79a97c,U,8.1383,8.050372398779338,0.08792760122066134,O
qmof-d79a97c,U,7.7281,8.050191417865529,-0.3220914178655283,O
qmof-d79a97c,U,7.747,8.050228150288035,-0.3032281502880352,O
qmof-d79a97c,U,7.7369,8.05027259115687,-0.31337259115687033,O
qmof-d79a97c,U,7.73,8.047646155917693,-0.31764615591769285,O
qmof-d79a97c,U,8.3275,8.047671593790579,0.27982840620942184,O
qmof-d79a97c,U,8.2857,8.04766763902246,0.23803236097753988,O
qmof-d79a97c,U,8.3051,8.04762778970644,0.25747221029356027,O
qmof-d79a97c,U,8.2948,8.071238358632067,0.2235616413679331,O
qmof-e2d2c46,U,10.7176,12.837048740203706,-2.1194487402037065,Cu
qmof-e2d2c46,U,10.7178,12.820665141346282,-2.1028651413462818,Cu
qmof-e2d2c46,U,5.6984,5.607489820957051,0.0909101790429494,N
qmof-e2d2c46,U,5.6985,5.607550248473272,0.09094975152672813,N
qmof-e2d2c46,U,5.6984,5.60748915065737,0.09091084934263005,N
qmof-e2d2c46,U,5.6985,5.60755088525797,0.09094911474203027,N
qmof-e2d2c46,U,5.6985,5.607489184172355,0.09101081582764525,N
qmof-e2d2c46,U,5.6985,5.6075535664566925,0.09094643354330767,N
qmof-e2d2c46,U,5.6984,5.607487877087976,0.090912122912024,N
qmof-e2d2c46,U,5.6985,5.659867004497775,0.03863299550222532,N
qmof-ecbc6ec,U,3.2585,3.2078961871862504,0.050603812813749816,Zr
qmof-ecbc6ec,U,3.2716,3.106825452000498,0.16477454799950175,Zr
qmof-ecbc6ec,U,8.1621,7.996197858824566,0.1659021411754349,O
qmof-ecbc6ec,U,8.1685,7.995959299168177,0.1725407008318225,O
qmof-ecbc6ec,U,8.1139,7.995522431351233,0.11837756864876603,O
qmof-ecbc6ec,U,8.0837,7.994309725168776,0.0893902748312243,O
qmof-ecbc6ec,U,8.1825,7.99616337190599,0.18633662809400953,O
qmof-ecbc6ec,U,8.1537,7.995954607070411,0.15774539292958956,O
qmof-ecbc6ec,U,8.0932,7.995579842518891,0.0976201574811082,O
qmof-ecbc6ec,U,8.0828,7.9852334988262665,0.09756650117373411,O
qmof-ecbc6ec,U,7.7336,7.988775328824493,-0.25517532882449334,O
qmof-ecbc6ec,U,7.4243,7.988544712219323,-0.564244712219323,O
qmof-ecbc6ec,U,7.3468,7.984967222278078,-0.6381672222780779,O
qmof-ecbc6ec,U,7.866,7.976744756638972,-0.11074475663897232,O
qmof-ecbc6ec,U,8.2308,7.981290695559,0.24950930444100017,O
qmof-ecbc6ec,U,7.7593,7.994943962726724,-0.2356439627267246,O
qmof-ecbc6ec,U,8.1221,7.996044728862492,0.12605527113750803,O
qmof-ecbc6ec,U,8.1296,7.994968194060185,0.13463180593981505,O
qmof-ecbc6ec,U,8.125,7.995907887182662,0.12909211281733768,O
qmof-ecbc6ec,U,8.1365,7.994878843112737,0.14162115688726296,O
qmof-ecbc6ec,U,8.1852,7.996037221506068,0.18916277849393204,O
qmof-ecbc6ec,U,8.1262,7.994908939568404,0.13129106043159666,O
qmof-ecbc6ec,U,8.1883,7.995906010343555,0.19239398965644483,O
qmof-ecbc6ec,U,8.1329,7.988669622564835,0.14423037743516431,O
qmof-ecbc6ec,U,7.3407,7.984993162875725,-0.6442931628757247,O
qmof-ecbc6ec,U,7.7862,7.985044239711399,-0.19884423971139942,O
qmof-ecbc6ec,U,7.7543,7.988570317667129,-0.23427031766712947,O
qmof-ecbc6ec,U,7.3779,7.9814767707503815,-0.6035767707503812,O
qmof-ecbc6ec,U,7.722,7.976907471886479,-0.25490747188647855,O
qmof-ecbc6ec,U,8.2324,7.977158733721819,0.25524126627818156,O
qmof-ecbc6ec,U,8.2743,7.980641409773217,0.29365859022678364,O
qmof-ecbc6ec,U,7.6792,7.980818838098719,-0.3016188380987188,O
qmof-ecbc6ec,U,7.6836,7.977132558519283,-0.29353255851928317,O
qmof-ecbc6ec,U,8.287,8.03070488639083,0.25629511360917157,O
qmof-f4dec33,U,3.2584,3.0522863032216847,0.20611369677831526,Zr
qmof-f4dec33,U,3.2663,2.9519836309251453,0.31431636907485494,Zr
qmof-f4dec33,U,8.1373,7.84092466638965,0.2963753336103494,O
qmof-f4dec33,U,8.1133,7.840507036173545,0.2727929638264559,O
qmof-f4dec33,U,8.1673,7.840650916000023,0.3266490839999765,O
qmof-f4dec33,U,8.0923,7.8395687841953805,0.2527312158046193,O
qmof-f4dec33,U,8.2087,7.840796907270496,0.36790309272950417,O
qmof-f4dec33,U,8.1092,7.840373545992119,0.26882645400788086,O
qmof-f4dec33,U,8.2516,7.840716974033564,0.4108830259664362,O
qmof-f4dec33,U,8.0933,7.82826109670059,0.26503890329940916,O
qmof-f4dec33,U,7.4243,7.834353685104036,-0.41005368510403617,O
qmof-f4dec33,U,7.4376,7.820939983042219,-0.3833399830422195,O
qmof-f4dec33,U,8.3507,7.8250866244424095,0.5256133755575902,O
qmof-f4dec33,U,7.8221,7.8391902324506635,-0.017090232450663656,O
qmof-f4dec33,U,8.1268,7.841033992267585,0.28576600773241445,O
qmof-f4dec33,U,8.1262,7.839346512821235,0.2868534871787656,O
qmof-f4dec33,U,8.123,7.840993975376643,0.28200602462335667,O
qmof-f4dec33,U,8.1212,7.840286138913745,0.2809138610862547,O
qmof-f4dec33,U,8.2676,7.840638113276119,0.42696188672388047,O
qmof-f4dec33,U,8.095,7.840424857432682,0.25457514256731884,O
qmof-f4dec33,U,8.265,7.840621121179213,0.4243788788207876,O
qmof-f4dec33,U,8.0893,7.834338167666425,0.2549618323335743,O
qmof-f4dec33,U,7.4339,7.828232709509109,-0.3943327095091087,O
qmof-f4dec33,U,7.4385,7.83432566657738,-0.3958256665773794,O
qmof-f4dec33,U,7.8123,7.820839471605087,-0.008539471605087279,O
qmof-f4dec33,U,8.3532,7.820816949535814,0.5323830504641851,O
qmof-f4dec33,U,8.3513,7.824732237001184,0.5265677629988161,O
qmof-f4dec33,U,7.8065,7.825198162309292,-0.018698162309291888,O
qmof-f4dec33,U,7.8142,7.82106130728444,-0.006861307284440343,O
qmof-f4dec33,U,8.3908,7.8751633729937005,0.5156366270063,O
qmof-fbac6ec,U,8.0746,9.91062484624619,-1.8360248462461897,Fe
qmof-fbac6ec,U,8.0692,9.890260337584648,-1.8210603375846475,Fe
qmof-fbac6ec,U,5.727,5.692141812774109,0.03485818722589151,N
qmof-fbac6ec,U,5.7517,5.691577219352993,0.06012278064700638,N
qmof-fbac6ec,U,5.7235,5.692497440269744,0.031002559730255896,N
qmof-fbac6ec,U,5.7739,5.692794550603248,0.08110544939675268,N
qmof-fbac6ec,U,5.7938,5.692708216004364,0.10109178399563579,N
qmof-fbac6ec,U,5.7873,5.692866775393851,0.09443322460614922,N
qmof-fbac6ec,U,5.7983,5.692597113832276,0.10570288616772405,N
qmof-fbac6ec,U,5.7808,5.682166614014729,0.09863338598527083,N
qmof-fc98c57,U,2.8512,2.8919717675086467,-0.04077176750864675,Hf
qmof-fc98c57,U,2.8514,2.8919937198231924,-0.04059371982319249,Hf
qmof-fc98c57,U,2.8489,2.8919867822214957,-0.043086782221495756,Hf
qmof-fc98c57,U,2.8513,2.891958529089951,-0.040658529089951045,Hf
qmof-fc98c57,U,2.8489,2.891966002931392,-0.04306600293139207,Hf
qmof-fc98c57,U,2.849,2.801688031025659,0.04731196897434131,Hf
qmof-fc98c57,U,7.9877,8.073349994826861,-0.08564999482686098,O
qmof-fc98c57,U,7.9475,8.073338398642383,-0.125838398642383,O
qmof-fc98c57,U,7.9478,8.073270128619896,-0.12547012861989604,O
qmof-fc98c57,U,7.9819,8.072796494865461,-0.09089649486546048,O
qmof-fc98c57,U,7.9087,8.072757047729247,-0.16405704772924778,O
qmof-fc98c57,U,7.8449,8.072754131925636,-0.22785413192563642,O
qmof-fc98c57,U,7.8445,8.072861815569352,-0.2283618155693521,O
qmof-fc98c57,U,7.9144,8.056083242625034,-0.1416832426250343,O
qmof-fc98c57,U,7.6084,8.056067255977647,-0.4476672559776471,O
qmof-fc98c57,U,7.6086,8.058221331031783,-0.4496213310317829,O
qmof-fc98c57,U,7.2929,8.058128628585932,-0.7652286285859313,O
qmof-fc98c57,U,7.2967,8.073323752594359,-0.7766237525943582,O
qmof-fc98c57,U,7.9812,8.073293622623707,-0.09209362262370657,O
qmof-fc98c57,U,7.9458,8.073348989377338,-0.12754898937733827,O
qmof-fc98c57,U,7.9476,8.073340878751202,-0.1257408787512011,O
qmof-fc98c57,U,7.9877,8.073299320170994,-0.08559932017099392,O
qmof-fc98c57,U,7.9455,8.073292382569297,-0.12779238256929748,O
qmof-fc98c57,U,7.9816,8.073353748505072,-0.0917537485050719,O
qmof-fc98c57,U,7.9875,8.073317217172471,-0.0858172171724716,O
qmof-fc98c57,U,7.9451,8.072874685323223,-0.12777468532322267,O
qmof-fc98c57,U,7.9151,8.072685593783277,-0.15758559378327686,O
qmof-fc98c57,U,7.8478,8.072773201951554,-0.22497320195155357,O
qmof-fc98c57,U,7.8445,8.07280296325738,-0.22830296325738075,O
qmof-fc98c57,U,7.9087,8.072715690238944,-0.16401569023894425,O
qmof-fc98c57,U,7.8483,8.07286453028306,-0.22456453028305923,O
qmof-fc98c57,U,7.9142,8.0728308477241,-0.1586308477241003,O
qmof-fc98c57,U,7.9089,8.072691559450435,-0.1637915594504351,O
qmof-fc98c57,U,7.8472,8.05604694589732,-0.2088469458973199,O
qmof-fc98c57,U,7.6084,8.056068965241833,-0.4476689652418333,O
qmof-fc98c57,U,7.6089,8.058130639484974,-0.44923063948497344,O
qmof-fc98c57,U,7.2977,8.058140962100058,-0.7604409621000583,O
qmof-fc98c57,U,7.2973,8.105849709454093,-0.808549709454093,O
qmof-fd5026b,U,4.3258,4.272832550876369,0.05296744912363138,Sc
qmof-fd5026b,U,4.3208,4.272864792291014,0.04793520770898585,Sc
qmof-fd5026b,U,4.3232,4.272896229346041,0.05030377065395886,Sc
qmof-fd5026b,U,4.3258,4.272830808097198,0.05296919190280214,Sc
qmof-fd5026b,U,4.3212,4.272854033981138,0.04834596601886254,Sc
qmof-fd5026b,U,4.3238,4.272903870762403,0.05089612923759734,Sc
qmof-fd5026b,U,4.3266,4.272827624173714,0.05377237582628602,Sc
qmof-fd5026b,U,4.3202,4.272852995016632,0.047347004983367746,Sc
qmof-fd5026b,U,4.3233,4.272912215993428,0.0503877840065714,Sc
qmof-fd5026b,U,4.3261,4.272847532074233,0.0532524679257671,Sc
qmof-fd5026b,U,4.3208,4.272864825805997,0.04793517419400306,Sc
qmof-fd5026b,U,4.3237,4.18869687009541,0.13500312990458951,Sc
qmof-fd5026b,U,7.8401,7.987188113548724,-0.1470881135487243,O
qmof-fd5026b,U,7.8375,7.987122826359817,-0.14962282635981694,O
qmof-fd5026b,U,7.8405,7.986877329101734,-0.1463773291017345,O
qmof-fd5026b,U,7.8428,7.986838317660313,-0.1440383176603124,O
qmof-fd5026b,U,7.8345,7.9871541963848784,-0.1526541963848782,O
qmof-fd5026b,U,7.8394,7.987164317910057,-0.14776431791005695,O
qmof-fd5026b,U,7.8339,7.986862146813964,-0.15296214681396414,O
qmof-fd5026b,U,7.8289,7.987059214920112,-0.1581592149201123,O
qmof-fd5026b,U,7.8421,7.986860169429907,-0.14476016942990633,O
qmof-fd5026b,U,7.8465,7.986828464255005,-0.14032846425500534,O
qmof-fd5026b,U,7.8427,7.987197397199303,-0.1444973971993031,O
qmof-fd5026b,U,7.8441,7.97289330255653,-0.12879330255653,O
qmof-fd5026b,U,7.3038,7.98685970022013,-0.68305970022013,O
qmof-fd5026b,U,7.8398,7.987214925535955,-0.14741492553595492,O
qmof-fd5026b,U,7.8369,7.987079759605328,-0.1501797596053276,O
qmof-fd5026b,U,7.8405,7.986894287683658,-0.14639428768365814,O
qmof-fd5026b,U,7.8437,7.986809896953847,-0.14310989695384713,O
qmof-fd5026b,U,7.8338,7.98712500483378,-0.1533250048337802,O
qmof-fd5026b,U,7.8388,7.987100907560256,-0.14830090756025616,O
qmof-fd5026b,U,7.8343,7.986832955262866,-0.15253295526286603,O
qmof-fd5026b,U,7.8294,7.987059214920112,-0.1576592149201126,O
qmof-fd5026b,U,7.8422,7.986826654445867,-0.14462665444586698,O
qmof-fd5026b,U,7.8468,7.986841635643733,-0.1400416356437333,O
qmof-fd5026b,U,7.8424,7.9871701160022965,-0.14477011600229694,O
qmof-fd5026b,U,7.8457,7.972975548327362,-0.1272755483273622,O
qmof-fd5026b,U,7.3038,7.98689472337845,-0.6830947233784501,O
qmof-fd5026b,U,7.8398,7.987197832894097,-0.14739783289409658,O
qmof-fd5026b,U,7.8364,7.987114112463967,-0.15071411246396682,O
qmof-fd5026b,U,7.8412,7.986934271059615,-0.14573427105961567,O
qmof-fd5026b,U,7.8433,7.986837781420569,-0.1435377814205685,O
qmof-fd5026b,U,7.8346,7.987158586847787,-0.15255858684778723,O
qmof-fd5026b,U,7.8385,7.987104024453771,-0.1486040244537712,O
qmof-fd5026b,U,7.8345,7.9868318827833775,-0.15233188278337728,O
qmof-fd5026b,U,7.8287,7.987085725272486,-0.15838572527248562,O
qmof-fd5026b,U,7.8419,7.986808656899438,-0.144908656899438,O
qmof-fd5026b,U,7.8471,7.986842004308556,-0.1397420043085562,O
qmof-fd5026b,U,7.8427,7.98716699910878,-0.14446699910878014,O
qmof-fd5026b,U,7.8451,7.972924605551622,-0.12782460555162167,O
qmof-fd5026b,U,7.3041,7.986913860434337,-0.6828138604343366,O
qmof-fd5026b,U,7.8394,7.987154967229511,-0.14775496722951065,O
qmof-fd5026b,U,7.8372,7.9870888756809855,-0.1498888756809853,O
qmof-fd5026b,U,7.8409,7.9868318827833775,-0.1459318827833771,O
qmof-fd5026b,U,7.8442,7.986830072974239,-0.14263007297423957,O
qmof-fd5026b,U,7.8343,7.987134355514327,-0.15283435551432678,O
qmof-fd5026b,U,7.8388,7.987148901017399,-0.14834890101739884,O
qmof-fd5026b,U,7.834,7.9868481710656205,-0.15284817106562087,O
qmof-fd5026b,U,7.8296,7.987032771597706,-0.15743277159770575,O
qmof-fd5026b,U,7.8424,7.986845121202073,-0.14444512120207342,O
qmof-fd5026b,U,7.847,7.986834999676892,-0.13983499967689195,O
qmof-fd5026b,U,7.8419,7.987185801014826,-0.14528580101482635,O
qmof-fd5026b,U,7.8443,7.97292034914865,-0.12862034914865017,O
qmof-fd5026b,U,7.3031,7.972956478301445,-0.6698564783014449,O
qmof-fd5026b,U,7.2927,7.972958120535662,-0.6802581205356617,O
qmof-fd5026b,U,7.293,7.972933587567345,-0.6799335875673451,O
qmof-fd5026b,U,7.3162,7.972927420810283,-0.6567274208102827,O
qmof-fd5026b,U,7.3159,7.972956210181572,-0.6570562101815716,O
qmof-fd5026b,U,7.3026,7.972971224894421,-0.6703712248944207,O
qmof-fd5026b,U,7.3025,7.972969415085283,-0.6704694150852823,O
qmof-fd5026b,U,7.3023,7.972938346695079,-0.6706383466950792,O
qmof-fd5026b,U,7.3018,8.022432772398696,-0.7206327723986963,O
